term_id,doc_id,chunk_id,term,reason
1,doc_4387,doc_4387_chunk_0001,Slurm,
2,doc_4387,doc_4387_chunk_0001,sacct,
3,doc_4387,doc_4387_chunk_0001,sstat,
4,doc_4387,doc_4387_chunk_0001,sreport,
5,doc_4387,doc_4387_chunk_0001,SlurmDBD,
6,doc_4387,doc_4387_chunk_0001,slurm.conf,
7,doc_4387,doc_4387_chunk_0001,AccountingStorageType,
8,doc_4387,doc_4387_chunk_0001,JobAcctGatherType,
9,doc_4387,doc_4387_chunk_0001,JobCompType,
10,doc_4387,doc_4387_chunk_0001,jobacct_gather/linux,
11,doc_4387,doc_4387_chunk_0002,JobCompType,
12,doc_4387,doc_4387_chunk_0002,sacct,
13,doc_4387,doc_4387_chunk_0002,sreport,
14,doc_4387,doc_4387_chunk_0002,sacctmgr,
15,doc_4387,doc_4387_chunk_0002,slurmctld,
16,doc_4387,doc_4387_chunk_0002,slurmDBD,
17,doc_4387,doc_4387_chunk_0002,SlurmDBD (Slurm Database Daemon),
18,doc_4387,doc_4387_chunk_0002,JobAcctGatherType,
19,doc_4387,doc_4387_chunk_0002,AccountingStorageType,
20,doc_4387,doc_4387_chunk_0002,JobCompLoc,
21,doc_4387,doc_4387_chunk_0003,SlurmDBD,
22,doc_4387,doc_4387_chunk_0003,Slurm,
23,doc_4387,doc_4387_chunk_0003,SlurmDBD daemon,
24,doc_4387,doc_4387_chunk_0003,C,
25,doc_4387,doc_4387_chunk_0003,multi-threaded,
26,doc_4387,doc_4387_chunk_0003,secure,
27,doc_4387,doc_4387_chunk_0003,fast,
28,doc_4387,doc_4387_chunk_0003,configuration,
29,doc_4387,doc_4387_chunk_0003,SlurmDBD plugin,
30,doc_4387,doc_4387_chunk_0003,MySQL plugin,
31,doc_4387,doc_4387_chunk_0003,sacctmgr,
32,doc_4387,doc_4387_chunk_0003,list cluster,
33,doc_4387,doc_4387_chunk_0004,SlurmDBD,
34,doc_4387,doc_4387_chunk_0004,user name,
35,doc_4387,doc_4387_chunk_0004,user ID,
36,doc_4387,doc_4387_chunk_0004,accounting,
37,doc_4387,doc_4387_chunk_0004,authentication,
38,doc_4387,doc_4387_chunk_0004,Slurmdbd.conf,
39,doc_4387,doc_4387_chunk_0004,MUNGE,
40,doc_4387,doc_4387_chunk_0004,slurm.conf,
41,doc_4387,doc_4387_chunk_0004,--key-file,
42,doc_4387,doc_4387_chunk_0004,--socket,
43,doc_4387,doc_4387_chunk_0004,local domain socket,
44,doc_4387,doc_4387_chunk_0005,MUNGE,
45,doc_4387,doc_4387_chunk_0005,passwd file,
46,doc_4387,doc_4387_chunk_0005,sacctmgr,
47,doc_4387,doc_4387_chunk_0005,LDAP server,
48,doc_4387,doc_4387_chunk_0005,slurmdbd,
49,doc_4387,doc_4387_chunk_0005,AccountingStorageBackupHost,
50,doc_4387,doc_4387_chunk_0005,DbdBackupHost,
51,doc_4387,doc_4387_chunk_0005,slurm.conf,
52,doc_4387,doc_4387_chunk_0005,slurmdbd.conf,
53,doc_4387,doc_4387_chunk_0005,backup host,
54,doc_4387,doc_4387_chunk_0005,primary instance,
55,doc_4387,doc_4387_chunk_0006,Slurm,
56,doc_4387,doc_4387_chunk_0006,jobcomp/mysql,
57,doc_4387,doc_4387_chunk_0006,jobcomp/filetxt,
58,doc_4387,doc_4387_chunk_0006,JobCompPort,
59,doc_4387,doc_4387_chunk_0006,JobCompType,
60,doc_4387,doc_4387_chunk_0006,JobCompUser,
61,doc_4387,doc_4387_chunk_0006,JobCompParams,
62,doc_4387,doc_4387_chunk_0006,SlurmDBD,
63,doc_4387,doc_4387_chunk_0006,accounting_storage/slurmdbd,
64,doc_4387,doc_4387_chunk_0006,AccountingStorageType,
65,doc_4387,doc_4387_chunk_0006,associations,
66,doc_4387,doc_4387_chunk_0007,Slurm,
67,doc_4387,doc_4387_chunk_0007,InnoDB,
68,doc_4387,doc_4387_chunk_0007,MySQL,
69,doc_4387,doc_4387_chunk_0007,mysql_config,
70,doc_4387,doc_4387_chunk_0007,--with-mysql_conf,
71,doc_4387,doc_4387_chunk_0007,slurm configure,
72,doc_4387,doc_4387_chunk_0007,slurmdbd,
73,doc_4387,doc_4387_chunk_0007,innodb_buffer_pool_size,
74,doc_4387,doc_4387_chunk_0007,available memory,
75,doc_4387,doc_4387_chunk_0007,at least 4 GiB,
76,doc_4387,doc_4387_chunk_0008,SLURM,
77,doc_4387,doc_4387_chunk_0008,MySQL,
78,doc_4387,doc_4387_chunk_0008,innodb_buffer_pool_size,
79,doc_4387,doc_4387_chunk_0008,4096M,
80,doc_4387,doc_4387_chunk_0008,1024M,
81,doc_4387,doc_4387_chunk_0008,max_allowed_packet,
82,doc_4387,doc_4387_chunk_0008,16M,
83,doc_4387,doc_4387_chunk_0008,innodb_log_file_size,
84,doc_4387,doc_4387_chunk_0009,Slurm,
85,doc_4387,doc_4387_chunk_0009,slurmdbd,
86,doc_4387,doc_4387_chunk_0009,slurmdbd.conf,
87,doc_4387,doc_4387_chunk_0009,db_name,
88,doc_4387,doc_4387_chunk_0009,MySQL,
89,doc_4387,doc_4387_chunk_0009,SHOW TABLE STATUS,
90,doc_4387,doc_4387_chunk_0009,innodb_default_row_format,
91,doc_4387,doc_4387_chunk_0009,dynamic,
92,doc_4387,doc_4387_chunk_0009,case-insensitive,
93,doc_4387,doc_4387_chunk_0009,collation,
94,doc_4387,doc_4387_chunk_0009,information_schema,
95,doc_4387,doc_4387_chunk_0010,SLURM,
96,doc_4387,doc_4387_chunk_0010,qos,
97,doc_4387,doc_4387_chunk_0010,Quality of Service,
98,doc_4387,doc_4387_chunk_0010,nojobs,
99,doc_4387,doc_4387_chunk_0010,nosteps,
100,doc_4387,doc_4387_chunk_0010,associations,
101,doc_4387,doc_4387_chunk_0010,limits,
102,doc_4387,doc_4387_chunk_0010,TRES-minutes,
103,doc_4387,doc_4387_chunk_0010,safe,
104,doc_4387,doc_4387_chunk_0010,wckeys,
105,doc_4387,doc_4387_chunk_0011,wckeys,
106,doc_4387,doc_4387_chunk_0011,Slurm,
107,doc_4387,doc_4387_chunk_0011,associations,
108,doc_4387,doc_4387_chunk_0011,TrackWCKey,
109,doc_4387,doc_4387_chunk_0011,cluster,
110,doc_4387,doc_4387_chunk_0011,account,
111,doc_4387,doc_4387_chunk_0011,user,
112,doc_4387,doc_4387_chunk_0011,partition,
113,doc_4387,doc_4387_chunk_0011,AccountingStorageEnforce,
114,doc_4387,doc_4387_chunk_0011,SlurmDBD,
115,doc_4387,doc_4387_chunk_0011,AccountingStorageExternalHost,
116,doc_4387,doc_4387_chunk_0011,host/ip,
117,doc_4387,doc_4387_chunk_0011,port,
118,doc_4387,doc_4387_chunk_0012,Slurm,
119,doc_4387,doc_4387_chunk_0012,SlurmDBD,
120,doc_4387,doc_4387_chunk_0012,Slurm-managed,
121,doc_4387,doc_4387_chunk_0012,AccountingStoragePort,
122,doc_4387,doc_4387_chunk_0012,AccountingStorageType,
123,doc_4387,doc_4387_chunk_0012,ClusterName,
124,doc_4387,doc_4387_chunk_0012,TrackWCKey,
125,doc_4387,doc_4387_chunk_0012,wckey,
126,doc_4387,doc_4387_chunk_0012,slurmdbd.conf,
127,doc_4387,doc_4387_chunk_0012,slurmdbd.conf(5),
128,doc_4387,doc_4387_chunk_0013,Slurm,
129,doc_4387,doc_4387_chunk_0013,SlurmDBD,
130,doc_4387,doc_4387_chunk_0013,MUNGE,
131,doc_4387,doc_4387_chunk_0013,AuthInfo,
132,doc_4387,doc_4387_chunk_0013,AuthType,
133,doc_4387,doc_4387_chunk_0013,localhost,
134,doc_4387,doc_4387_chunk_0013,lx0001,
135,doc_4387,doc_4387_chunk_0013,SLURMDBD_PORT,
136,doc_4387,doc_4387_chunk_0013,AccountingStoragePort,
137,doc_4387,doc_4387_chunk_0014,Slurm,
138,doc_4387,doc_4387_chunk_0014,slurmdbd,
139,doc_4387,doc_4387_chunk_0014,slurmctld,
140,doc_4387,doc_4387_chunk_0014,SlurmUser,
141,doc_4387,doc_4387_chunk_0014,root,
142,doc_4387,doc_4387_chunk_0014,configure,
143,doc_4387,doc_4387_chunk_0014,SlurmDatabaseDaemon,
144,doc_4387,doc_4387_chunk_0014,UID,
145,doc_4387,doc_4387_chunk_0014,security,
146,doc_4387,doc_4387_chunk_0014,AdminLevel,
147,doc_4387,doc_4387_chunk_0014,slurm_acct_db,
148,doc_4387,doc_4387_chunk_0014,StorageHost,
149,doc_4387,doc_4387_chunk_0014,database,
150,doc_4387,doc_4387_chunk_0015,Slurm,
151,doc_4387,doc_4387_chunk_0015,accounting_storage,
152,doc_4387,doc_4387_chunk_0015,MySQL,
153,doc_4387,doc_4387_chunk_0015,MariaDB,
154,doc_4387,doc_4387_chunk_0015,StorageLoc,
155,doc_4387,doc_4387_chunk_0015,StorageUser,
156,doc_4387,doc_4387_chunk_0015,GRANT,
157,doc_4387,doc_4387_chunk_0015,ALL,
158,doc_4387,doc_4387_chunk_0015,ON,
159,doc_4387,doc_4387_chunk_0015,.*,
160,doc_4387,doc_4387_chunk_0015,'StorageUser',
161,doc_4387,doc_4387_chunk_0015,'StorageHost',
162,doc_4387,doc_4387_chunk_0015,root,
163,doc_4387,doc_4387_chunk_0015,sbatch,
164,doc_4387,doc_4387_chunk_0016,MySQL,
165,doc_4387,doc_4387_chunk_0016,snowflake,
166,doc_4387,doc_4387_chunk_0016,5.0.51a-3ubuntu5.1,
167,doc_4387,doc_4387_chunk_0016,localhost,
168,doc_4387,doc_4387_chunk_0016,slurm,
169,doc_4387,doc_4387_chunk_0016,password,
170,doc_4387,doc_4387_chunk_0016,slurm_acct_db,
171,doc_4387,doc_4387_chunk_0016,system0,
172,doc_4387,doc_4387_chunk_0016,grant,
173,doc_4387,doc_4387_chunk_0016,all,
174,doc_4387,doc_4387_chunk_0016,on,
175,doc_4387,doc_4387_chunk_0017,Slurm,
176,doc_4387,doc_4387_chunk_0017,slurm_acct_db,
177,doc_4387,doc_4387_chunk_0017,system0,
178,doc_4387,doc_4387_chunk_0017,some_pass,
179,doc_4387,doc_4387_chunk_0017,mysql,
180,doc_4387,doc_4387_chunk_0017,InnoDB,
181,doc_4387,doc_4387_chunk_0017,create database,
182,doc_4387,doc_4387_chunk_0017,/usr/sbin/slurmdbd,
183,doc_4387,doc_4387_chunk_0017,/etc/init.d/slurmdbd,
184,doc_4387,doc_4387_chunk_0017,ps aux,
185,doc_4387,doc_4387_chunk_0018,SlurmDBD,
186,doc_4387,doc_4387_chunk_0018,-v,
187,doc_4387,doc_4387_chunk_0018,-D,
188,doc_4387,doc_4387_chunk_0018,SlurmDBD Archive,
189,doc_4387,doc_4387_chunk_0018,Purge,
190,doc_4387,doc_4387_chunk_0018,sacctmgr,
191,doc_4387,doc_4387_chunk_0018,slurmdbd.conf,
192,doc_4387,doc_4387_chunk_0018,Archive\$,
193,doc_4387,doc_4387_chunk_0018,Purge\$,
194,doc_4387,doc_4387_chunk_0018,PurgeJobsAfter,
195,doc_4387,doc_4387_chunk_0019,Slurm,
196,doc_4387,doc_4387_chunk_0019,mysqldump,
197,doc_4387,doc_4387_chunk_0019,<slurm_user>,
198,doc_4387,doc_4387_chunk_0019,<db_name>,
199,doc_4387,doc_4387_chunk_0019,<cluster>,
200,doc_4387,doc_4387_chunk_0019,slurm.sql,
201,doc_4387,doc_4387_chunk_0019,sacct,
202,doc_4387,doc_4387_chunk_0019,sacctmgr,
203,doc_4387,doc_4387_chunk_0019,sreport,
204,doc_4387,doc_4387_chunk_0019,SlurmDBD,
205,doc_4387,doc_4387_chunk_0019,running jobs,
206,doc_4387,doc_4387_chunk_0019,completed jobs,
207,doc_4387,doc_4387_chunk_0020,sreport,
208,doc_4387,doc_4387_chunk_0020,Grafana,
209,doc_4387,doc_4387_chunk_0020,InfluxDB,
210,doc_4387,doc_4387_chunk_0020,Prometheus,
211,doc_4387,doc_4387_chunk_0020,sacctmgr,
212,doc_4387,doc_4387_chunk_0020,Slurm,
213,doc_4387,doc_4387_chunk_0020,cluster,
214,doc_4387,doc_4387_chunk_0020,account,
215,doc_4387,doc_4387_chunk_0020,user names,
216,doc_4387,doc_4387_chunk_0020,partition name,
217,doc_4387,doc_4387_chunk_0020,sacctmgr add cluster,
218,doc_4387,doc_4387_chunk_0020,snowflake,
219,doc_4387,doc_4387_chunk_0021,sacctmgr,
220,doc_4387,doc_4387_chunk_0021,science,
221,doc_4387,doc_4387_chunk_0021,chemistry,
222,doc_4387,doc_4387_chunk_0021,physics,
223,doc_4387,doc_4387_chunk_0021,sacctmgr add account,
224,doc_4387,doc_4387_chunk_0021,Description,
225,doc_4387,doc_4387_chunk_0021,Organization,
226,doc_4387,doc_4387_chunk_0021,sacctmgr add user,
227,doc_4387,doc_4387_chunk_0021,brian,
228,doc_4387,doc_4387_chunk_0021,DefaultAccount,
229,doc_4387,doc_4387_chunk_0021,Account=,
230,doc_4387,doc_4387_chunk_0021,sacctmgr add user Account,
231,doc_4387,doc_4387_chunk_0022,Slurm,
232,doc_4387,doc_4387_chunk_0022,SlurmDBD,
233,doc_4387,doc_4387_chunk_0022,slurmctld,
234,doc_4387,doc_4387_chunk_0022,sacctmgr,
235,doc_4387,doc_4387_chunk_0022,Account,
236,doc_4387,doc_4387_chunk_0022,AdminLevel,
237,doc_4387,doc_4387_chunk_0022,Operator,
238,doc_4387,doc_4387_chunk_0022,Cluster,
239,doc_4387,doc_4387_chunk_0022,DefaultAccount,
240,doc_4387,doc_4387_chunk_0022,DefaultWCKey,
241,doc_4387,doc_4387_chunk_0022,Name,
242,doc_4387,doc_4387_chunk_0022,NewName,
243,doc_4387,doc_4387_chunk_0022,Partition,
244,doc_4387,doc_4387_chunk_0022,Resource Limits,
245,doc_4387,doc_4387_chunk_0023,sacctmgr,
246,doc_4387,doc_4387_chunk_0023,modify,
247,doc_4387,doc_4387_chunk_0023,entity,
248,doc_4387,doc_4387_chunk_0023,options,
249,doc_4387,doc_4387_chunk_0023,user,
250,doc_4387,doc_4387_chunk_0023,default,
251,doc_4387,doc_4387_chunk_0023,set,
252,doc_4387,doc_4387_chunk_0023,where,
253,doc_4387,doc_4387_chunk_0023,remove,
254,doc_4387,doc_4387_chunk_0023,slurm,
255,doc_4387,doc_4387_chunk_0023,daemons,
256,doc_4387,doc_4387_chunk_0023,sacctmgr remove user,
257,doc_4387,doc_4387_chunk_0023,brian,
258,doc_4387,doc_4387_chunk_0023,account,
259,doc_4387,doc_4387_chunk_0024,Slurm,
260,doc_4387,doc_4387_chunk_0024,JobAcctGather,
261,doc_4387,doc_4387_chunk_0024,task,
262,doc_4387,doc_4387_chunk_0024,step,
263,doc_4387,doc_4387_chunk_0024,srun,
264,doc_4387,doc_4387_chunk_0024,-n,
265,doc_4387,doc_4387_chunk_0024,JobAcctGatherFrequency,
266,doc_4387,doc_4387_chunk_0024,slurm.conf,
267,doc_4387,doc_4387_chunk_0024,--acct-freq,
268,doc_4387,doc_4387_chunk_0024,TRES,
269,doc_4387,doc_4387_chunk_0024,cpu,
270,doc_4387,doc_4387_chunk_0024,memory,
271,doc_4387,doc_4387_chunk_0024,energy,
272,doc_4387,doc_4387_chunk_0025,Slurm,
273,doc_4387,doc_4387_chunk_0025,sacct,
274,doc_4387,doc_4387_chunk_0025,TresUsage*,
275,doc_4387,doc_4387_chunk_0025,memory,
276,doc_4387,doc_4387_chunk_0025,TresUsageInTot,
277,doc_4387,doc_4387_chunk_0025,TresUsageInAve,
278,doc_4387,doc_4387_chunk_0025,TresUsageInMax,
279,doc_4387,doc_4387_chunk_0025,MaxRSS,
280,doc_4387,doc_4387_chunk_0025,single task processes,
281,doc_4387,doc_4387_chunk_0025,profiling,
282,doc_4387,doc_4387_chunk_0025,HDF5,
283,doc_7ceb,doc_7ceb_chunk_0001,IBM Spectrum LSF,
284,doc_7ceb,doc_7ceb_chunk_0001,LSF,
285,doc_7ceb,doc_7ceb_chunk_0001,cluster,
286,doc_7ceb,doc_7ceb_chunk_0001,overview,
287,doc_7ceb,doc_7ceb_chunk_0001,LSF directories,
288,doc_7ceb,doc_7ceb_chunk_0001,configuration files,
289,doc_7ceb,doc_7ceb_chunk_0001,LSF daemons,
290,doc_7ceb,doc_7ceb_chunk_0001,cluster properties,
291,doc_7ceb,doc_7ceb_chunk_0001,LSF status,
292,doc_7ceb,doc_7ceb_chunk_0001,LSF jobs,
293,doc_7ceb,doc_7ceb_chunk_0001,job states,
294,doc_7ceb,doc_7ceb_chunk_0001,IBM,
295,doc_7ceb,doc_7ceb_chunk_0002,IBM Spectrum LSF,
296,doc_7ceb,doc_7ceb_chunk_0002,PEND,
297,doc_7ceb,doc_7ceb_chunk_0002,RUN,
298,doc_7ceb,doc_7ceb_chunk_0002,DONE,
299,doc_7ceb,doc_7ceb_chunk_0002,EXIT,
300,doc_7ceb,doc_7ceb_chunk_0002,PSUSP,
301,doc_7ceb,doc_7ceb_chunk_0002,USUSP,
302,doc_7ceb,doc_7ceb_chunk_0002,SSUSP,
303,doc_7ceb,doc_7ceb_chunk_0002,POST_DONE,
304,doc_7ceb,doc_7ceb_chunk_0002,POST_ERR,
305,doc_7ceb,doc_7ceb_chunk_0002,UNKWN,
306,doc_7ceb,doc_7ceb_chunk_0002,mbatchd,
307,doc_7ceb,doc_7ceb_chunk_0002,sbatchd,
308,doc_7ceb,doc_7ceb_chunk_0003,ZOMBI,
309,doc_7ceb,doc_7ceb_chunk_0003,UNKWN,
310,doc_7ceb,doc_7ceb_chunk_0003,bkill,
311,doc_7ceb,doc_7ceb_chunk_0003,LSF,
312,doc_7ceb,doc_7ceb_chunk_0003,mbatchd,
313,doc_7ceb,doc_7ceb_chunk_0003,sbatchd,
314,doc_7ceb,doc_7ceb_chunk_0003,requeued,
315,doc_7ceb,doc_7ceb_chunk_0003,execution host,
316,doc_7ceb,doc_7ceb_chunk_0003,lsb.params,
317,doc_7ceb,doc_7ceb_chunk_0003,REMOVE_HUNG_JOBS_FOR,
318,doc_7ceb,doc_7ceb_chunk_0003,bkill -r,
319,doc_7ceb,doc_7ceb_chunk_0004,LSF,
320,doc_7ceb,doc_7ceb_chunk_0004,bsub,
321,doc_7ceb,doc_7ceb_chunk_0004,job,
322,doc_7ceb,doc_7ceb_chunk_0004,command,
323,doc_7ceb,doc_7ceb_chunk_0004,Bourne shell script,
324,doc_7ceb,doc_7ceb_chunk_0004,batch file,
325,doc_7ceb,doc_7ceb_chunk_0004,Windows,
326,doc_7ceb,doc_7ceb_chunk_0004,UNIX,
327,doc_7ceb,doc_7ceb_chunk_0004,interactive batch job,
328,doc_7ceb,doc_7ceb_chunk_0004,terminal,
329,doc_7ceb,doc_7ceb_chunk_0004,job submission command,
330,doc_7ceb,doc_7ceb_chunk_0004,queue,
331,doc_7ceb,doc_7ceb_chunk_0004,job file,
332,doc_7ceb,doc_7ceb_chunk_0004,extensive calculations,
333,doc_7ceb,doc_7ceb_chunk_0005,LSF,
334,doc_7ceb,doc_7ceb_chunk_0005,interactive job,
335,doc_7ceb,doc_7ceb_chunk_0005,job,
336,doc_7ceb,doc_7ceb_chunk_0005,task,
337,doc_7ceb,doc_7ceb_chunk_0005,batch queue,
338,doc_7ceb,doc_7ceb_chunk_0005,SLF,
339,doc_7ceb,doc_7ceb_chunk_0005,single process,
340,doc_7ceb,doc_7ceb_chunk_0005,group of cooperating processes,
341,doc_7ceb,doc_7ceb_chunk_0005,local task,
342,doc_7ceb,doc_7ceb_chunk_0005,UNIX,
343,doc_7ceb,doc_7ceb_chunk_0005,ls command,
344,doc_7ceb,doc_7ceb_chunk_0005,remote task,
345,doc_7ceb,doc_7ceb_chunk_0005,host types,
346,doc_7ceb,doc_7ceb_chunk_0005,host models,
347,doc_7ceb,doc_7ceb_chunk_0006,LSF,
348,doc_7ceb,doc_7ceb_chunk_0006,host model,
349,doc_7ceb,doc_7ceb_chunk_0006,CPU speed scaling factor,
350,doc_7ceb,doc_7ceb_chunk_0006,resources,
351,doc_7ceb,doc_7ceb_chunk_0006,LSF resources,
352,doc_7ceb,doc_7ceb_chunk_0006,job requirements,
353,doc_7ceb,doc_7ceb_chunk_0006,individual hosts,
354,doc_7ceb,doc_7ceb_chunk_0006,resource usage,
355,doc_7ceb,doc_7ceb_chunk_0006,built-in resources,
356,doc_7ceb,doc_7ceb_chunk_0006,configured resources,
357,doc_7ceb,doc_7ceb_chunk_0006,Total CPU time,
358,doc_7ceb,doc_7ceb_chunk_0006,Total resident memory usage,
359,doc_7ceb,doc_7ceb_chunk_0007,SLF,
360,doc_7ceb,doc_7ceb_chunk_0007,Load indices,
361,doc_7ceb,doc_7ceb_chunk_0007,fixed time intervals,
362,doc_7ceb,doc_7ceb_chunk_0007,External Load Information Manager (ELIM),
363,doc_7ceb,doc_7ceb_chunk_0007,static resources,
364,doc_7ceb,doc_7ceb_chunk_0007,maximum RAM,
365,doc_7ceb,doc_7ceb_chunk_0007,number of processors,
366,doc_7ceb,doc_7ceb_chunk_0007,binary architecture,
367,doc_7ceb,doc_7ceb_chunk_0007,relative CPU speed,
368,doc_7ceb,doc_7ceb_chunk_0007,system configuration,
369,doc_7ceb,doc_7ceb_chunk_0007,loadSched load threshold,
370,doc_7ceb,doc_7ceb_chunk_0007,load condition,
371,doc_7ceb,doc_7ceb_chunk_0008,loadStop,
372,doc_7ceb,doc_7ceb_chunk_0008,thresholds,
373,doc_7ceb,doc_7ceb_chunk_0008,host,
374,doc_7ceb,doc_7ceb_chunk_0008,queue,
375,doc_7ceb,doc_7ceb_chunk_0008,load levels,
376,doc_7ceb,doc_7ceb_chunk_0008,load index,
377,doc_7ceb,doc_7ceb_chunk_0008,greater than (>),
378,doc_7ceb,doc_7ceb_chunk_0008,less than (<),
379,doc_7ceb,doc_7ceb_chunk_0008,runtime resource usage limits,
380,doc_7ceb,doc_7ceb_chunk_0008,hard limits,
381,doc_7ceb,doc_7ceb_chunk_0008,soft limits,
382,doc_7ceb,doc_7ceb_chunk_0008,resource allocation limits,
383,doc_7ceb,doc_7ceb_chunk_0008,resource requirements,
384,doc_7ceb,doc_7ceb_chunk_0009,LSF,
385,doc_7ceb,doc_7ceb_chunk_0009,job,
386,doc_7ceb,doc_7ceb_chunk_0009,candidate hosts,
387,doc_7ceb,doc_7ceb_chunk_0009,load index values,
388,doc_7ceb,doc_7ceb_chunk_0009,scheduling conditions,
389,doc_7ceb,doc_7ceb_chunk_0009,scheduling thresholds,
390,doc_7ceb,doc_7ceb_chunk_0009,cluster name,
391,doc_7ceb,doc_7ceb_chunk_0009,lsfinstall -f install.config,
392,doc_7ceb,doc_7ceb_chunk_0009,install.config file,
393,doc_7ceb,doc_7ceb_chunk_0009,LSF_CONFDIR,
394,doc_7ceb,doc_7ceb_chunk_0010,LSF,
395,doc_7ceb,doc_7ceb_chunk_0010,batch job,
396,doc_7ceb,doc_7ceb_chunk_0010,UNIX,
397,doc_7ceb,doc_7ceb_chunk_0010,Network File System (NFS),
398,doc_7ceb,doc_7ceb_chunk_0010,NFS file systems,
399,doc_7ceb,doc_7ceb_chunk_0010,Andrew File System (AFS),
400,doc_7ceb,doc_7ceb_chunk_0010,Distributed File System (DCE/DFS),
401,doc_7ceb,doc_7ceb_chunk_0010,Windows,
402,doc_7ceb,doc_7ceb_chunk_0010,shared file systems,
403,doc_7ceb,doc_7ceb_chunk_0010,automount command,
404,doc_7ceb,doc_7ceb_chunk_0011,LSF,
405,doc_7ceb,doc_7ceb_chunk_0011,SLF_CONFDIR,
406,doc_7ceb,doc_7ceb_chunk_0011,lsf.conf,
407,doc_7ceb,doc_7ceb_chunk_0011,lsf.cluster.cluster_name,
408,doc_7ceb,doc_7ceb_chunk_0011,lsf.shared,
409,doc_7ceb,doc_7ceb_chunk_0011,LSB_CONFDIR,
410,doc_7ceb,doc_7ceb_chunk_0011,lsb.queues,
411,doc_7ceb,doc_7ceb_chunk_0011,install.config,
412,doc_7ceb,doc_7ceb_chunk_0011,root,
413,doc_7ceb,doc_7ceb_chunk_0011,primary LSF administrator,
414,doc_7ceb,doc_7ceb_chunk_0011,cluster users,
415,doc_7ceb,doc_7ceb_chunk_0012,lsf.conf,
416,doc_7ceb,doc_7ceb_chunk_0012,LSF_ENVDIR,
417,doc_7ceb,doc_7ceb_chunk_0012,LSF,
418,doc_7ceb,doc_7ceb_chunk_0012,lsf.cluster.cluster_name,
419,doc_7ceb,doc_7ceb_chunk_0012,host names,
420,doc_7ceb,doc_7ceb_chunk_0012,models,
421,doc_7ceb,doc_7ceb_chunk_0012,types,
422,doc_7ceb,doc_7ceb_chunk_0012,users,
423,doc_7ceb,doc_7ceb_chunk_0012,shared resources,
424,doc_7ceb,doc_7ceb_chunk_0012,lsf.shared,
425,doc_7ceb,doc_7ceb_chunk_0012,keywords,
426,doc_7ceb,doc_7ceb_chunk_0012,lsb.queues,
427,doc_7ceb,doc_7ceb_chunk_0013,LSF,
428,doc_7ceb,doc_7ceb_chunk_0013,cluster1,
429,doc_7ceb,doc_7ceb_chunk_0013,/usr/share/lsf/cluster1,
430,doc_7ceb,doc_7ceb_chunk_0013,ego.conf,
431,doc_7ceb,doc_7ceb_chunk_0013,lsf.conf,
432,doc_7ceb,doc_7ceb_chunk_0013,lsf.shared,
433,doc_7ceb,doc_7ceb_chunk_0013,lsf.cluster.cluster1,
434,doc_7ceb,doc_7ceb_chunk_0013,lsbatch,
435,doc_7ceb,doc_7ceb_chunk_0013,lsb.us,
436,doc_7ceb,doc_7ceb_chunk_0013,lsb.applicatons,
437,doc_7ceb,doc_7ceb_chunk_0014,LSF,
438,doc_7ceb,doc_7ceb_chunk_0014,lsf.sudoers,
439,doc_7ceb,doc_7ceb_chunk_0014,lsadmin,
440,doc_7ceb,doc_7ceb_chunk_0014,badmin,
441,doc_7ceb,doc_7ceb_chunk_0014,lsadmin command,
442,doc_7ceb,doc_7ceb_chunk_0014,badmin command,
443,doc_7ceb,doc_7ceb_chunk_0014,lim daemons,
444,doc_7ceb,doc_7ceb_chunk_0014,res daemons,
445,doc_7ceb,doc_7ceb_chunk_0014,mbatchd daemons,
446,doc_7ceb,doc_7ceb_chunk_0014,sbatchd daemons,
447,doc_7ceb,doc_7ceb_chunk_0015,LSF,
448,doc_7ceb,doc_7ceb_chunk_0015,lsadmin,
449,doc_7ceb,doc_7ceb_chunk_0015,badmin,
450,doc_7ceb,doc_7ceb_chunk_0015,cshrc.lsf,
451,doc_7ceb,doc_7ceb_chunk_0015,profile.lsf,
452,doc_7ceb,doc_7ceb_chunk_0015,lsf.sudoers,
453,doc_7ceb,doc_7ceb_chunk_0015,/etc/lsf.sudoers,
454,doc_7ceb,doc_7ceb_chunk_0015,Troubleshooting LSF problems,
455,doc_7ceb,doc_7ceb_chunk_0015,Configure LSF Startup,
456,doc_7ceb,doc_7ceb_chunk_0016,lsadmin,
457,doc_7ceb,doc_7ceb_chunk_0016,badmin,
458,doc_7ceb,doc_7ceb_chunk_0016,bctrld,
459,doc_7ceb,doc_7ceb_chunk_0016,start,
460,doc_7ceb,doc_7ceb_chunk_0016,stop,
461,doc_7ceb,doc_7ceb_chunk_0016,lim,
462,doc_7ceb,doc_7ceb_chunk_0016,res,
463,doc_7ceb,doc_7ceb_chunk_0016,sbd,
464,doc_7ceb,doc_7ceb_chunk_0016,login,
465,doc_7ceb,doc_7ceb_chunk_0016,root,
466,doc_7ceb,doc_7ceb_chunk_0016,LSF,
467,doc_7ceb,doc_7ceb_chunk_0016,SLF server host,
468,doc_7ceb,doc_7ceb_chunk_0016,primary LSF administrator,
469,doc_7ceb,doc_7ceb_chunk_0016,LSF management host,
470,doc_7ceb,doc_7ceb_chunk_0017,LSF,
471,doc_7ceb,doc_7ceb_chunk_0017,root,
472,doc_7ceb,doc_7ceb_chunk_0017,lsadmin,
473,doc_7ceb,doc_7ceb_chunk_0017,reconfig,
474,doc_7ceb,doc_7ceb_chunk_0017,badmin,
475,doc_7ceb,doc_7ceb_chunk_0017,mbdrestart,
476,doc_7ceb,doc_7ceb_chunk_0017,lsadmin_reconfig,
477,doc_7ceb,doc_7ceb_chunk_0017,badmin_reconfig,
478,doc_7ceb,doc_7ceb_chunk_0017,lsid,
479,doc_7ceb,doc_7ceb_chunk_0017,lsload,
480,doc_7ceb,doc_7ceb_chunk_0017,LSF_LOGDIR,
481,doc_7ceb,doc_7ceb_chunk_0018,LSF,
482,doc_7ceb,doc_7ceb_chunk_0018,badmin,
483,doc_7ceb,doc_7ceb_chunk_0018,bhosts,
484,doc_7ceb,doc_7ceb_chunk_0018,bqueues,
485,doc_7ceb,doc_7ceb_chunk_0018,LSF Cluster Management and Operations,
486,doc_7ceb,doc_7ceb_chunk_0018,lsadmin,
487,doc_7ceb,doc_7ceb_chunk_0018,lsadmin ckconfig,
488,doc_7ceb,doc_7ceb_chunk_0018,-v,
489,doc_7ceb,doc_7ceb_chunk_0018,/opt/lsf/conf/lsf.conf,
490,doc_7ceb,doc_7ceb_chunk_0019,SLURM,
491,doc_7ceb,doc_7ceb_chunk_0019,IBM,
492,doc_7ceb,doc_7ceb_chunk_0019,Spectrum LSF,
493,doc_7ceb,doc_7ceb_chunk_0019,Standard Edition,
494,doc_7ceb,doc_7ceb_chunk_0019,initEntitlement,
495,doc_7ceb,doc_7ceb_chunk_0019,EGO_AUDIT_MAX_SIZE,
496,doc_7ceb,doc_7ceb_chunk_0020,SLURM,
497,doc_7ceb,doc_7ceb_chunk_0020,LSF,
498,doc_7ceb,doc_7ceb_chunk_0020,cluster1,
499,doc_7ceb,doc_7ceb_chunk_0020,hosta,
500,doc_7ceb,doc_7ceb_chunk_0020,hostc,
501,doc_7ceb,doc_7ceb_chunk_0020,hostf,
502,doc_7ceb,doc_7ceb_chunk_0020,hosth,
503,doc_7ceb,doc_7ceb_chunk_0020,hostv,
504,doc_7ceb,doc_7ceb_chunk_0020,lsload,
505,doc_7ceb,doc_7ceb_chunk_0020,HOST_NAME,
506,doc_7ceb,doc_7ceb_chunk_0021,LSF,
507,doc_7ceb,doc_7ceb_chunk_0021,badmin,
508,doc_7ceb,doc_7ceb_chunk_0021,ckconfig,
509,doc_7ceb,doc_7ceb_chunk_0021,bhosts,
510,doc_7ceb,doc_7ceb_chunk_0021,bqueues,
511,doc_7ceb,doc_7ceb_chunk_0021,bhosts command,
512,doc_7ceb,doc_7ceb_chunk_0021,bqueues command,
513,doc_7ceb,doc_7ceb_chunk_0021,HOST_NAME,
514,doc_7ceb,doc_7ceb_chunk_0021,STATUS,
515,doc_7ceb,doc_7ceb_chunk_0021,JL/U,
516,doc_7ceb,doc_7ceb_chunk_0021,MAX,
517,doc_7ceb,doc_7ceb_chunk_0021,NJOBS,
518,doc_7ceb,doc_7ceb_chunk_0021,RUN,
519,doc_7ceb,doc_7ceb_chunk_0022,SLURM,
520,doc_7ceb,doc_7ceb_chunk_0022,LSF,
521,doc_7ceb,doc_7ceb_chunk_0022,bqueues,
522,doc_7ceb,doc_7ceb_chunk_0022,bparams,
523,doc_7ceb,doc_7ceb_chunk_0022,bhist,
524,doc_7ceb,doc_7ceb_chunk_0022,queue,
525,doc_7ceb,doc_7ceb_chunk_0022,QUEUE_NAME,
526,doc_7ceb,doc_7ceb_chunk_0022,Prio,
527,doc_7ceb,doc_7ceb_chunk_0022,STATUS,
528,doc_7ceb,doc_7ceb_chunk_0022,MAX,
529,doc_7ceb,doc_7ceb_chunk_0022,JL/U,
530,doc_7ceb,doc_7ceb_chunk_0022,JL/P,
531,doc_7ceb,doc_7ceb_chunk_0022,JL/H,
532,doc_7ceb,doc_7ceb_chunk_0022,NJOBS,
533,doc_7ceb,doc_7ceb_chunk_0022,PEND,
534,doc_7ceb,doc_7ceb_chunk_0022,RUN,
535,doc_7ceb,doc_7ceb_chunk_0022,SUSP,
536,doc_7ceb,doc_7ceb_chunk_0023,bhist,
537,doc_7ceb,doc_7ceb_chunk_0023,bsub,
538,doc_7ceb,doc_7ceb_chunk_0023,lsrun,
539,doc_7ceb,doc_7ceb_chunk_0023,bjobs,
540,doc_7ceb,doc_7ceb_chunk_0023,bstop,
541,doc_7ceb,doc_7ceb_chunk_0023,bresume,
542,doc_7ceb,doc_7ceb_chunk_0023,bkill,
543,doc_7ceb,doc_7ceb_chunk_0023,LSF,
544,doc_7ceb,doc_7ceb_chunk_0023,batch scheduler,
545,doc_7ceb,doc_7ceb_chunk_0023,LSF queues,
546,doc_7ceb,doc_7ceb_chunk_0023,lim daemon,
547,doc_7ceb,doc_7ceb_chunk_0023,job ID,
548,doc_7ceb,doc_7ceb_chunk_0023,execution scripts,
549,doc_7ceb,doc_7ceb_chunk_0024,LSF,
550,doc_7ceb,doc_7ceb_chunk_0024,bsub,
551,doc_7ceb,doc_7ceb_chunk_0024,default queue,
552,doc_7ceb,doc_7ceb_chunk_0024,normal,
553,doc_7ceb,doc_7ceb_chunk_0024,unique job ID,
554,doc_7ceb,doc_7ceb_chunk_0024,queue,
555,doc_7ceb,doc_7ceb_chunk_0024,short,
556,doc_7ceb,doc_7ceb_chunk_0024,-q,
557,doc_7ceb,doc_7ceb_chunk_0024,job options,
558,doc_7ceb,doc_7ceb_chunk_0024,job command,
559,doc_7ceb,doc_7ceb_chunk_0024,sleep 60,
560,doc_7ceb,doc_7ceb_chunk_0024,job output,
561,doc_7ceb,doc_7ceb_chunk_0024,email,
562,doc_7ceb,doc_7ceb_chunk_0024,user account,
563,doc_7ceb,doc_7ceb_chunk_0024,-o,
564,doc_7ceb,doc_7ceb_chunk_0025,SLURM,
565,doc_7ceb,doc_7ceb_chunk_0025,LSF,
566,doc_7ceb,doc_7ceb_chunk_0025,job ID,
567,doc_7ceb,doc_7ceb_chunk_0025,%J,
568,doc_7ceb,doc_7ceb_chunk_0025,bsub,
569,doc_7ceb,doc_7ceb_chunk_0025,bjobs,
570,doc_7ceb,doc_7ceb_chunk_0025,-I,
571,doc_7ceb,doc_7ceb_chunk_0025,-Ip,
572,doc_7ceb,doc_7ceb_chunk_0025,-Is,
573,doc_7ceb,doc_7ceb_chunk_0025,interactive batch jobs,
574,doc_7ceb,doc_7ceb_chunk_0025,ls command,
575,doc_7ceb,doc_7ceb_chunk_0025,pseudo-terminal,
576,doc_7ceb,doc_7ceb_chunk_0025,shell mode support,
577,doc_7ceb,doc_7ceb_chunk_0025,JOBID,
578,doc_7ceb,doc_7ceb_chunk_0025,USER,
579,doc_7ceb,doc_7ceb_chunk_0025,STAT,
580,doc_7ceb,doc_7ceb_chunk_0025,QUEUE,
581,doc_7ceb,doc_7ceb_chunk_0026,bstop,
582,doc_7ceb,doc_7ceb_chunk_0026,bresume,
583,doc_7ceb,doc_7ceb_chunk_0026,bkill,
584,doc_7ceb,doc_7ceb_chunk_0026,job ID,
585,doc_7ceb,doc_7ceb_chunk_0026,LSF,
586,doc_7ceb,doc_7ceb_chunk_0026,USUSP,
587,doc_7ceb,doc_7ceb_chunk_0026,RUN,
588,doc_7ceb,doc_7ceb_chunk_0026,normal,
589,doc_7ceb,doc_7ceb_chunk_0026,hosta,
590,doc_7ceb,doc_7ceb_chunk_0026,hostb,
591,doc_7ceb,doc_7ceb_chunk_0026,sleep,
592,doc_7ceb,doc_7ceb_chunk_0026,submit_time,
593,doc_7ceb,doc_7ceb_chunk_0026,bjobs,
594,doc_7ceb,doc_7ceb_chunk_0026,lsrun,
595,doc_7ceb,doc_7ceb_chunk_0027,SLURM,
596,doc_7ceb,doc_7ceb_chunk_0027,LSF,
597,doc_7ceb,doc_7ceb_chunk_0027,job,
598,doc_7ceb,doc_7ceb_chunk_0027,lsrun,
599,doc_7ceb,doc_7ceb_chunk_0027,lsgrun,
600,doc_7ceb,doc_7ceb_chunk_0027,-v,
601,doc_7ceb,doc_7ceb_chunk_0027,-m,
602,doc_7ceb,doc_7ceb_chunk_0027,hosta,
603,doc_7ceb,doc_7ceb_chunk_0027,hostb,
604,doc_7ceb,doc_7ceb_chunk_0027,hostc,
605,doc_7ceb,doc_7ceb_chunk_0027,/usr/share/lsf/cluster1/conf/,
606,doc_7ceb,doc_7ceb_chunk_0028,bsub,
607,doc_7ceb,doc_7ceb_chunk_0028,-R,
608,doc_7ceb,doc_7ceb_chunk_0028,rusage,
609,doc_7ceb,doc_7ceb_chunk_0028,Manage software licenses,
610,doc_7ceb,doc_7ceb_chunk_0028,LSF,
611,doc_7ceb,doc_7ceb_chunk_0028,LSLIB,
612,doc_7ceb,doc_7ceb_chunk_0028,LSBLIB,
613,doc_7ceb,doc_7ceb_chunk_0028,wrapper binary,
614,doc_7ceb,doc_7ceb_chunk_0028,shell scripts,
615,doc_7ceb,doc_7ceb_chunk_0028,LSF API,
616,doc_7ceb,doc_7ceb_chunk_0028,modify application source code,
617,doc_7ceb,doc_7ceb_chunk_0028,cshrc.lsf,
618,doc_7ceb,doc_7ceb_chunk_0029,SLURM,
619,doc_7ceb,doc_7ceb_chunk_0029,LSB,
620,doc_7ceb,doc_7ceb_chunk_0029,lsb.queues,
621,doc_7ceb,doc_7ceb_chunk_0029,queue,
622,doc_7ceb,doc_7ceb_chunk_0029,deﬁnition,
623,doc_7ceb,doc_7ceb_chunk_0029,pending jobs,
624,doc_7ceb,doc_7ceb_chunk_0029,running jobs,
625,doc_7ceb,doc_7ceb_chunk_0029,cshrc.lsf,
626,doc_7ceb,doc_7ceb_chunk_0029,proﬁle.lsf,
627,doc_7ceb,doc_7ceb_chunk_0029,LSF_CONFDIR,
628,doc_7ceb,doc_7ceb_chunk_0029,csh,
629,doc_7ceb,doc_7ceb_chunk_0029,tcsh,
630,doc_7ceb,doc_7ceb_chunk_0029,sh,
631,doc_7ceb,doc_7ceb_chunk_0029,ksh,
632,doc_7ceb,doc_7ceb_chunk_0029,bash,
633,doc_7ceb,doc_7ceb_chunk_0029,source,
634,doc_7ceb,doc_7ceb_chunk_0029,LSF_TOP,
635,doc_7ceb,doc_7ceb_chunk_0030,LSF,
636,doc_7ceb,doc_7ceb_chunk_0030,IBM Passport Advantage,
637,doc_7ceb,doc_7ceb_chunk_0030,YouTube,
638,doc_7ceb,doc_7ceb_chunk_0030,IBM Education Assistant,
639,doc_7ceb,doc_7ceb_chunk_0030,lsf.cluster.cluster_name,
640,doc_7ceb,doc_7ceb_chunk_0030,add host,
641,doc_7ceb,doc_7ceb_chunk_0030,install LSF binary files,
642,doc_7ceb,doc_7ceb_chunk_0030,lsfinstall,
643,doc_7ceb,doc_7ceb_chunk_0030,distribution files,
644,doc_7ceb,doc_7ceb_chunk_0030,root,
645,doc_7ceb,doc_7ceb_chunk_0031,SLF,
646,doc_7ceb,doc_7ceb_chunk_0031,install.config,
647,doc_7ceb,doc_7ceb_chunk_0031,lsfinstall,
648,doc_7ceb,doc_7ceb_chunk_0031,UNIX,
649,doc_7ceb,doc_7ceb_chunk_0031,Linux,
650,doc_7ceb,doc_7ceb_chunk_0031,lsf.cluster.cluster_name,
651,doc_7ceb,doc_7ceb_chunk_0031,LSF management host,
652,doc_7ceb,doc_7ceb_chunk_0031,primary LSF administrator,
653,doc_7ceb,doc_7ceb_chunk_0031,LSF_CONFDIR,
654,doc_7ceb,doc_7ceb_chunk_0031,Host,
655,doc_7ceb,doc_7ceb_chunk_0031,name,
656,doc_7ceb,doc_7ceb_chunk_0031,model,
657,doc_7ceb,doc_7ceb_chunk_0032,LSF,
658,doc_7ceb,doc_7ceb_chunk_0032,SLF_CONFDIR,
659,doc_7ceb,doc_7ceb_chunk_0032,cluster_name,
660,doc_7ceb,doc_7ceb_chunk_0032,host,
661,doc_7ceb,doc_7ceb_chunk_0032,HOSTNAME,
662,doc_7ceb,doc_7ceb_chunk_0032,model type,
663,doc_7ceb,doc_7ceb_chunk_0032,server,
664,doc_7ceb,doc_7ceb_chunk_0032,r1m,
665,doc_7ceb,doc_7ceb_chunk_0032,mem,
666,doc_7ceb,doc_7ceb_chunk_0032,RESOURCES,
667,doc_7ceb,doc_7ceb_chunk_0032,REXPRI,
668,doc_7ceb,doc_7ceb_chunk_0032,hosta,
669,doc_7ceb,doc_7ceb_chunk_0032,SUNSOL,
670,doc_7ceb,doc_7ceb_chunk_0033,LIM,
671,doc_7ceb,doc_7ceb_chunk_0033,hosta,
672,doc_7ceb,doc_7ceb_chunk_0033,hostc,
673,doc_7ceb,doc_7ceb_chunk_0033,hostd,
674,doc_7ceb,doc_7ceb_chunk_0033,lsadmin,
675,doc_7ceb,doc_7ceb_chunk_0033,reconfig,
676,doc_7ceb,doc_7ceb_chunk_0033,mbatchd,
677,doc_7ceb,doc_7ceb_chunk_0033,badmin,
678,doc_7ceb,doc_7ceb_chunk_0033,y,
679,doc_7ceb,doc_7ceb_chunk_0033,n,
680,doc_7ceb,doc_7ceb_chunk_0033,reconfiguration,
681,doc_7ceb,doc_7ceb_chunk_0033,configuration,
682,doc_7ceb,doc_7ceb_chunk_0033,errors,
683,doc_7ceb,doc_7ceb_chunk_0034,SLURM,
684,doc_7ceb,doc_7ceb_chunk_0034,LSF,
685,doc_7ceb,doc_7ceb_chunk_0034,reconﬁguration,
686,doc_7ceb,doc_7ceb_chunk_0034,hostsetup,
687,doc_7ceb,doc_7ceb_chunk_0034,root,
688,doc_7ceb,doc_7ceb_chunk_0034,/usr/share/lsf/cluster1/10.1.0/install,
689,doc_7ceb,doc_7ceb_chunk_0034,./hostsetup,
690,doc_7ceb,doc_7ceb_chunk_0034,--top,
691,doc_7ceb,doc_7ceb_chunk_0034,--boot,
692,doc_7ceb,doc_7ceb_chunk_0034,bctrld,
693,doc_7ceb,doc_7ceb_chunk_0034,lim,
694,doc_7ceb,doc_7ceb_chunk_0034,res,
695,doc_7ceb,doc_7ceb_chunk_0034,sbd,
696,doc_7ceb,doc_7ceb_chunk_0034,bhosts,
697,doc_7ceb,doc_7ceb_chunk_0034,lshosts,
698,doc_7ceb,doc_7ceb_chunk_0035,SLF,
699,doc_7ceb,doc_7ceb_chunk_0035,IBM Spectrum LSF,
700,doc_7ceb,doc_7ceb_chunk_0035,cluster management,
701,doc_7ceb,doc_7ceb_chunk_0035,operations,
702,doc_7ceb,doc_7ceb_chunk_0035,host type,
703,doc_7ceb,doc_7ceb_chunk_0035,host model,
704,doc_7ceb,doc_7ceb_chunk_0035,lsf.cluster.cluster_name,
705,doc_7ceb,doc_7ceb_chunk_0035,badmin,
706,doc_7ceb,doc_7ceb_chunk_0035,hclose,
707,doc_7ceb,doc_7ceb_chunk_0035,root,
708,doc_7ceb,doc_7ceb_chunk_0035,LSF host,
709,doc_7ceb,doc_7ceb_chunk_0035,daemons,
710,doc_7ceb,doc_7ceb_chunk_0035,running jobs,
711,doc_7ceb,doc_7ceb_chunk_0036,LSF,
712,doc_7ceb,doc_7ceb_chunk_0036,SLF_CONFDIR,
713,doc_7ceb,doc_7ceb_chunk_0036,lsf.cluster.cluster_name,
714,doc_7ceb,doc_7ceb_chunk_0036,LSB_CONFDIR,
715,doc_7ceb,doc_7ceb_chunk_0036,lsb.hosts,
716,doc_7ceb,doc_7ceb_chunk_0036,lsb.queues,
717,doc_7ceb,doc_7ceb_chunk_0036,lsb.resources,
718,doc_7ceb,doc_7ceb_chunk_0036,lsadmin,
719,doc_7ceb,doc_7ceb_chunk_0036,reconfig,
720,doc_7ceb,doc_7ceb_chunk_0036,lsadmin reconfig,
721,doc_7ceb,doc_7ceb_chunk_0037,SLF,
722,doc_7ceb,doc_7ceb_chunk_0037,mbatchd,
723,doc_7ceb,doc_7ceb_chunk_0037,badmin mbdrestart,
724,doc_7ceb,doc_7ceb_chunk_0037,reconfiguration,
725,doc_7ceb,doc_7ceb_chunk_0037,y/n,
726,doc_7ceb,doc_7ceb_chunk_0037,LSF daemons,
727,doc_7ceb,doc_7ceb_chunk_0037,system startup files,
728,doc_7ceb,doc_7ceb_chunk_0037,dynamic host configuration,
729,doc_7ceb,doc_7ceb_chunk_0037,cluster,
730,doc_7ceb,doc_7ceb_chunk_0037,LSF configuration,
731,doc_7ceb,doc_7ceb_chunk_0037,IBM Platform LSF Cluster Management and Operations,
732,doc_7ceb,doc_7ceb_chunk_0038,SLF_ADMIN,
733,doc_7ceb,doc_7ceb_chunk_0038,troubleshooting_lsf,
734,doc_7ceb,doc_7ceb_chunk_0038,lsb.queues,
735,doc_7ceb,doc_7ceb_chunk_0038,queue,
736,doc_7ceb,doc_7ceb_chunk_0038,administrator,
737,doc_7ceb,doc_7ceb_chunk_0038,LSB_CONFDIR,
738,doc_7ceb,doc_7ceb_chunk_0038,cluster_name,
739,doc_7ceb,doc_7ceb_chunk_0038,conﬁgdir,
740,doc_7ceb,doc_7ceb_chunk_0038,badmin,
741,doc_7ceb,doc_7ceb_chunk_0038,ckconﬁg,
742,doc_7ceb,doc_7ceb_chunk_0038,reconﬁg,
743,doc_7ceb,doc_7ceb_chunk_0039,badmin,
744,doc_7ceb,doc_7ceb_chunk_0039,reconﬁg,
745,doc_7ceb,doc_7ceb_chunk_0039,lsb.queues,
746,doc_7ceb,doc_7ceb_chunk_0039,QUEUE_NAME,
747,doc_7ceb,doc_7ceb_chunk_0039,PRIORITY,
748,doc_7ceb,doc_7ceb_chunk_0039,STACKLIMIT,
749,doc_7ceb,doc_7ceb_chunk_0039,DESCRIPTION,
750,doc_7ceb,doc_7ceb_chunk_0039,QJOB_LIMIT,
751,doc_7ceb,doc_7ceb_chunk_0039,PJOB_LIMIT,
752,doc_7ceb,doc_7ceb_chunk_0039,ut,
753,doc_7ceb,doc_7ceb_chunk_0039,io,
754,doc_7ceb,doc_7ceb_chunk_0039,USERS,
755,doc_7ceb,doc_7ceb_chunk_0040,SLURM (implied from LSB mentioned),
756,doc_7ceb,doc_7ceb_chunk_0040,bqueues,
757,doc_7ceb,doc_7ceb_chunk_0040,USERS,
758,doc_7ceb,doc_7ceb_chunk_0040,HOSTS,
759,doc_7ceb,doc_7ceb_chunk_0040,NICE,
760,doc_7ceb,doc_7ceb_chunk_0040,End Queue,
761,doc_7ceb,doc_7ceb_chunk_0040,Removing a queue,
762,doc_7ceb,doc_7ceb_chunk_0040,lsb.queues,
763,doc_7ceb,doc_7ceb_chunk_0040,badmin,
764,doc_7ceb,doc_7ceb_chunk_0040,qclose,
765,doc_7ceb,doc_7ceb_chunk_0040,night (queue name),
766,doc_7ceb,doc_7ceb_chunk_0041,badmin,
767,doc_7ceb,doc_7ceb_chunk_0041,qclose,
768,doc_7ceb,doc_7ceb_chunk_0041,night,
769,doc_7ceb,doc_7ceb_chunk_0041,Queue,
770,doc_7ceb,doc_7ceb_chunk_0041,bswitch,
771,doc_7ceb,doc_7ceb_chunk_0041,-q,
772,doc_7ceb,doc_7ceb_chunk_0041,idle,
773,doc_7ceb,doc_7ceb_chunk_0041,bjobs,
774,doc_7ceb,doc_7ceb_chunk_0041,-u,
775,doc_7ceb,doc_7ceb_chunk_0041,-all,
776,doc_7ceb,doc_7ceb_chunk_0041,JOBID,
777,doc_7ceb,doc_7ceb_chunk_0041,USER,
778,doc_7ceb,doc_7ceb_chunk_0041,STAT,
779,doc_7ceb,doc_7ceb_chunk_0042,badmin,
780,doc_7ceb,doc_7ceb_chunk_0042,reconﬁg,
781,doc_7ceb,doc_7ceb_chunk_0042,lsf.queues,
782,doc_7ceb,doc_7ceb_chunk_0042,Troubleshooting LSF problems,
783,doc_7ceb,doc_7ceb_chunk_0042,Command Reference,
784,doc_7ceb,doc_7ceb_chunk_0042,lsf.sudoers,
785,doc_7ceb,doc_7ceb_chunk_0042,lsf.sudoers file,
786,doc_7ceb,doc_7ceb_chunk_0042,LSF administrators,
787,doc_7ceb,doc_7ceb_chunk_0042,LSF daemons,
788,doc_7ceb,doc_7ceb_chunk_0043,LSF,
789,doc_7ceb,doc_7ceb_chunk_0043,lsf.sudoers,
790,doc_7ceb,doc_7ceb_chunk_0043,LSF daemon,
791,doc_7ceb,doc_7ceb_chunk_0043,lsf_startup_users,
792,doc_7ceb,doc_7ceb_chunk_0043,lsf_startup_path,
793,doc_7ceb,doc_7ceb_chunk_0043,sbatchd,
794,doc_7ceb,doc_7ceb_chunk_0043,mbatchd,
795,doc_7ceb,doc_7ceb_chunk_0043,mbschd,
796,doc_7ceb,doc_7ceb_chunk_0043,lsf_conf,
797,doc_7ceb,doc_7ceb_chunk_0043,lsf_confdir,
798,doc_7ceb,doc_7ceb_chunk_0044,LSF,
799,doc_7ceb,doc_7ceb_chunk_0044,hostsetup,
800,doc_7ceb,doc_7ceb_chunk_0044,/LSF_TOP,
801,doc_7ceb,doc_7ceb_chunk_0044,--top,
802,doc_7ceb,doc_7ceb_chunk_0044,--setuid,
803,doc_7ceb,doc_7ceb_chunk_0044,badmin,
804,doc_7ceb,doc_7ceb_chunk_0044,lsadmin,
805,doc_7ceb,doc_7ceb_chunk_0044,egosh,
806,doc_7ceb,doc_7ceb_chunk_0044,utmpreg,
807,doc_7ceb,doc_7ceb_chunk_0044,swtbl_api,
808,doc_7ceb,doc_7ceb_chunk_0044,ntbl_api,
809,doc_7ceb,doc_7ceb_chunk_0044,lstbl_nid,
810,doc_7ceb,doc_7ceb_chunk_0045,LSF,
811,doc_7ceb,doc_7ceb_chunk_0045,shared resources,
812,doc_7ceb,doc_7ceb_chunk_0045,host selection,
813,doc_7ceb,doc_7ceb_chunk_0045,batch job execution,
814,doc_7ceb,doc_7ceb_chunk_0045,interactive job execution,
815,doc_7ceb,doc_7ceb_chunk_0045,software licenses,
816,doc_7ceb,doc_7ceb_chunk_0045,ELIM,
817,doc_7ceb,doc_7ceb_chunk_0045,lsf.shared file,
818,doc_7ceb,doc_7ceb_chunk_0045,Resource section,
819,doc_7ceb,doc_7ceb_chunk_0045,type of resource,
820,doc_7ceb,doc_7ceb_chunk_0045,refresh value,
821,doc_7ceb,doc_7ceb_chunk_0045,external load indexes,
822,doc_7ceb,doc_7ceb_chunk_0046,ELIM,
823,doc_7ceb,doc_7ceb_chunk_0046,LSF_SERVERDIR,
824,doc_7ceb,doc_7ceb_chunk_0046,/usr/share/lsf/lsf/cluser1/10.1.0/sparc-sol2/etc/elim,
825,doc_7ceb,doc_7ceb_chunk_0046,misc/examples,
826,doc_7ceb,doc_7ceb_chunk_0046,lsf.shared,
827,doc_7ceb,doc_7ceb_chunk_0046,RESOURCENAME,
828,doc_7ceb,doc_7ceb_chunk_0046,TYPE,
829,doc_7ceb,doc_7ceb_chunk_0046,INTERVAL,
830,doc_7ceb,doc_7ceb_chunk_0047,SLF,
831,doc_7ceb,doc_7ceb_chunk_0047,ELIM,
832,doc_7ceb,doc_7ceb_chunk_0047,lim,
833,doc_7ceb,doc_7ceb_chunk_0047,LSF_SERVERDIR,
834,doc_7ceb,doc_7ceb_chunk_0047,LOCATION,
835,doc_7ceb,doc_7ceb_chunk_0047,RESOURCENAME,
836,doc_7ceb,doc_7ceb_chunk_0047,all,
837,doc_7ceb,doc_7ceb_chunk_0047,hosts,
838,doc_7ceb,doc_7ceb_chunk_0047,cluster,
839,doc_7ceb,doc_7ceb_chunk_0047,license1,
840,doc_7ceb,doc_7ceb_chunk_0047,license2,
841,doc_7ceb,doc_7ceb_chunk_0047,number_indexes,
842,doc_7ceb,doc_7ceb_chunk_0047,index_name,
843,doc_7ceb,doc_7ceb_chunk_0048,SLURM,
844,doc_7ceb,doc_7ceb_chunk_0048,license1,
845,doc_7ceb,doc_7ceb_chunk_0048,license2,
846,doc_7ceb,doc_7ceb_chunk_0048,NUMLIC,
847,doc_7ceb,doc_7ceb_chunk_0048,TMPLICS,
848,doc_7ceb,doc_7ceb_chunk_0048,LICS,
849,doc_7ceb,doc_7ceb_chunk_0048,sed,
850,doc_7ceb,doc_7ceb_chunk_0048,lsadmin,
851,doc_7ceb,doc_7ceb_chunk_0048,badmin,
852,doc_7ceb,doc_7ceb_chunk_0048,lsload,
853,doc_7ceb,doc_7ceb_chunk_0049,LSF,
854,doc_7ceb,doc_7ceb_chunk_0049,error log files,
855,doc_7ceb,doc_7ceb_chunk_0049,lsf.conf,
856,doc_7ceb,doc_7ceb_chunk_0049,LSF_LOGDIR,
857,doc_7ceb,doc_7ceb_chunk_0049,lsadmin,
858,doc_7ceb,doc_7ceb_chunk_0049,badmin,
859,doc_7ceb,doc_7ceb_chunk_0049,lim.log.host_name,
860,doc_7ceb,doc_7ceb_chunk_0049,res.log.host_name,
861,doc_7ceb,doc_7ceb_chunk_0049,pim.log.host_name,
862,doc_7ceb,doc_7ceb_chunk_0050,LSF,
863,doc_7ceb,doc_7ceb_chunk_0050,lsadmin,
864,doc_7ceb,doc_7ceb_chunk_0050,ckconfig,
865,doc_7ceb,doc_7ceb_chunk_0050,bctrld,
866,doc_7ceb,doc_7ceb_chunk_0050,restart,
867,doc_7ceb,doc_7ceb_chunk_0050,lim,
868,doc_7ceb,doc_7ceb_chunk_0050,res,
869,doc_7ceb,doc_7ceb_chunk_0050,sbd,
870,doc_7ceb,doc_7ceb_chunk_0050,ps,
871,doc_7ceb,doc_7ceb_chunk_0050,ef,
872,doc_7ceb,doc_7ceb_chunk_0050,/opt/lsf,
873,doc_7ceb,doc_7ceb_chunk_0050,cluster1,
874,doc_7ceb,doc_7ceb_chunk_0051,LSF,
875,doc_7ceb,doc_7ceb_chunk_0051,lsf.conf,
876,doc_7ceb,doc_7ceb_chunk_0051,/etc,
877,doc_7ceb,doc_7ceb_chunk_0051,LSF_ENVDIR,
878,doc_7ceb,doc_7ceb_chunk_0051,csrhc.lsf,
879,doc_7ceb,doc_7ceb_chunk_0051,profile.lsf,
880,doc_7ceb,doc_7ceb_chunk_0051,cshrc.lsf,
881,doc_7ceb,doc_7ceb_chunk_0051,proﬁle.lsf,
882,doc_7ceb,doc_7ceb_chunk_0051,LIM,
883,doc_7ceb,doc_7ceb_chunk_0051,LIM daemon,
884,doc_7ceb,doc_7ceb_chunk_0051,LIM error log,
885,doc_7ceb,doc_7ceb_chunk_0052,LIM,
886,doc_7ceb,doc_7ceb_chunk_0052,configuration files,
887,doc_7ceb,doc_7ceb_chunk_0052,lsf.conf,
888,doc_7ceb,doc_7ceb_chunk_0052,LSF_SERVER_HOSTS,
889,doc_7ceb,doc_7ceb_chunk_0052,LSF_MASTER_LIST,
890,doc_7ceb,doc_7ceb_chunk_0052,lsf.cluster.cluster_name,
891,doc_7ceb,doc_7ceb_chunk_0052,management host,
892,doc_7ceb,doc_7ceb_chunk_0052,LSF_MASTER_LIST parameter,
893,doc_7ceb,doc_7ceb_chunk_0052,Host section,
894,doc_7ceb,doc_7ceb_chunk_0052,lsload,
895,doc_7ceb,doc_7ceb_chunk_0053,SLURM,
896,doc_7ceb,doc_7ceb_chunk_0053,LSF,
897,doc_7ceb,doc_7ceb_chunk_0053,management host LIM,
898,doc_7ceb,doc_7ceb_chunk_0053,::1,
899,doc_7ceb,doc_7ceb_chunk_0053,/etc/hosts,
900,doc_7ceb,doc_7ceb_chunk_0053,localhost,
901,doc_7ceb,doc_7ceb_chunk_0053,ipv6-localhost,
902,doc_7ceb,doc_7ceb_chunk_0053,ipv6-loopback,
903,doc_7ceb,doc_7ceb_chunk_0053,fe00::0,
904,doc_7ceb,doc_7ceb_chunk_0053,ipv6-localnet,
905,doc_7ceb,doc_7ceb_chunk_0053,ff00::0,
906,doc_7ceb,doc_7ceb_chunk_0054,LSF,
907,doc_7ceb,doc_7ceb_chunk_0054,slsf.conf,
908,doc_7ceb,doc_7ceb_chunk_0054,LSF_USE_HOSTEQUIV,
909,doc_7ceb,doc_7ceb_chunk_0054,/etc/hosts,
910,doc_7ceb,doc_7ceb_chunk_0054,/etc/hosts.equiv,
911,doc_7ceb,doc_7ceb_chunk_0054,HOME/.rhosts,
912,doc_7ceb,doc_7ceb_chunk_0054,Windows,
913,doc_7ceb,doc_7ceb_chunk_0054,lspasswd,
914,doc_7ceb,doc_7ceb_chunk_0054,passwords,
915,doc_7ceb,doc_7ceb_chunk_0055,NIS,
916,doc_7ceb,doc_7ceb_chunk_0055,LSF,
917,doc_7ceb,doc_7ceb_chunk_0055,sbatchd,
918,doc_7ceb,doc_7ceb_chunk_0055,mbatchd,
919,doc_7ceb,doc_7ceb_chunk_0055,batch daemons,
920,doc_7ceb,doc_7ceb_chunk_0055,configuration files,
921,doc_7ceb,doc_7ceb_chunk_0055,sbatch,
922,doc_7ceb,doc_7ceb_chunk_0055,mbatchd daemon,
923,doc_7ceb,doc_7ceb_chunk_0055,sbatchd daemon,
924,doc_7ceb,doc_7ceb_chunk_0055,error logs,
925,doc_7ceb,doc_7ceb_chunk_0055,badmin ckconfig,
926,doc_7ceb,doc_7ceb_chunk_0056,LIM,
927,doc_7ceb,doc_7ceb_chunk_0056,LSF,
928,doc_7ceb,doc_7ceb_chunk_0056,services,
929,doc_7ceb,doc_7ceb_chunk_0056,process groups,
930,doc_7ceb,doc_7ceb_chunk_0056,job,
931,doc_7ceb,doc_7ceb_chunk_0056,RES,
932,doc_7ceb,doc_7ceb_chunk_0056,root process group,
933,doc_7ceb,doc_7ceb_chunk_0056,application,
934,doc_7ceb,doc_7ceb_chunk_0056,PPID,
935,doc_7ceb,doc_7ceb_chunk_0056,PIM,
936,doc_7ceb,doc_7ceb_chunk_0056,daemon,
937,doc_7ceb,doc_7ceb_chunk_0056,mbatchd,
938,doc_7ceb,doc_7ceb_chunk_0056,sbatchd,
939,doc_7ceb,doc_7ceb_chunk_0056,lsb.hosts,
940,doc_7ceb,doc_7ceb_chunk_0057,mbatchd,
941,doc_7ceb,doc_7ceb_chunk_0057,sbatchd,
942,doc_7ceb,doc_7ceb_chunk_0057,lsb.hosts,
943,doc_7ceb,doc_7ceb_chunk_0057,Host,
944,doc_7ceb,doc_7ceb_chunk_0057,HostGroup,
945,doc_7ceb,doc_7ceb_chunk_0057,HostPartition,
946,doc_7ceb,doc_7ceb_chunk_0057,LSB_CONFDIR,
947,doc_7ceb,doc_7ceb_chunk_0057,cluster1,
948,doc_7ceb,doc_7ceb_chunk_0057,configdir,
949,doc_7ceb,doc_7ceb_chunk_0057,file,
950,doc_7ceb,doc_7ceb_chunk_0057,hostname,
951,doc_7ceb,doc_7ceb_chunk_0057,lsbatch,
952,doc_7ceb,doc_7ceb_chunk_0057,sbatch,
953,doc_7ceb,doc_7ceb_chunk_0058,lshosts,
954,doc_7ceb,doc_7ceb_chunk_0058,HOST_NAME,
955,doc_7ceb,doc_7ceb_chunk_0058,type,
956,doc_7ceb,doc_7ceb_chunk_0058,model,
957,doc_7ceb,doc_7ceb_chunk_0058,cpuf,
958,doc_7ceb,doc_7ceb_chunk_0058,ncpus,
959,doc_7ceb,doc_7ceb_chunk_0058,maxmem,
960,doc_7ceb,doc_7ceb_chunk_0058,maxswp,
961,doc_7ceb,doc_7ceb_chunk_0058,server,
962,doc_7ceb,doc_7ceb_chunk_0058,RESOURCES,
963,doc_7ceb,doc_7ceb_chunk_0058,hostA,
964,doc_7ceb,doc_7ceb_chunk_0058,UNKNOWN,
965,doc_7ceb,doc_7ceb_chunk_0058,Ultra2,
966,doc_7ceb,doc_7ceb_chunk_0059,SLF,
967,doc_7ceb,doc_7ceb_chunk_0059,lsf.shared,
968,doc_7ceb,doc_7ceb_chunk_0059,lshosts,
969,doc_7ceb,doc_7ceb_chunk_0059,HOST_NAME,
970,doc_7ceb,doc_7ceb_chunk_0059,type,
971,doc_7ceb,doc_7ceb_chunk_0059,model,
972,doc_7ceb,doc_7ceb_chunk_0059,cpuf,
973,doc_7ceb,doc_7ceb_chunk_0059,ncpus,
974,doc_7ceb,doc_7ceb_chunk_0059,maxmem,
975,doc_7ceb,doc_7ceb_chunk_0059,maxswp,
976,doc_7ceb,doc_7ceb_chunk_0059,server,
977,doc_7ceb,doc_7ceb_chunk_0059,RESOURCES,
978,doc_7ceb,doc_7ceb_chunk_0059,hostA,
979,doc_7ceb,doc_7ceb_chunk_0060,lim,
980,doc_7ceb,doc_7ceb_chunk_0060,Host Type,
981,doc_7ceb,doc_7ceb_chunk_0060,NTX64,
982,doc_7ceb,doc_7ceb_chunk_0060,Host Architecture,
983,doc_7ceb,doc_7ceb_chunk_0060,EM64T_1596,
984,doc_7ceb,doc_7ceb_chunk_0060,Total NUMA Nodes,
985,doc_7ceb,doc_7ceb_chunk_0060,Total Processors,
986,doc_7ceb,doc_7ceb_chunk_0060,Total Cores,
987,doc_7ceb,doc_7ceb_chunk_0060,Total Threads,
988,doc_7ceb,doc_7ceb_chunk_0061,SLF,
989,doc_7ceb,doc_7ceb_chunk_0061,b*,
990,doc_7ceb,doc_7ceb_chunk_0061,User permission denied,
991,doc_7ceb,doc_7ceb_chunk_0061,NTP,
992,doc_7ceb,doc_7ceb_chunk_0061,LSF daemons,
993,doc_7ceb,doc_7ceb_chunk_0061,lsadmin ckconﬁg,
994,doc_7ceb,doc_7ceb_chunk_0061,badmin ckconﬁg,
995,doc_7ceb,doc_7ceb_chunk_0061,can’t open file: error,
996,doc_7ceb,doc_7ceb_chunk_0061,incorrect file permissions,
997,doc_7ceb,doc_7ceb_chunk_0061,missing files,
998,doc_7ceb,doc_7ceb_chunk_0062,LSF,
999,doc_7ceb,doc_7ceb_chunk_0062,SLF_AUTH,
1000,doc_7ceb,doc_7ceb_chunk_0062,ident,
1001,doc_7ceb,doc_7ceb_chunk_0062,lsf.conf,
1002,doc_7ceb,doc_7ceb_chunk_0062,inetd.conf,
1003,doc_7ceb,doc_7ceb_chunk_0062,setuid,
1004,doc_7ceb,doc_7ceb_chunk_0062,port_number,
1005,doc_7ceb,doc_7ceb_chunk_0062,claimed_user,
1006,doc_7ceb,doc_7ceb_chunk_0062,actual_user,
1007,doc_7ceb,doc_7ceb_chunk_0062,LSF_USE_HOSTEQUIV,
1008,doc_7ceb,doc_7ceb_chunk_0062,/etc/host.equiv,
1009,doc_7ceb,doc_7ceb_chunk_0063,LSF,
1010,doc_7ceb,doc_7ceb_chunk_0063,get_ports,
1011,doc_7ceb,doc_7ceb_chunk_0063,serv,
1012,doc_7ceb,doc_7ceb_chunk_0063,init_AcceptSock,
1013,doc_7ceb,doc_7ceb_chunk_0063,port,
1014,doc_7ceb,doc_7ceb_chunk_0063,init_ServSock,
1015,doc_7ceb,doc_7ceb_chunk_0063,sbind daemon socket,
1016,doc_7ceb,doc_7ceb_chunk_0063,RES,
1017,doc_7ceb,doc_7ceb_chunk_0063,lsadmin,
1018,doc_7ceb,doc_7ceb_chunk_0063,badmin,
1019,doc_7ceb,doc_7ceb_chunk_0063,configuration files,
1020,doc_7ceb,doc_7ceb_chunk_0063,Begin,
1021,doc_7ceb,doc_7ceb_chunk_0063,section name,
1022,doc_7ceb,doc_7ceb_chunk_0064,SLF,
1023,doc_7ceb,doc_7ceb_chunk_0064,lsf.shared,
1024,doc_7ceb,doc_7ceb_chunk_0064,HostModel,
1025,doc_7ceb,doc_7ceb_chunk_0064,Resource,
1026,doc_7ceb,doc_7ceb_chunk_0064,HostType,
1027,doc_7ceb,doc_7ceb_chunk_0064,name,
1028,doc_7ceb,doc_7ceb_chunk_0064,index,
1029,doc_7ceb,doc_7ceb_chunk_0064,cluster,
1030,doc_7ceb,doc_7ceb_chunk_0064,model,
1031,doc_7ceb,doc_7ceb_chunk_0064,cpuFactor,
1032,doc_7ceb,doc_7ceb_chunk_0064,section,
1033,doc_7ceb,doc_7ceb_chunk_0064,line,
1034,doc_7ceb,doc_7ceb_chunk_0064,40 characters,
1035,doc_7ceb,doc_7ceb_chunk_0064,reserved,
1036,doc_7ceb,doc_7ceb_chunk_0064,previously defined,
1037,doc_7ceb,doc_7ceb_chunk_0065,LIM,
1038,doc_7ceb,doc_7ceb_chunk_0065,resource,
1039,doc_7ceb,doc_7ceb_chunk_0065,name,
1040,doc_7ceb,doc_7ceb_chunk_0065,host,
1041,doc_7ceb,doc_7ceb_chunk_0065,port,
1042,doc_7ceb,doc_7ceb_chunk_0065,myhostname,
1043,doc_7ceb,doc_7ceb_chunk_0065,Gethostbyaddr_,
1044,doc_7ceb,doc_7ceb_chunk_0065,main,
1045,doc_7ceb,doc_7ceb_chunk_0065,lsadmin,
1046,doc_7ceb,doc_7ceb_chunk_0065,rcvLoadVector,
1047,doc_7ceb,doc_7ceb_chunk_0065,MasterRegister,
1048,doc_7ceb,doc_7ceb_chunk_0065,bctrld,
1049,doc_7ceb,doc_7ceb_chunk_0065,lsf.shared,
1050,doc_7ceb,doc_7ceb_chunk_0066,LSF,
1051,doc_7ceb,doc_7ceb_chunk_0066,slf.shared,
1052,doc_7ceb,doc_7ceb_chunk_0066,LIM,
1053,doc_7ceb,doc_7ceb_chunk_0066,ELIM,
1054,doc_7ceb,doc_7ceb_chunk_0066,saveIndx,
1055,doc_7ceb,doc_7ceb_chunk_0066,index,
1056,doc_7ceb,doc_7ceb_chunk_0066,name,
1057,doc_7ceb,doc_7ceb_chunk_0066,cc,
1058,doc_7ceb,doc_7ceb_chunk_0066,num,
1059,doc_7ceb,doc_7ceb_chunk_0066,RES,
1060,doc_7ceb,doc_7ceb_chunk_0066,doacceptconn,
1061,doc_7ceb,doc_7ceb_chunk_0066,getpwnam,
1062,doc_7ceb,doc_7ceb_chunk_0066,username,
1063,doc_7ceb,doc_7ceb_chunk_0066,uid,
1064,doc_7ceb,doc_7ceb_chunk_0066,host,
1065,doc_7ceb,doc_7ceb_chunk_0067,mbatchd,
1066,doc_7ceb,doc_7ceb_chunk_0067,sbatchd,
1067,doc_7ceb,doc_7ceb_chunk_0067,jobId,
1068,doc_7ceb,doc_7ceb_chunk_0067,logdir,
1069,doc_7ceb,doc_7ceb_chunk_0067,renewJob,
1070,doc_7ceb,doc_7ceb_chunk_0067,error,
1071,doc_7ceb,doc_7ceb_chunk_0067,fopen,
1072,doc_7ceb,doc_7ceb_chunk_0067,logJobInfo_,
1073,doc_7ceb,doc_7ceb_chunk_0067,write,
1074,doc_7ceb,doc_7ceb_chunk_0067,seek,
1075,doc_7ceb,doc_7ceb_chunk_0067,rmLogJobInfo,
1076,doc_7ceb,doc_7ceb_chunk_0067,queue,
1077,doc_7ceb,doc_7ceb_chunk_0067,lost_and_found,
1078,doc_7ceb,doc_7ceb_chunk_0068,LSF,
1079,doc_7ceb,doc_7ceb_chunk_0068,LSF_LIM_API_NTRIES,
1080,doc_7ceb,doc_7ceb_chunk_0068,LSB_API_VERBOSE,
1081,doc_7ceb,doc_7ceb_chunk_0068,lsf.conf,
1082,doc_7ceb,doc_7ceb_chunk_0068,mbatchd,
1083,doc_7ceb,doc_7ceb_chunk_0068,connect(),
1084,doc_7ceb,doc_7ceb_chunk_0068,LSB_MBD_PORT,
1085,doc_7ceb,doc_7ceb_chunk_0068,LSB_QUERY_PORT,
1086,doc_7ceb,doc_7ceb_chunk_0068,LSF_down,
1087,doc_7ceb,doc_7ceb_chunk_0069,LSF,
1088,doc_7ceb,doc_7ceb_chunk_0069,bjobs,
1089,doc_7ceb,doc_7ceb_chunk_0069,connect,
1090,doc_7ceb,doc_7ceb_chunk_0069,socket error,
1091,doc_7ceb,doc_7ceb_chunk_0069,client side,
1092,doc_7ceb,doc_7ceb_chunk_0069,mbatchd daemon,
1093,doc_7ceb,doc_7ceb_chunk_0069,send/receive handshake message,
1094,doc_7ceb,doc_7ceb_chunk_0069,EGO,
1095,doc_7ceb,doc_7ceb_chunk_0069,egosh command,
1096,doc_7ceb,doc_7ceb_chunk_0069,lsf.conf,
1097,doc_7ceb,doc_7ceb_chunk_0069,LSF_ENABLE_EGO,
1098,doc_84a2,doc_84a2_chunk_0001,LSF,
1099,doc_84a2,doc_84a2_chunk_0001,fix pack level,
1100,doc_84a2,doc_84a2_chunk_0001,lsf.conf,
1101,doc_84a2,doc_84a2_chunk_0001,LSF_ENVDIR_old,
1102,doc_84a2,doc_84a2_chunk_0001,LSF_ENVDIR_new,
1103,doc_84a2,doc_84a2_chunk_0001,passwd.lsfuser,
1104,doc_84a2,doc_84a2_chunk_0001,LSB_CONFDIR_old,
1105,doc_84a2,doc_84a2_chunk_0001,LSB_CONFDIR_new,
1106,doc_84a2,doc_84a2_chunk_0001,cluster_name,
1107,doc_84a2,doc_84a2_chunk_0001,configdir,
1108,doc_84a2,doc_84a2_chunk_0002,SLB_CONFDIR_old,
1109,doc_84a2,doc_84a2_chunk_0002,cluster_name,
1110,doc_84a2,doc_84a2_chunk_0002,configdir,
1111,doc_84a2,doc_84a2_chunk_0002,SLB_CONFDIR_new,
1112,doc_84a2,doc_84a2_chunk_0002,LSB_SHAREDIR_old,
1113,doc_84a2,doc_84a2_chunk_0002,LSB_SHAREDIR_new,
1114,doc_84a2,doc_84a2_chunk_0002,EGO,
1115,doc_84a2,doc_84a2_chunk_0002,EGO consumer tree,
1116,doc_84a2,doc_84a2_chunk_0002,EGO resource group,
1117,doc_84a2,doc_84a2_chunk_0002,EGO users,
1118,doc_84a2,doc_84a2_chunk_0003,badmin,
1119,doc_84a2,doc_84a2_chunk_0003,qact,
1120,doc_84a2,doc_84a2_chunk_0003,all,
1121,doc_84a2,doc_84a2_chunk_0003,LSF,
1122,doc_84a2,doc_84a2_chunk_0003,IBM Spectrum LSF,
1123,doc_84a2,doc_84a2_chunk_0003,Run,
1124,doc_84a2,doc_84a2_chunk_0003,monitor,
1125,doc_84a2,doc_84a2_chunk_0003,control,
1126,doc_84a2,doc_84a2_chunk_0003,jobs,
1127,doc_84a2,doc_84a2_chunk_0003,submit,
1128,doc_84a2,doc_84a2_chunk_0003,new,
1129,doc_84a2,doc_84a2_chunk_0003,cluster,
1130,doc_84a2,doc_84a2_chunk_0003,sbatch,
1131,doc_84a2,doc_84a2_chunk_0003,srun,
1132,doc_84a2,doc_84a2_chunk_0003,bsub,
1133,doc_d9be,doc_d9be_chunk_0001,Slurm,
1134,doc_d9be,doc_d9be_chunk_0001,scheduler,
1135,doc_d9be,doc_d9be_chunk_0001,Slurm user,
1136,doc_d9be,doc_d9be_chunk_0001,Slurm administrator,
1137,doc_d9be,doc_d9be_chunk_0001,Step 1,
1138,doc_d9be,doc_d9be_chunk_0001,Step 2,
1139,doc_d9be,doc_d9be_chunk_0001,Step 3,
1140,doc_d9be,doc_d9be_chunk_0001,Step 4,
1141,doc_d9be,doc_d9be_chunk_0001,SelectType,
1142,doc_d9be,doc_d9be_chunk_0001,select/linear,
1143,doc_d9be,doc_d9be_chunk_0001,select/cons_tres,
1144,doc_d9be,doc_d9be_chunk_0001,slurmctld,
1145,doc_d9be,doc_d9be_chunk_0002,SlurmdParameters,
1146,doc_d9be,doc_d9be_chunk_0002,config_overrides,
1147,doc_d9be,doc_d9be_chunk_0002,SelectType,
1148,doc_d9be,doc_d9be_chunk_0002,select/linear,
1149,doc_d9be,doc_d9be_chunk_0002,select/cons_tres,
1150,doc_d9be,doc_d9be_chunk_0002,CR_CPU,
1151,doc_d9be,doc_d9be_chunk_0002,CR_CPU_Memory,
1152,doc_d9be,doc_d9be_chunk_0002,CR_Core,
1153,doc_d9be,doc_d9be_chunk_0002,CR_Core_Memory,
1154,doc_d9be,doc_d9be_chunk_0002,CR_Socket,
1155,doc_d9be,doc_d9be_chunk_0002,CR_Socket_Memory,
1156,doc_d9be,doc_d9be_chunk_0003,SLURM,
1157,doc_d9be,doc_d9be_chunk_0003,slurmctld,
1158,doc_d9be,doc_d9be_chunk_0003,select/cons_tres,
1159,doc_d9be,doc_d9be_chunk_0003,block allocation,
1160,doc_d9be,doc_d9be_chunk_0003,cyclic allocation,
1161,doc_d9be,doc_d9be_chunk_0003,NodeName,
1162,doc_d9be,doc_d9be_chunk_0003,PartitionName,
1163,doc_d9be,doc_d9be_chunk_0003,slurm.conf,
1164,doc_d9be,doc_d9be_chunk_0003,slurmdParameters,
1165,doc_d9be,doc_d9be_chunk_0003,config_overrides,
1166,doc_d9be,doc_d9be_chunk_0003,Nodes,
1167,doc_d9be,doc_d9be_chunk_0003,OverSubscribe,
1168,doc_d9be,doc_d9be_chunk_0004,SlurmdParameters,
1169,doc_d9be,doc_d9be_chunk_0004,config_overrides,
1170,doc_d9be,doc_d9be_chunk_0004,SelectType,
1171,doc_d9be,doc_d9be_chunk_0004,CR_CPU,
1172,doc_d9be,doc_d9be_chunk_0004,CR_CPU_Memory,
1173,doc_d9be,doc_d9be_chunk_0004,CR_Core,
1174,doc_d9be,doc_d9be_chunk_0004,CR_Core_Memory,
1175,doc_d9be,doc_d9be_chunk_0004,CR_Socket,
1176,doc_d9be,doc_d9be_chunk_0004,CR_Socket_Memory,
1177,doc_d9be,doc_d9be_chunk_0004,srun,
1178,doc_d9be,doc_d9be_chunk_0004,salloc,
1179,doc_d9be,doc_d9be_chunk_0004,sbatch,
1180,doc_d9be,doc_d9be_chunk_0005,SLURM,
1181,doc_d9be,doc_d9be_chunk_0005,LSF,
1182,doc_d9be,doc_d9be_chunk_0005,srun,
1183,doc_d9be,doc_d9be_chunk_0005,salloc,
1184,doc_d9be,doc_d9be_chunk_0005,sbatch,
1185,doc_d9be,doc_d9be_chunk_0005,--distribution,
1186,doc_d9be,doc_d9be_chunk_0005,-mblock,
1187,doc_d9be,doc_d9be_chunk_0005,cyclic,
1188,doc_d9be,doc_d9be_chunk_0005,arbitrary,
1189,doc_d9be,doc_d9be_chunk_0005,plane,
1190,doc_d9be,doc_d9be_chunk_0005,--ntasks-per-core,
1191,doc_d9be,doc_d9be_chunk_0005,--ntasks-per-socket,
1192,doc_d9be,doc_d9be_chunk_0006,SLURM,
1193,doc_d9be,doc_d9be_chunk_0006,scontrol,
1194,doc_d9be,doc_d9be_chunk_0006,job,
1195,doc_d9be,doc_d9be_chunk_0006,option,
1196,doc_d9be,doc_d9be_chunk_0006,--details,
1197,doc_d9be,doc_d9be_chunk_0006,nodes,
1198,doc_d9be,doc_d9be_chunk_0006,CPU ids,
1199,doc_d9be,doc_d9be_chunk_0006,Slurm abstract CPU ids,
1200,doc_d9be,doc_d9be_chunk_0006,/proc/pid/status,
1201,doc_d9be,doc_d9be_chunk_0006,grep Cpus_allowed_list,
1202,doc_d9be,doc_d9be_chunk_0006,pid,
1203,doc_d9be,doc_d9be_chunk_0006,task's pid,
1204,doc_d9be,doc_d9be_chunk_0007,Slurm,
1205,doc_d9be,doc_d9be_chunk_0007,Slurm Accounting,
1206,doc_d9be,doc_d9be_chunk_0007,sacctmgr,
1207,doc_d9be,doc_d9be_chunk_0007,CPU management,
1208,doc_d9be,doc_d9be_chunk_0007,CPUs,
1209,doc_d9be,doc_d9be_chunk_0007,Linux,
1210,doc_d9be,doc_d9be_chunk_0007,ThreadsPerCore,
1211,doc_d9be,doc_d9be_chunk_0007,Procs,
1212,doc_d9be,doc_d9be_chunk_0007,State,
1213,doc_d9be,doc_d9be_chunk_0007,IDLE,
1214,doc_d9be,doc_d9be_chunk_0007,PartitionName,
1215,doc_d9be,doc_d9be_chunk_0007,regnodes,
1216,doc_d9be,doc_d9be_chunk_0007,n0,
1217,doc_d9be,doc_d9be_chunk_0008,SLURM,
1218,doc_d9be,doc_d9be_chunk_0008,srun,
1219,doc_d9be,doc_d9be_chunk_0008,--nodes,
1220,doc_d9be,doc_d9be_chunk_0008,--ntasks,
1221,doc_d9be,doc_d9be_chunk_0008,--cpus-per-task,
1222,doc_d9be,doc_d9be_chunk_0008,default partition,
1223,doc_d9be,doc_d9be_chunk_0008,consumable resources,
1224,doc_d9be,doc_d9be_chunk_0008,cores,
1225,doc_d9be,doc_d9be_chunk_0008,CPUs,
1226,doc_d9be,doc_d9be_chunk_0008,tasks,
1227,doc_d9be,doc_d9be_chunk_0008,overcommitment,
1228,doc_d9be,doc_d9be_chunk_0008,SelectType,
1229,doc_d9be,doc_d9be_chunk_0009,Slurm,
1230,doc_d9be,doc_d9be_chunk_0009,CR_CORE_DEFAULT_DIST_BLOCK,
1231,doc_d9be,doc_d9be_chunk_0009,nodes,
1232,doc_d9be,doc_d9be_chunk_0009,sockets,
1233,doc_d9be,doc_d9be_chunk_0009,CPUs,
1234,doc_d9be,doc_d9be_chunk_0009,memory,
1235,doc_d9be,doc_d9be_chunk_0009,cores,
1236,doc_d9be,doc_d9be_chunk_0009,slurm.conf,
1237,doc_d9be,doc_d9be_chunk_0009,SelectType,
1238,doc_d9be,doc_d9be_chunk_0009,SelectTypeParameters,
1239,doc_d9be,doc_d9be_chunk_0009,srun,
1240,doc_d9be,doc_d9be_chunk_0009,--nodes,
1241,doc_d9be,doc_d9be_chunk_0010,SLURM,
1242,doc_d9be,doc_d9be_chunk_0010,srun,
1243,doc_d9be,doc_d9be_chunk_0010,--nodes,
1244,doc_d9be,doc_d9be_chunk_0010,--ntasks,
1245,doc_d9be,doc_d9be_chunk_0010,--overcommit,
1246,doc_d9be,doc_d9be_chunk_0010,oversubscribe,
1247,doc_d9be,doc_d9be_chunk_0010,CPUs,
1248,doc_d9be,doc_d9be_chunk_0010,tasks,
1249,doc_d9be,doc_d9be_chunk_0010,node,
1250,doc_d9be,doc_d9be_chunk_0010,n0,
1251,doc_d9be,doc_d9be_chunk_0010,Number of Allocated CPUs,
1252,doc_d9be,doc_d9be_chunk_0010,Number of Tasks,
1253,doc_d9be,doc_d9be_chunk_0011,Slurm,
1254,doc_d9be,doc_d9be_chunk_0011,OverSubscribe,
1255,doc_d9be,doc_d9be_chunk_0011,partition,
1256,doc_d9be,doc_d9be_chunk_0011,hypernode,
1257,doc_d9be,doc_d9be_chunk_0011,--partition,
1258,doc_d9be,doc_d9be_chunk_0011,srun,
1259,doc_d9be,doc_d9be_chunk_0011,--ntasks,
1260,doc_d9be,doc_d9be_chunk_0011,--hint,
1261,doc_d9be,doc_d9be_chunk_0011,SelectType,
1262,doc_d9be,doc_d9be_chunk_0011,SelectTypeParameters,
1263,doc_d9be,doc_d9be_chunk_0011,CR_CPU,
1264,doc_d9be,doc_d9be_chunk_0011,--nodes,
1265,doc_d9be,doc_d9be_chunk_0011,--cpu-bind,
1266,doc_d9be,doc_d9be_chunk_0012,Slurm,
1267,doc_d9be,doc_d9be_chunk_0012,srun,
1268,doc_d9be,doc_d9be_chunk_0012,sbatch,
1269,doc_d9be,doc_d9be_chunk_0012,--nodes,
1270,doc_d9be,doc_d9be_chunk_0012,--ntasks,
1271,doc_d9be,doc_d9be_chunk_0012,--cpus-per-task,
1272,doc_d9be,doc_d9be_chunk_0012,--cpu-bind,
1273,doc_d9be,doc_d9be_chunk_0012,--distribution,
1274,doc_d9be,doc_d9be_chunk_0012,block,
1275,doc_d9be,doc_d9be_chunk_0012,cyclic,
1276,doc_d9be,doc_d9be_chunk_0012,default partition,
1277,doc_d9be,doc_d9be_chunk_0012,allocated CPUs,
1278,doc_d9be,doc_d9be_chunk_0012,Allocated CPU ids,
1279,doc_d9be,doc_d9be_chunk_0013,Slurm,
1280,doc_d9be,doc_d9be_chunk_0013,srun,
1281,doc_d9be,doc_d9be_chunk_0013,--nodes,
1282,doc_d9be,doc_d9be_chunk_0013,--ntasks,
1283,doc_d9be,doc_d9be_chunk_0013,--cpus-per-task,
1284,doc_d9be,doc_d9be_chunk_0013,--cpu-bind,
1285,doc_d9be,doc_d9be_chunk_0013,--distribution,
1286,doc_d9be,doc_d9be_chunk_0013,block,
1287,doc_d9be,doc_d9be_chunk_0013,cyclic,
1288,doc_d9be,doc_d9be_chunk_0013,sockets,
1289,doc_d9be,doc_d9be_chunk_0013,CPUs,
1290,doc_d9be,doc_d9be_chunk_0013,memory,
1291,doc_d9be,doc_d9be_chunk_0013,cores,
1292,doc_d9be,doc_d9be_chunk_0013,Nodenamen,
1293,doc_d9be,doc_d9be_chunk_0014,Slurm,
1294,doc_d9be,doc_d9be_chunk_0014,scheduler,
1295,doc_d9be,doc_d9be_chunk_0014,6 CPUs,
1296,doc_d9be,doc_d9be_chunk_0014,node,
1297,doc_d9be,doc_d9be_chunk_0014,socket,
1298,doc_d9be,doc_d9be_chunk_0014,--distribution=cyclic:block,
1299,doc_d9be,doc_d9be_chunk_0014,N1,
1300,doc_d9be,doc_d9be_chunk_0014,N2,
1301,doc_d9be,doc_d9be_chunk_0014,socket id,
1302,doc_d9be,doc_d9be_chunk_0014,Allocated CPU ids,
1303,doc_d9be,doc_d9be_chunk_0014,Number of Tasks,
1304,doc_d9be,doc_d9be_chunk_0015,SLURM,
1305,doc_d9be,doc_d9be_chunk_0015,slurm.conf,
1306,doc_d9be,doc_d9be_chunk_0015,SelectType,
1307,doc_d9be,doc_d9be_chunk_0015,SelectTypeParameters,
1308,doc_d9be,doc_d9be_chunk_0015,CR_Core,
1309,doc_d9be,doc_d9be_chunk_0015,TaskPlugin,
1310,doc_d9be,doc_d9be_chunk_0015,task/cgroup,
1311,doc_d9be,doc_d9be_chunk_0015,cgroup.conf,
1312,doc_d9be,doc_d9be_chunk_0015,ConstrainCores,
1313,doc_d9be,doc_d9be_chunk_0015,srun,
1314,doc_d9be,doc_d9be_chunk_0015,--nodes,
1315,doc_d9be,doc_d9be_chunk_0015,--ntasks,
