term_id	lemma	reason
4	fix	no tokens in vocab
15	subcommand	no tokens in vocab
23	action	no tokens in vocab
25	fix pack	no tokens in vocab
38	-p	no tokens in vocab
39	provider	no tokens in vocab
51	minutesm	no tokens in vocab
61	rc_account	no tokens in vocab
67	job_finish	no tokens in vocab
81	effect	no tokens in vocab
82	tip	no tokens in vocab
87	vm_type	no tokens in vocab
102	lsf_conf_file	no tokens in vocab
104	cloud provider	no tokens in vocab
107	-d	no tokens in vocab
112	logfile	no tokens in vocab
118	remotedatamanager	no tokens in vocab
127	clustername	no tokens in vocab
154	aws provider	no tokens in vocab
157	google compute cloud	no tokens in vocab
158	googleprov_config.json	no tokens in vocab
160	openstack	no tokens in vocab
177	workflow	no tokens in vocab
184	template	no tokens in vocab
185	mapping	no tokens in vocab
188	image	no tokens in vocab
194	rsv	no tokens in vocab
195	lsfmanagement	no tokens in vocab
199	-a	no tokens in vocab
203	-rc	no tokens in vocab
204	-rconly	no tokens in vocab
210	withlsf	no tokens in vocab
211	lsf_mq_broker_host	no tokens in vocab
218	mqtt broker	no tokens in vocab
221	-ef	no tokens in vocab
222	grep	no tokens in vocab
223	ebrokerd_host_clean_delay	no tokens in vocab
228	rc_statu	no tokens in vocab
237	prov_statu	no tokens in vocab
239	statu	no tokens in vocab
240	aws	no tokens in vocab
242	dash	no tokens in vocab
244	rsv rc_statu prov_statu	no tokens in vocab
246	lsf1.aw	no tokens in vocab
268	staging area	no tokens in vocab
271	dmd	no tokens in vocab
273	bdata tag	no tokens in vocab
277	lsf.datamanager.cluster_name	no tokens in vocab
310	dataspec	no tokens in vocab
314	data tag	no tokens in vocab
315	tag	no tokens in vocab
319	existence tag	no tokens in vocab
327	component	no tokens in vocab
368	failover	no tokens in vocab
377	passwordless ssh	no tokens in vocab
379	prerequisite	no tokens in vocab
387	issue	no tokens in vocab
394	tar xvf	no tokens in vocab
401	setting	no tokens in vocab
403	lsf_tardir	no tokens in vocab
405	install.config	no tokens in vocab
406	lsf_data_host	no tokens in vocab
410	lsf_data_port	no tokens in vocab
417	subdirectory	no tokens in vocab
445	sep	no tokens in vocab
453	checking	no tokens in vocab
460	lsinfo	no tokens in vocab
465	cpuf	no tokens in vocab
472	-m	no tokens in vocab
484	lsf_confdir\ego\cluster_name\kernel\ego.conf	no tokens in vocab
489	ego_daemons_cpu	no tokens in vocab
490	ego_define_ncpu	no tokens in vocab
491	ego_slave_ctrl_remote_host	no tokens in vocab
492	ego_workdir	no tokens in vocab
493	ego_pim_swap_report	no tokens in vocab
497	precedence	no tokens in vocab
503	compatibility	no tokens in vocab
507	lsf_conf_retry_int	no tokens in vocab
516	lsf_lim_port	no tokens in vocab
521	default_user_group	no tokens in vocab
543	topic	no tokens in vocab
546	configuring	no tokens in vocab
584	jan	no tokens in vocab
587	lscluster	no tokens in vocab
593	bparam	no tokens in vocab
602	mbd_sleep_time	no tokens in vocab
604	sbd_sleep_time	no tokens in vocab
607	job_accept_interval	no tokens in vocab
612	max_job_num	no tokens in vocab
615	max_sbd_fail	no tokens in vocab
618	sub_try_interval	no tokens in vocab
620	pend_reason_update_interval	no tokens in vocab
675	melim	no tokens in vocab
676	rla	no tokens in vocab
687	addition	no tokens in vocab
716	figure	no tokens in vocab
722	scope	no tokens in vocab
742	ntbl_api lstbl_nid swtbl_poe	no tokens in vocab
743	fileparameter	no tokens in vocab
748	lsf_startup_user	no tokens in vocab
753	quotation mark	no tokens in vocab
754	lsf_startup_path	no tokens in vocab
776	showconfdisplay	no tokens in vocab
827	member	no tokens in vocab
844	bconf hist	no tokens in vocab
846	config_file	no tokens in vocab
848	usergroup	no tokens in vocab
849	-u	no tokens in vocab
850	lsb.resource	no tokens in vocab
853	ug1	no tokens in vocab
854	-o	no tokens in vocab
855	object_type	no tokens in vocab
856	object	no tokens in vocab
861	bconf	no tokens in vocab
866	lsb.user	no tokens in vocab
867	lsb.host	no tokens in vocab
878	clusteradmin	no tokens in vocab
894	rsv dispatch_window	no tokens in vocab
895	closed_adm	no tokens in vocab
901	-ok	no tokens in vocab
907	asterisk	no tokens in vocab
913	-x	no tokens in vocab
931	groupa	no tokens in vocab
933	hoste	no tokens in vocab
934	hostf	no tokens in vocab
953	solari	no tokens in vocab
968	ultra	no tokens in vocab
984	rate	no tokens in vocab
987	exception	no tokens in vocab
1015	alia	no tokens in vocab
1017	justification	no tokens in vocab
1019	colon width	no tokens in vocab
1024	hyphen	no tokens in vocab
1034	decimal	no tokens in vocab
1043	lsb_bhosts_format	no tokens in vocab
1052	hname	no tokens in vocab
1054	jl_u	no tokens in vocab
1055	jlu	no tokens in vocab
1056	njob	no tokens in vocab
1059	dispatch_window	no tokens in vocab
1060	dispwin	no tokens in vocab
1061	ngpu	no tokens in vocab
1062	ngu	no tokens in vocab
1063	ngpus_excl_alloc	no tokens in vocab
1064	ngx	no tokens in vocab
1065	ngpus_shared_alloc	no tokens in vocab
1066	ngpus_shared_jexcl_alloc	no tokens in vocab
1067	ngsjx	no tokens in vocab
1068	ngpus_excl_avail	no tokens in vocab
1069	ngfx	no tokens in vocab
1070	ngpus_shared_avail	no tokens in vocab
1071	ngf	no tokens in vocab
1072	attr	no tokens in vocab
1073	mig_alloc	no tokens in vocab
1075	available_mem	no tokens in vocab
1076	reserved_mem	no tokens in vocab
1077	total_mem	no tokens in vocab
1083	-aff	no tokens in vocab
1094	gpu_mode	no tokens in vocab
1095	gpu_model	no tokens in vocab
1097	width colon width	no tokens in vocab
1098	width	no tokens in vocab
1105	mytime:	no tokens in vocab
1122	gpu_statu	no tokens in vocab
1123	gpu_error	no tokens in vocab
1124	gpu_error0 gpu_error1 gpus.	no tokens in vocab
1126	json	no tokens in vocab
1136	window	no tokens in vocab
1143	lsb.event	no tokens in vocab
1170	usera	no tokens in vocab
1172	userb	no tokens in vocab
1182	lock_id	no tokens in vocab
1190	capability	no tokens in vocab
1195	job_id	no tokens in vocab
1197	battach	no tokens in vocab
1206	dns	no tokens in vocab
1208	mechanism	no tokens in vocab
1211	notation	no tokens in vocab
1234	rule	no tokens in vocab
1236	nis	no tokens in vocab
1263	host-	no tokens in vocab
1276	sun solari	no tokens in vocab
1279	previous	no tokens in vocab
1303	ipv	no tokens in vocab
1306	module	no tokens in vocab
1308	-w	no tokens in vocab
1316	bacct	no tokens in vocab
1317	bhist	no tokens in vocab
1318	bjob	no tokens in vocab
1320	blaunch	no tokens in vocab
1321	blimit	no tokens in vocab
1322	bmig	no tokens in vocab
1323	bmod	no tokens in vocab
1324	bpeek	no tokens in vocab
1325	brestart	no tokens in vocab
1327	brsvadd	no tokens in vocab
1328	brsvmod	no tokens in vocab
1329	brsv	no tokens in vocab
1335	square bracket	no tokens in vocab
1337	hyphen colon	no tokens in vocab
1341	hosta2b1.example.com	no tokens in vocab
1345	host1.example.com host2.example.com host3.example.com	no tokens in vocab
1346	host10.example.com	no tokens in vocab
1380	lsf_tmpdir	no tokens in vocab
1394	ttl	no tokens in vocab
1395	lsb.application	no tokens in vocab
1399	-cwd	no tokens in vocab
1401	cwd	no tokens in vocab
1421	-outdir	no tokens in vocab
1427	null device	no tokens in vocab
1434	user_name	no tokens in vocab
1435	mail	no tokens in vocab
1436	-notify	no tokens in vocab
1441	notification	no tokens in vocab
1444	-ne	no tokens in vocab
1448	output_file	no tokens in vocab
1449	error_file	no tokens in vocab
1454	j job_id	no tokens in vocab
1455	index_id	no tokens in vocab
1476	lsb_job_report_mail	no tokens in vocab
1494	jobcwd	no tokens in vocab
1496	pwd	no tokens in vocab
1503	lsb.application lsb.param	no tokens in vocab
1515	job_spool_dir lsb.param	no tokens in vocab
1517	job_spool_dir	no tokens in vocab
1523	content	no tokens in vocab
1525	-is	no tokens in vocab
1527	tmpdir	no tokens in vocab
1532	lsb_set_tmpdir	no tokens in vocab
1534	s1node	no tokens in vocab
1536	echo	no tokens in vocab
1543	-s	no tokens in vocab
1554	gpu	no tokens in vocab
1558	subsystem	no tokens in vocab
1559	device	no tokens in vocab
1563	significant power	no tokens in vocab
1564	gpu power	no tokens in vocab
1568	dcgm	no tokens in vocab
1570	statu gpu	no tokens in vocab
1582	lib	no tokens in vocab
1588	sp2	no tokens in vocab
1590	amd gpu	no tokens in vocab
1593	cuda	no tokens in vocab
1597	element	no tokens in vocab
1607	criterion	no tokens in vocab
1609	gpu pci	no tokens in vocab
1618	mig device	no tokens in vocab
1620	mig device isolation	no tokens in vocab
1622	lsf_manage_mig	no tokens in vocab
1625	gi ci	no tokens in vocab
1631	lsb_resource_enforce	no tokens in vocab
1634	-gpu	no tokens in vocab
1636	-gpuload	no tokens in vocab
1639	nvidia	no tokens in vocab
1651	exclusive_process	no tokens in vocab
1652	glink	no tokens in vocab
1653	gpack	no tokens in vocab
1654	gvendor	no tokens in vocab
1655	gmodel	no tokens in vocab
1656	tile_num	no tokens in vocab
1662	per_task	no tokens in vocab
1670	mps	no tokens in vocab
1674	amd mp	no tokens in vocab
1683	nocvd	no tokens in vocab
1684	cuda_visible_device	no tokens in vocab
1691	per_gpu	no tokens in vocab
1695	specifie	no tokens in vocab
1699	aff	no tokens in vocab
1712	gpu0 rank	no tokens in vocab
1713	gpu1 rank	no tokens in vocab
1714	gpu2 tank	no tokens in vocab
1715	gpu3 rank	no tokens in vocab
1716	conflict aff	no tokens in vocab
1730	docker	no tokens in vocab
1735	nvidia gpu	no tokens in vocab
1739	short_model_name	no tokens in vocab
1746	exclamation mark	no tokens in vocab
1751	nvlink	no tokens in vocab
1754	gpu vendor	no tokens in vocab
1758	mig	no tokens in vocab
1759	addition nvidia mig	no tokens in vocab
1774	count	no tokens in vocab
1779	rank	no tokens in vocab
1783	underscore	no tokens in vocab
1808	myjob	no tokens in vocab
1813	project	no tokens in vocab
1815	mmand	no tokens in vocab
1828	pid	no tokens in vocab
1848	traffic	no tokens in vocab
1850	article	no tokens in vocab
1868	packing	no tokens in vocab
1874	lsmake	no tokens in vocab
1898	acct_archive_time	no tokens in vocab
1900	acct_archive_age	no tokens in vocab
1901	acct_archive_size	no tokens in vocab
1906	max_acct_archive_file	no tokens in vocab
1927	reasonable	no tokens in vocab
1937	brequeue	no tokens in vocab
1938	totalview	no tokens in vocab
1950	lsb_sharedir	no tokens in vocab
1965	file_path\hostregsetup	no tokens in vocab
1975	float_client	no tokens in vocab
1977	float_clients_addr_range	no tokens in vocab
1986	midnight	no tokens in vocab
2005	bwait	no tokens in vocab
2062	decrease	no tokens in vocab
2079	situation	no tokens in vocab
2094	lsf_envdir/.hosts.dnscache	no tokens in vocab
2124	lsfproxyd	no tokens in vocab
2125	rate limiter	no tokens in vocab
2134	lsb_query_enh	no tokens in vocab
2136	bread	no tokens in vocab
2137	bstatu	no tokens in vocab
2138	tspeek	no tokens in vocab
2139	lsb_query_port	no tokens in vocab
2147	min_refresh_time	no tokens in vocab
2149	mbd_refresh_time	no tokens in vocab
2177	newjob_refresh	no tokens in vocab
2200	pack	no tokens in vocab
2223	diagnose_logdir	no tokens in vocab
2224	enable_diagnose	no tokens in vocab
2225	lsb.param	no tokens in vocab
2231	lsdamin	no tokens in vocab
2237	millisecond	no tokens in vocab
2248	enabled	no tokens in vocab
2253	lsf_proxyd_bypass	no tokens in vocab
2254	lsf_proxyd_heartbeat_interval	no tokens in vocab
2256	lsf_proxyd_token_wait_time	no tokens in vocab
2257	lsf_addon_host	no tokens in vocab
2263	diagnostic	no tokens in vocab
2277	sample period	no tokens in vocab
2279	job_submission	no tokens in vocab
2307	profile dump	no tokens in vocab
2312	stack	no tokens in vocab
2314	function	no tokens in vocab
2324	job_switch	no tokens in vocab
2326	array element	no tokens in vocab
2335	array	no tokens in vocab
2347	lsf_intelligent_cpu_bind	no tokens in vocab
2349	lsf_daemons_cpu	no tokens in vocab
2350	mbd_query_cpu	no tokens in vocab
2357	explorer	no tokens in vocab
2364	http	no tokens in vocab
2370	energy	no tokens in vocab
2371	gpfsio	no tokens in vocab
2377	energy function	no tokens in vocab
2379	lsf_enable_beat_service	no tokens in vocab
2380	gpfsio function	no tokens in vocab
2390	chapter	no tokens in vocab
2422	formula	no tokens in vocab
2424	max_sbd_conn	no tokens in vocab
2425	maximum_number_of_host	no tokens in vocab
2440	buffer	no tokens in vocab
2448	scheduler	no tokens in vocab
2451	evaluation	no tokens in vocab
2460	number_of_thread	no tokens in vocab
2462	lsf_strict_resreq	no tokens in vocab
2466	evaluate_job_dependency	no tokens in vocab
2468	endpoint	no tokens in vocab
2476	max_concurrent_query	no tokens in vocab
2495	lsb_max_probe_sbd	no tokens in vocab
2513	min_switch_period	no tokens in vocab
2519	hour period	no tokens in vocab
2521	period	no tokens in vocab
2531	max_info_dir	no tokens in vocab
2544	caution	no tokens in vocab
2559	statistic	no tokens in vocab
2560	bapp	no tokens in vocab
2563	battr	no tokens in vocab
2566	bbot	no tokens in vocab
2567	bchkpnt	no tokens in vocab
2569	bcluster	no tokens in vocab
2571	bdata	no tokens in vocab
2573	bentag	no tokens in vocab
2575	bgadd	no tokens in vocab
2577	bgdel	no tokens in vocab
2579	bgmod	no tokens in vocab
2581	bgpinfo	no tokens in vocab
2582	bhpart	no tokens in vocab
2583	bimage	no tokens in vocab
2585	bjgroup	no tokens in vocab
2589	bladmin	no tokens in vocab
2592	blcstat	no tokens in vocab
2593	blinfo	no tokens in vocab
2594	blkill	no tokens in vocab
2595	blparam	no tokens in vocab
2596	blstat	no tokens in vocab
2597	bluser	no tokens in vocab
2598	bmgroup	no tokens in vocab
2602	bpost	no tokens in vocab
2609	bresource	no tokens in vocab
2612	brlainfo	no tokens in vocab
2613	advance reservation	no tokens in vocab
2614	brsvdel	no tokens in vocab
2615	brsvjob	no tokens in vocab
2617	reservation	no tokens in vocab
2618	brsvsub	no tokens in vocab
2620	brun	no tokens in vocab
2623	bslot	no tokens in vocab
2630	btop	no tokens in vocab
2631	bugroup	no tokens in vocab
2632	buser	no tokens in vocab
2634	gpolicyd	no tokens in vocab
2636	lsfinstall	no tokens in vocab
2637	lsfrestart	no tokens in vocab
2638	lsfshutdown	no tokens in vocab
2639	lsfstartup	no tokens in vocab
2642	lsloadadj	no tokens in vocab
2643	adjust	no tokens in vocab
2645	lspasswd	no tokens in vocab
2647	lsplace	no tokens in vocab
2648	lsportcheck	no tokens in vocab
2656	pam	no tokens in vocab
2657	patchinstall	no tokens in vocab
2660	ssacct	no tokens in vocab
2661	taskman	no tokens in vocab
2664	tssub	no tokens in vocab
2665	wgpasswd	no tokens in vocab
2669	synopsi	no tokens in vocab
2670	-b	no tokens in vocab
2671	-uf	no tokens in vocab
2672	-app	no tokens in vocab
2673	application_profile_name	no tokens in vocab
2674	logfile_name	no tokens in vocab
2675	-lp	no tokens in vocab
2676	ls_project_name	no tokens in vocab
2679	rc_account_name	no tokens in vocab
2681	-sla	no tokens in vocab
2682	service_class_name	no tokens in vocab
2683	-h	no tokens in vocab
2690	throughput	no tokens in vocab
2707	mtotal	no tokens in vocab
2709	mrsv	no tokens in vocab
2718	profile	no tokens in vocab
2724	lsf_query_es_server	no tokens in vocab
2731	-rcacct	no tokens in vocab
2766	turnaround	no tokens in vocab
2778	project_name	no tokens in vocab
2780	lsf_unit_for_limit	no tokens in vocab
2785	cpu_peak	no tokens in vocab
2791	mem_efficiency	no tokens in vocab
2793	input_file	no tokens in vocab
2799	job_idle	no tokens in vocab
2800	overrun	no tokens in vocab
2803	job_description	no tokens in vocab
2810	construct	no tokens in vocab
2817	rsvid	no tokens in vocab
2820	creator	no tokens in vocab
2821	ncpu	no tokens in vocab
2833	excl	no tokens in vocab
2843	numa	no tokens in vocab
2844	integer	no tokens in vocab
2846	pol	no tokens in vocab
2850	pack myjob	no tokens in vocab
2852	thu feb	no tokens in vocab
2853	home	no tokens in vocab
2855	cpu_peak cpu_peak_duration cpu_peak_efficiency	no tokens in vocab
2856	cpu_avg_efficiency mem_efficiency	no tokens in vocab
2861	parenthesi	no tokens in vocab
2875	preemption	no tokens in vocab
2891	dev null	no tokens in vocab
2896	hour	no tokens in vocab
2900	summary	no tokens in vocab
2909	thu sep	no tokens in vocab
2913	-ar	no tokens in vocab
2914	-rnc	no tokens in vocab
2917	num_host	no tokens in vocab
2918	resize notification	no tokens in vocab
2926	privileged subcommand	no tokens in vocab
2927	diagnose	no tokens in vocab
2933	hghostdel	no tokens in vocab
2935	hpower	no tokens in vocab
2936	mbddebug	no tokens in vocab
2939	perfmon	no tokens in vocab
2948	subcommand synopsi	no tokens in vocab
2949	ckconfig	no tokens in vocab
2951	jobreq	no tokens in vocab
2952	xml	no tokens in vocab
2953	duration	no tokens in vocab
2955	timing_level	no tokens in vocab
2957	compute_unit	no tokens in vocab
2960	disable	no tokens in vocab
2964	log_queue_size	no tokens in vocab
2967	sample_period	no tokens in vocab
2968	setperiod	no tokens in vocab
2971	qhist	no tokens in vocab
2975	-json	no tokens in vocab
2995	required	no tokens in vocab
2999	xml json	no tokens in vocab
3018	logging	no tokens in vocab
3035	class	no tokens in vocab
3039	lc_comm	no tokens in vocab
3043	lc_trace	no tokens in vocab
3044	lc_xdr	no tokens in vocab
3045	xdr	no tokens in vocab
3050	debug_level	no tokens in vocab
3058	temporary debug setting	no tokens in vocab
3059	dynamically	no tokens in vocab
3066	disable interaction	no tokens in vocab
3077	temporary timing setting	no tokens in vocab
3079	word	no tokens in vocab
3096	confirmation	no tokens in vocab
3097	power	no tokens in vocab
3098	reset	no tokens in vocab
3113	disabled	no tokens in vocab
3119	category	no tokens in vocab
3123	sampling period	no tokens in vocab
3145	lsfproxydhost	no tokens in vocab
3154	estimator	no tokens in vocab
3169	lsb.stream	no tokens in vocab
3179	bucket	no tokens in vocab
3203	timing	no tokens in vocab
3209	advance reservation modification	no tokens in vocab
3211	lc_af lc2_af	no tokens in vocab
3215	lc_dce lc2_dce	no tokens in vocab
3223	lc_file lc2_file	no tokens in vocab
3225	sla	no tokens in vocab
3231	lc_m_log lc2_m_log	no tokens in vocab
3238	lc_perfm lc2_perfm	no tokens in vocab
3240	lc_pim lc2_pim	no tokens in vocab
3258	log_debug	no tokens in vocab
3273	truncation	no tokens in vocab
3276	percentage	no tokens in vocab
3278	nice	no tokens in vocab
3288	env_var	no tokens in vocab
3289	pair	no tokens in vocab
3292	cpu.share cpu.weight	no tokens in vocab
3295	initial	no tokens in vocab
3298	lsb_cgroup_cpu_shares_old_default	no tokens in vocab
3300	positive integer	no tokens in vocab
3304	cpulimit	no tokens in vocab
3307	memlimit	no tokens in vocab
3312	processlimit	no tokens in vocab
3313	swaplimit	no tokens in vocab
3314	tasklimit	no tokens in vocab
3317	runlimit	no tokens in vocab
3324	bind_job	no tokens in vocab
3325	chkpnt_dir	no tokens in vocab
3329	checkpoint period	no tokens in vocab
3334	pre_exec	no tokens in vocab
3339	host_pre_exec	no tokens in vocab
3348	local_max_preexec_retry_action	no tokens in vocab
3350	job_include_postproc	no tokens in vocab
3351	job_postproc_timeout	no tokens in vocab
3353	timeout	no tokens in vocab
3354	requeue_exit_value	no tokens in vocab
3358	rerunnable	no tokens in vocab
3362	suspend_control	no tokens in vocab
3366	job_cwd_ttl	no tokens in vocab
3367	job_size_list	no tokens in vocab
3370	pend_time_limit	no tokens in vocab
3372	alarm action	no tokens in vocab
3391	argument	no tokens in vocab
3398	host_group	no tokens in vocab
3399	battr reset -cluster_affinity	no tokens in vocab
3403	letter	no tokens in vocab
3407	length	no tokens in vocab
3452	element array	no tokens in vocab
3454	position	no tokens in vocab
3459	-k	no tokens in vocab
3470	periodic checkpointing	no tokens in vocab
3472	fault tolerance	no tokens in vocab
3475	aaa	no tokens in vocab
3482	bchkpnt -p	no tokens in vocab
3501	disc	no tokens in vocab
3509	import	no tokens in vocab
3512	export	no tokens in vocab
3526	action object_type	no tokens in vocab
3530	hostgroup	no tokens in vocab
3531	gpool	no tokens in vocab
3532	serviceclass	no tokens in vocab
3548	lsb.serviceclasse	no tokens in vocab
3568	restriction	no tokens in vocab
3575	group_name	no tokens in vocab
3584	semicolon	no tokens in vocab
3605	-pack	no tokens in vocab
3619	per_host	no tokens in vocab
3642	rerun	no tokens in vocab
3660	-g	no tokens in vocab
3661	-dmd	no tokens in vocab
3663	bdata chgrp	no tokens in vocab
3664	user_group_name	no tokens in vocab
3665	-tag	no tokens in vocab
3666	tag_name	no tokens in vocab
3667	bdata chmod	no tokens in vocab
3669	tag cleanup	no tokens in vocab
3680	chgrp	no tokens in vocab
3681	chmod	no tokens in vocab
3682	showconf	no tokens in vocab
3684	folder	no tokens in vocab
3699	grace period	no tokens in vocab
3705	hash	no tokens in vocab
3708	staging	no tokens in vocab
3713	linked statu	no tokens in vocab
3715	grace	no tokens in vocab
3720	statu transferred	no tokens in vocab
3735	modified	no tokens in vocab
3744	hash statu	no tokens in vocab
3745	xfer_job grace	no tokens in vocab
3748	-data	no tokens in vocab
3750	-datagrp	no tokens in vocab
3762	destination	no tokens in vocab
3764	e2fff	no tokens in vocab
3765	transferred	no tokens in vocab
3768	xfer_job	no tokens in vocab
3770	design	no tokens in vocab
3771	statu linked	no tokens in vocab
3779	rwxr	no tokens in vocab
3780	finished	no tokens in vocab
3782	modified tue apr	no tokens in vocab
3791	rwxr x---	no tokens in vocab
3810	digit	no tokens in vocab
3828	upload	no tokens in vocab
3830	bdata showconf	no tokens in vocab
3832	cache_input_grace_period	no tokens in vocab
3833	cache_output_grace_period	no tokens in vocab
3834	lsb_time_dmd	no tokens in vocab
3847	hamburg	no tokens in vocab
3848	toulouse	no tokens in vocab
3850	waterloo dmd3.waterloo	no tokens in vocab
3851	venice	no tokens in vocab
3859	shutdown	no tokens in vocab
3863	cpu_frequency	no tokens in vocab
3870	energy tag	no tokens in vocab
3882	runtime	no tokens in vocab
3884	kwh	no tokens in vocab
3886	frequency	no tokens in vocab
3887	negative	no tokens in vocab
3889	positive	no tokens in vocab
3900	ghz	no tokens in vocab
3904	job_group_name	no tokens in vocab
3919	risk_group portfolio	no tokens in vocab
3921	idle_time	no tokens in vocab
3930	subgroup	no tokens in vocab
3931	bgdel risk_group	no tokens in vocab
3934	-ln	no tokens in vocab
3941	canada	no tokens in vocab
3950	participant	no tokens in vocab
3954	sync_interval	no tokens in vocab
3957	sync_mode	no tokens in vocab
3962	reserved	no tokens in vocab
3963	cpu_time	no tokens in vocab
3967	run_time	no tokens in vocab
3971	run_time hist_run_time adjust	no tokens in vocab
3984	participant statu	no tokens in vocab
3986	-cname	no tokens in vocab
3987	start_time end_time	no tokens in vocab
3991	-j	no tokens in vocab
3992	-jd	no tokens in vocab
3994	week	no tokens in vocab
4005	expression	no tokens in vocab
4013	esub	no tokens in vocab
4030	-aps	no tokens in vocab
4031	-apsn	no tokens in vocab
4032	-arn	no tokens in vocab
4035	-epn	no tokens in vocab
4039	-kn	no tokens in vocab
4043	-ul	no tokens in vocab
4046	-wen	no tokens in vocab
4065	search	no tokens in vocab
4076	print	no tokens in vocab
4079	rusage	no tokens in vocab
4102	initial checkpoint period	no tokens in vocab
4112	alternative	no tokens in vocab
4124	card1 card2 card	no tokens in vocab
4139	-src	no tokens in vocab
4141	-dst	no tokens in vocab
4149	-hostfile	no tokens in vocab
4150	my_data_job	no tokens in vocab
4161	end_time	no tokens in vocab
4162	year	no tokens in vocab
4165	month	no tokens in vocab
4166	january	no tokens in vocab
4167	december	no tokens in vocab
4177	occurrence	no tokens in vocab
4179	february	no tokens in vocab
4184	feb	no tokens in vocab
4187	april	no tokens in vocab
4188	field_name	no tokens in vocab
4189	-attr	no tokens in vocab
4190	-alloc	no tokens in vocab
4191	-noheader	no tokens in vocab
4192	condense	no tokens in vocab
4197	connector	no tokens in vocab
4209	powerpolicy	no tokens in vocab
4214	suspending	no tokens in vocab
4221	heading	no tokens in vocab
4222	corelimit	no tokens in vocab
4224	unlimited width	no tokens in vocab
4225	justified	no tokens in vocab
4240	eadmin	no tokens in vocab
4245	-loc	no tokens in vocab
4286	closed_busy	no tokens in vocab
4288	closed_ego	no tokens in vocab
4290	closed_excl	no tokens in vocab
4292	closed_lim	no tokens in vocab
4293	closed_lock	no tokens in vocab
4296	closed_rc	no tokens in vocab
4309	activity	no tokens in vocab
4313	difference	no tokens in vocab
4317	checkpointing	no tokens in vocab
4320	hclose hopen	no tokens in vocab
4326	unavail	no tokens in vocab
4338	computation	no tokens in vocab
4350	gpu_id	no tokens in vocab
4352	vendor	no tokens in vocab
4375	provider aw	no tokens in vocab
4380	slash	no tokens in vocab
4406	container	no tokens in vocab
4421	container image	no tokens in vocab
4432	bjdepinfo	no tokens in vocab
4450	dependency	no tokens in vocab
4458	bjgroup -s	no tokens in vocab
4459	puccini	no tokens in vocab
4482	venezia	no tokens in vocab
4500	filter	no tokens in vocab
4502	-ss	no tokens in vocab
4510	-fwd	no tokens in vocab
4512	-hms	no tokens in vocab
4518	-pi	no tokens in vocab
4522	-psum	no tokens in vocab
4524	-rusage	no tokens in vocab
4527	-sum	no tokens in vocab
4533	-wl	no tokens in vocab
4537	bjob -a	no tokens in vocab
4543	bjob -ap	no tokens in vocab
4544	aps	no tokens in vocab
4547	high	no tokens in vocab
4558	bjob -data	no tokens in vocab
4566	output_from_j	no tokens in vocab
4568	-env	no tokens in vocab
4582	risk_group	no tokens in vocab
4608	joba	no tokens in vocab
4634	bmod -a	no tokens in vocab
4639	consideration	no tokens in vocab
4641	bjob l	no tokens in vocab
4653	justification bjob	no tokens in vocab
4654	statement	no tokens in vocab
4658	lsb_bjobs_format	no tokens in vocab
4659	width alia	no tokens in vocab
4660	jobindex	no tokens in vocab
4662	proj_name	no tokens in vocab
4663	proj	no tokens in vocab
4665	service_class	no tokens in vocab
4666	job_group	no tokens in vocab
4668	job_priority	no tokens in vocab
4669	kill_reason	no tokens in vocab
4671	suspend_reason	no tokens in vocab
4679	resume_reason	no tokens in vocab
4680	kill_issue_host	no tokens in vocab
4681	resume_issue_host	no tokens in vocab
4683	pend_reason	no tokens in vocab
4687	saap	no tokens in vocab
4689	cmd	no tokens in vocab
4690	pre_exec_command	no tokens in vocab
4691	pre_cmd	no tokens in vocab
4692	post_cmd	no tokens in vocab
4695	exit_code	no tokens in vocab
4696	exit_reason	no tokens in vocab
4697	exec_host	no tokens in vocab
4698	nexec_host	no tokens in vocab
4702	alloc_slot	no tokens in vocab
4704	nalloc_slot	no tokens in vocab
4705	host_file	no tokens in vocab
4706	nreq_slot	no tokens in vocab
4708	specified_start_time	no tokens in vocab
4710	specified_terminate_time	no tokens in vocab
4711	deadline	no tokens in vocab
4713	finish_time	no tokens in vocab
4714	estimated_run_time	no tokens in vocab
4715	ertime	no tokens in vocab
4718	ru_utime	no tokens in vocab
4720	ru_stime	no tokens in vocab
4722	warning_action	no tokens in vocab
4725	action_warning_time	no tokens in vocab
4726	warn_time	no tokens in vocab
4727	pend_time	no tokens in vocab
4728	ependtime	no tokens in vocab
4729	estimated_sim_start_time	no tokens in vocab
4730	simulation	no tokens in vocab
4731	effective_plimit	no tokens in vocab
4732	plimit_remain	no tokens in vocab
4735	effective_eplimit	no tokens in vocab
4736	eplimit_remain	no tokens in vocab
4739	exception handling	no tokens in vocab
4740	exception_statu	no tokens in vocab
4741	except_stat	no tokens in vocab
4743	lsf_unit_for	no tokens in vocab
4744	max_mem	no tokens in vocab
4746	avg_mem	no tokens in vocab
4750	gnum	no tokens in vocab
4752	gpu_alloc	no tokens in vocab
4753	nthread	no tokens in vocab
4756	hrusage	no tokens in vocab
4757	min_req_proc	no tokens in vocab
4759	max_req_proc	no tokens in vocab
4760	effective_resreq	no tokens in vocab
4761	eresreq	no tokens in vocab
4764	combined_resreq	no tokens in vocab
4765	cresreq	no tokens in vocab
4766	network_req	no tokens in vocab
4769	eplimit	no tokens in vocab
4773	output_dir	no tokens in vocab
4778	forward_cluster	no tokens in vocab
4779	fwd_cluster	no tokens in vocab
4780	multicluster	no tokens in vocab
4782	energy joule	no tokens in vocab
4787	cpu_efficiency fix pack	no tokens in vocab
4788	cpu_peak_efficiency fix pack	no tokens in vocab
4791	average_cpu_efficiency	no tokens in vocab
4793	cpu_peak_reached_duration	no tokens in vocab
4796	plan_start_time	no tokens in vocab
4798	plan_finish_time	no tokens in vocab
4803	lsb_jobid_disp_length	no tokens in vocab
4813	bjob -p	no tokens in vocab
4833	bjob -pe	no tokens in vocab
4839	bjob -pei	no tokens in vocab
4842	bjob -plan	no tokens in vocab
4850	secure_job_info_level	no tokens in vocab
4889	sooke	no tokens in vocab
4895	ssched_update_summary_by_task	no tokens in vocab
4897	bjob -sum	no tokens in vocab
4901	psusp	no tokens in vocab
4909	advanced reservation	no tokens in vocab
4912	bjob -u	no tokens in vocab
4919	tue	no tokens in vocab
4958	-ep	no tokens in vocab
4972	-we	no tokens in vocab
5001	vsz rss	no tokens in vocab
5005	pgid	no tokens in vocab
5008	filelimit	no tokens in vocab
5009	datalimit	no tokens in vocab
5010	stacklimit	no tokens in vocab
5036	-stat	no tokens in vocab
5038	signal_value	no tokens in vocab
5048	manner	no tokens in vocab
5079	sigstop	no tokens in vocab
5092	tofino	no tokens in vocab
5100	blcdebug	no tokens in vocab
5102	daemon_name.log.host_name	no tokens in vocab
5104	lc_flex	no tokens in vocab
5108	lc_resreq	no tokens in vocab
5111	collector_name	no tokens in vocab
5113	collector	no tokens in vocab
5118	-z	no tokens in vocab
5119	-use	no tokens in vocab
5124	mpi implementation	no tokens in vocab
5132	sigkill sigstop sigcont	no tokens in vocab
5133	cmd.exe	no tokens in vocab
5141	null	no tokens in vocab
5151	blcollect	no tokens in vocab
5154	lmstat_path	no tokens in vocab
5173	lic_collector	no tokens in vocab
5189	blhost	no tokens in vocab
5193	bld	no tokens in vocab
5195	limit_name	no tokens in vocab
5197	-gl	no tokens in vocab
5201	maxmem	no tokens in vocab
5218	lic_project	no tokens in vocab
5219	app	no tokens in vocab
5243	per_user	no tokens in vocab
5255	ineligible	no tokens in vocab
5256	token_name	no tokens in vocab
5257	alpha	no tokens in vocab
5258	blinfo -a	no tokens in vocab
5264	blinfo -g	no tokens in vocab
5265	feature_group	no tokens in vocab
5287	flexnet	no tokens in vocab
5292	lm_license_name	no tokens in vocab
5294	lic_server	no tokens in vocab
5297	port_number@host_name	no tokens in vocab
5299	ls_log_mask log_mask	no tokens in vocab
5303	ls_log_mask	no tokens in vocab
5304	log_warning	no tokens in vocab
5306	debugging	no tokens in vocab
5307	lsf_lic_sched_host	no tokens in vocab
5308	lsf_lic_sched_preempt_requeue	no tokens in vocab
5310	lsf_lic_sched_preempt_slot_release	no tokens in vocab
5315	entry	no tokens in vocab
5318	non_shared	no tokens in vocab
5325	non_shared_distribution	no tokens in vocab
5326	workload_distribution	no tokens in vocab
5327	task_id	no tokens in vocab
5335	service_domain_name	no tokens in vocab
5336	avail	no tokens in vocab
5337	-slot	no tokens in vocab
5343	justification blstat	no tokens in vocab
5351	service_domain_alloc	no tokens in vocab
5353	service_domain_use	no tokens in vocab
5354	service_domain_inuse	no tokens in vocab
5355	proj_name project	no tokens in vocab
5356	project_own	no tokens in vocab
5358	project_inuse	no tokens in vocab
5360	project_free	no tokens in vocab
5362	project_limit	no tokens in vocab
5363	proj_limit	no tokens in vocab
5379	free	no tokens in vocab
5384	mark	no tokens in vocab
5389	total_token	no tokens in vocab
5396	inuse	no tokens in vocab
5418	consumer	no tokens in vocab
5424	alloc	no tokens in vocab
5440	total_use	no tokens in vocab
5441	clusterb	no tokens in vocab
5447	lp1	no tokens in vocab
5448	lp2	no tokens in vocab
5449	service_domain sd	no tokens in vocab
5453	bltask	no tokens in vocab
5463	effective_project	no tokens in vocab
5464	proper project	no tokens in vocab
5469	-lm	no tokens in vocab
5482	rlm	no tokens in vocab
5485	feature_name	no tokens in vocab
5495	oct	no tokens in vocab
5497	inuse effective_project	no tokens in vocab
5498	sd1	no tokens in vocab
5508	member subgroup	no tokens in vocab
5517	duplicate	no tokens in vocab
5530	checkpoint	no tokens in vocab
5544	user_group	no tokens in vocab
5555	-hl	no tokens in vocab
5558	-rn	no tokens in vocab
5562	begin_time	no tokens in vocab
5563	-cn	no tokens in vocab
5564	-cluster	no tokens in vocab
5566	current_working_directory	no tokens in vocab
5569	-datachk	no tokens in vocab
5570	-en	no tokens in vocab
5572	-eo	no tokens in vocab
5573	external_scheduler_option	no tokens in vocab
5581	-isn	no tokens in vocab
5583	-jobaff	no tokens in vocab
5584	attribute_name	no tokens in vocab
5589	mem_limit	no tokens in vocab
5590	-mn	no tokens in vocab
5591	-mig	no tokens in vocab
5592	min_task	no tokens in vocab
5596	-on	no tokens in vocab
5597	-oo	no tokens in vocab
5598	-oon	no tokens in vocab
5603	-qn	no tokens in vocab
5605	-rncn	no tokens in vocab
5608	-sp	no tokens in vocab
5609	-spn	no tokens in vocab
5610	-stage	no tokens in vocab
5613	-tn	no tokens in vocab
5614	-ti	no tokens in vocab
5616	-un	no tokens in vocab
5617	swap_limit	no tokens in vocab
5618	-vn	no tokens in vocab
5619	dependency_expression	no tokens in vocab
5620	-wn	no tokens in vocab
5621	chkpnt	no tokens in vocab
5623	-wt	no tokens in vocab
5626	-zs	no tokens in vocab
5628	-zsn	no tokens in vocab
5675	modification	no tokens in vocab
5676	specification	no tokens in vocab
5682	phase	no tokens in vocab
5695	compound	no tokens in vocab
5715	bmod -slan	no tokens in vocab
5725	bmod -ap	no tokens in vocab
5760	limitation	no tokens in vocab
5769	previous bpeek	no tokens in vocab
5771	message_index	no tokens in vocab
5773	critical	no tokens in vocab
5822	lsb_bqueues_format	no tokens in vocab
5823	corelimit max_corelimit	no tokens in vocab
5849	inactive	no tokens in vocab
5861	sigint sigterm sigkill	no tokens in vocab
5869	threadlimit	no tokens in vocab
5907	aps_priority	no tokens in vocab
5908	fairshare	no tokens in vocab
5910	backfill	no tokens in vocab
5913	back-filling	no tokens in vocab
5914	mxj	no tokens in vocab
5917	exclusive	no tokens in vocab
5920	-ip	no tokens in vocab
5923	sla_guarantees_ignore	no tokens in vocab
5924	fairshare_queue	no tokens in vocab
5925	queue_group	no tokens in vocab
5944	run_window	no tokens in vocab
5965	local_max_preexec_retry	no tokens in vocab
5969	range	no tokens in vocab
5972	slot_reserve	no tokens in vocab
5973	stop_cond	no tokens in vocab
5976	preemptive	no tokens in vocab
5978	rc_host	no tokens in vocab
5985	chkpntperiod	no tokens in vocab
5995	run_time_factor	no tokens in vocab
5997	cpu_time_factor	no tokens in vocab
5998	enable_hist_run_time	no tokens in vocab
6000	run_time_decay	no tokens in vocab
6005	hist_hour	no tokens in vocab
6007	run_job_factor	no tokens in vocab
6012	file_name	no tokens in vocab
6018	job_atta_dir	no tokens in vocab
6057	bresize	no tokens in vocab
6073	bresize cancel	no tokens in vocab
6095	resource_name	no tokens in vocab
6101	guaranteedresourcepool	no tokens in vocab
6112	pool	no tokens in vocab
6117	guarantee pool	no tokens in vocab
6118	guarantee	no tokens in vocab
6131	loan	no tokens in vocab
6140	bsub_option	no tokens in vocab
6142	host_model	no tokens in vocab
6143	checkpoint_dir	no tokens in vocab
6162	enable_user_resume	no tokens in vocab
6176	nnode	no tokens in vocab
6195	post_ar_script	no tokens in vocab
6197	job_slot	no tokens in vocab
6199	time_window	no tokens in vocab
6202	-unit	no tokens in vocab
6210	-nosusp	no tokens in vocab
6218	placeholder	no tokens in vocab
6223	yyyy	no tokens in vocab
6232	ar_name	no tokens in vocab
6234	ar_start_time	no tokens in vocab
6235	ar_end_time	no tokens in vocab
6236	ar_jobid	no tokens in vocab
6238	ar_creator	no tokens in vocab
6239	ar_owner	no tokens in vocab
6241	-et	no tokens in vocab
6247	success failure	no tokens in vocab
6251	creator advance reservation	no tokens in vocab
6255	-ept	no tokens in vocab
6264	number_host	no tokens in vocab
6265	advance	no tokens in vocab
6274	sunday	no tokens in vocab
6275	hour hour	no tokens in vocab
6276	syntax	no tokens in vocab
6286	today	no tokens in vocab
6289	reservation user1#	no tokens in vocab
6291	groupa groupb	no tokens in vocab
6292	reservation groupa#	no tokens in vocab
6297	lsb_disable_suspend_ar_job	no tokens in vocab
6301	brsvjob user1#	no tokens in vocab
6302	comm	no tokens in vocab
6305	ecution cwd	no tokens in vocab
6308	-etn	no tokens in vocab
6312	number_unit	no tokens in vocab
6313	reservation_id	no tokens in vocab
6315	brsvmod rmhost	no tokens in vocab
6322	original	no tokens in vocab
6335	date	no tokens in vocab
6339	friday	no tokens in vocab
6351	rmhost	no tokens in vocab
6356	rmuser	no tokens in vocab
6361	termination	no tokens in vocab
6364	replace	no tokens in vocab
6380	policy_name	no tokens in vocab
6394	reservation placeholder	no tokens in vocab
6408	user1#	no tokens in vocab
6410	hosta:0/	no tokens in vocab
6412	reservation statu	no tokens in vocab
6425	finish	no tokens in vocab
6427	beginning	no tokens in vocab
6441	goal	no tokens in vocab
6445	target	no tokens in vocab
6447	throughput goal	no tokens in vocab
6449	sla throughput	no tokens in vocab
6456	sla guarantee goal	no tokens in vocab
6457	access_control	no tokens in vocab
6463	capacity	no tokens in vocab
6468	ego_res_req	no tokens in vocab
6470	max_host_idle_time	no tokens in vocab
6477	duncan	no tokens in vocab
6478	timewindow	no tokens in vocab
6479	deadline timewindow	no tokens in vocab
6480	daytime nighttime sla	no tokens in vocab
6485	goal velocity	no tokens in vocab
6486	goal deadline	no tokens in vocab
6495	backfill window	no tokens in vocab
6510	bstage	no tokens in vocab
6515	-all	no tokens in vocab
6516	-link	no tokens in vocab
6550	tag folder	no tokens in vocab
6557	a z	no tokens in vocab
6558	period underscore dash	no tokens in vocab
6560	file_path/file_name	no tokens in vocab
6583	lsb_sub_host	no tokens in vocab
6600	bpost bread	no tokens in vocab
6620	jsm	no tokens in vocab
6630	myjob arg1 arg	no tokens in vocab
6637	options_file	no tokens in vocab
6657	endif	no tokens in vocab
6664	-alloc_flag	no tokens in vocab
6666	-cn_cu	no tokens in vocab
6667	-cn_mem	no tokens in vocab
6669	-core_isolation	no tokens in vocab
6671	-csm	no tokens in vocab
6674	-ext	no tokens in vocab
6678	-isp	no tokens in vocab
6679	-iss	no tokens in vocab
6680	-ix	no tokens in vocab
6683	-jsdl	no tokens in vocab
6687	-jsdl_strict	no tokens in vocab
6688	-jsm	no tokens in vocab
6690	-ln_mem	no tokens in vocab
6693	-nnode	no tokens in vocab
6697	-ptl	no tokens in vocab
6702	-step_cgroup	no tokens in vocab
6710	-xf	no tokens in vocab
6712	job_script	no tokens in vocab
6713	parse	no tokens in vocab
6722	mesub	no tokens in vocab
6726	epsub	no tokens in vocab
6733	esub epsub	no tokens in vocab
6735	esub argument	no tokens in vocab
6736	flexibility	no tokens in vocab
6758	my_program	no tokens in vocab
6759	p.m	no tokens in vocab
6768	lsb_job_cpulimit	no tokens in vocab
6775	default_host_spec lsb.param	no tokens in vocab
6782	sndjobs_to	no tokens in vocab
6787	rmt_c	no tokens in vocab
6793	preference	no tokens in vocab
6802	csm	no tokens in vocab
6809	p project	no tokens in vocab
6835	data	no tokens in vocab
6859	bin job_copy.sh	no tokens in vocab
6862	cat	no tokens in vocab
6863	hosta:/proj std model.tar	no tokens in vocab
6879	lsb_stdout_direct	no tokens in vocab
6887	colon	no tokens in vocab
6901	alarm	no tokens in vocab
6928	float	no tokens in vocab
6937	enforce_one_ug_limit	no tokens in vocab
6955	compound gpu	no tokens in vocab
6973	lsb_djob_rankfile	no tokens in vocab
6979	lsb_djob_hostfile	no tokens in vocab
6981	lsb_mcpu_host	no tokens in vocab
6983	-tty	no tokens in vocab
6996	openssh	no tokens in vocab
7001	ssh	no tokens in vocab
7025	max_job_array_size	no tokens in vocab
7052	element jsdl specification	no tokens in vocab
7056	conflict	no tokens in vocab
7058	-yaml	no tokens in vocab
7099	outdir	no tokens in vocab
7125	computenodemem	no tokens in vocab
7126	usergroup myusergroup	no tokens in vocab
7127	notifyjobdone	no tokens in vocab
7128	mailuser user@example.com	no tokens in vocab
7131	lsb_subk_show_exec_host	no tokens in vocab
7136	quote	no tokens in vocab
7150	-ln_slots	no tokens in vocab
7156	kb k kilobyte	no tokens in vocab
7160	pb p petabyte	no tokens in vocab
7161	eb e exabyte	no tokens in vocab
7162	zb z	no tokens in vocab
7168	pref_level	no tokens in vocab
7169	host_name@cluster_name	no tokens in vocab
7191	guideline	no tokens in vocab
7204	a.out	no tokens in vocab
7206	parallel_sched_by_slot	no tokens in vocab
7220	lsb_host lsb_mcpu_host	no tokens in vocab
7223	poe	no tokens in vocab
7242	process_limit	no tokens in vocab
7265	backslash	no tokens in vocab
7271	queue-	no tokens in vocab
7274	tilde	no tokens in vocab
7299	usage_string	no tokens in vocab
7310	conversion	no tokens in vocab
7316	enclosure	no tokens in vocab
7317	bigmem	no tokens in vocab
7333	global setting	no tokens in vocab
7335	equivalent	no tokens in vocab
7368	lsb_gpu_req	no tokens in vocab
7371	ability	no tokens in vocab
7388	delay	no tokens in vocab
7401	resize_notification_cmd	no tokens in vocab
7419	-smt	no tokens in vocab
7422	smt	no tokens in vocab
7435	bbq myjob	no tokens in vocab
7438	sigterm sigkill	no tokens in vocab
7448	original reservation	no tokens in vocab
7481	job_runlimit_ratio	no tokens in vocab
7482	runtime estimate	no tokens in vocab
7486	double quote	no tokens in vocab
7490	job_dep_last_sub lsb.param	no tokens in vocab
7504	status_text	no tokens in vocab
7514	job_action_warning_time	no tokens in vocab
7516	session	no tokens in vocab
7518	ssh x11 forwarding	no tokens in vocab
7528	notifyjobexit	no tokens in vocab
7529	mailuser	no tokens in vocab
7564	myjob1 arg	no tokens in vocab
7565	myjob2 arg	no tokens in vocab
7575	direction	no tokens in vocab
7590	lsb_defaultqueue	no tokens in vocab
7598	lsb_defaultproject	no tokens in vocab
7615	x11 forwarding	no tokens in vocab
7625	bsubmit	no tokens in vocab
7626	--user	no tokens in vocab
7629	lsf.usermapping	no tokens in vocab
7631	userb userc userd	no tokens in vocab
7635	userc myjob	no tokens in vocab
7636	destination_queue	no tokens in vocab
7644	chunk	no tokens in vocab
7684	lsb_busers_format	no tokens in vocab
7687	pjob	no tokens in vocab
7688	mpend	no tokens in vocab
7689	mpjob	no tokens in vocab
7743	-debug_level	no tokens in vocab
7761	lsb.globalpolicie	no tokens in vocab
7778	topology	no tokens in vocab
7786	ego.conf	no tokens in vocab
7794	ego_serverdir	no tokens in vocab
7803	ego_enable_dualcore	no tokens in vocab
7843	merge	no tokens in vocab
7902	lsf.cluster	no tokens in vocab
7903	server.config	no tokens in vocab
7918	--boot="y	no tokens in vocab
7930	lsf_local_resource	no tokens in vocab
7932	lsf_get_conf	no tokens in vocab
7993	lsf_lshosts_format	no tokens in vocab
7997	ndisk	no tokens in vocab
7998	maxtmp	no tokens in vocab
7999	nproc	no tokens in vocab
8000	run_windows20 runwin	no tokens in vocab
8017	portion	no tokens in vocab
8020	dyn	no tokens in vocab
8024	rexpri	no tokens in vocab
8032	hardware topology	no tokens in vocab
8064	lsf_cloud_ui	no tokens in vocab
8110	disk	no tokens in vocab
8137	-y	no tokens in vocab
8148	retrie	no tokens in vocab
8151	max_core	no tokens in vocab
8170	makefile	no tokens in vocab
8177	obsolete	no tokens in vocab
8213	host_type	no tokens in vocab
8218	domain_name\user_name	no tokens in vocab
8229	attempt	no tokens in vocab
8243	lsrcp	no tokens in vocab
8267	lsreghost	no tokens in vocab
8295	-mpi	no tokens in vocab
8315	-auto_place	no tokens in vocab
8316	irix	no tokens in vocab
8322	-np	no tokens in vocab
8336	pjl	no tokens in vocab
8341	--silent	no tokens in vocab
8344	installer	no tokens in vocab
8348	patch	no tokens in vocab
8384	pversion	no tokens in vocab
8385	product_name	no tokens in vocab
8386	package_name	no tokens in vocab
8389	fixe	no tokens in vocab
8402	enhancement pack	no tokens in vocab
8417	date patch	no tokens in vocab
8426	log_file	no tokens in vocab
8443	-task	no tokens in vocab
8461	usrcmd	no tokens in vocab
8476	ssched_requeue_limit	no tokens in vocab
8487	hour h	no tokens in vocab
8521	lsf\lsfadmin	no tokens in vocab
8522	box	no tokens in vocab
8526	background	no tokens in vocab
8553	customer	no tokens in vocab
8583	compute power	no tokens in vocab
8596	failure	no tokens in vocab
8642	role	no tokens in vocab
8663	credential	no tokens in vocab
8692	constraint	no tokens in vocab
8761	vemkd	no tokens in vocab
8764	pem	no tokens in vocab
8776	membership	no tokens in vocab
8784	pipe	no tokens in vocab
8791	mystderr	no tokens in vocab
8823	utilization	no tokens in vocab
8830	tracking	no tokens in vocab
8890	megabyte mb	no tokens in vocab
8892	approach	no tokens in vocab
8893	diagram	no tokens in vocab
8894	flow	no tokens in vocab
8902	hardware	no tokens in vocab
8914	proc	no tokens in vocab
8937	contrast	no tokens in vocab
8989	adjustment	no tokens in vocab
9038	jsdl	no tokens in vocab
9065	verilog	no tokens in vocab
9067	console	no tokens in vocab
9092	systemunix	no tokens in vocab
9103	syntaxdescription	no tokens in vocab
9120	convention	no tokens in vocab
9130	nio	no tokens in vocab
9137	header	no tokens in vocab
9153	elim_abort_value	no tokens in vocab
9154	lsf_resource	no tokens in vocab
9160	optionally	no tokens in vocab
9185	elim_poll_interval	no tokens in vocab
9187	lsf_elim_blocktime	no tokens in vocab
9190	lsf_elim_restart	no tokens in vocab
9210	eslim	no tokens in vocab
9222	rel	no tokens in vocab
9226	ver	no tokens in vocab
9230	dist	no tokens in vocab
9232	elif	no tokens in vocab
9252	sunsol	no tokens in vocab
9253	hppa	no tokens in vocab
9268	lsf_add_server	no tokens in vocab
9292	acknowledgment	no tokens in vocab
9307	lsf_dynamic_host_wait_time	no tokens in vocab
9309	lsf_dynamic_host_timeout	no tokens in vocab
9311	lsf_host_addr_range	no tokens in vocab
9376	queue_ctrl	no tokens in vocab
9432	eswitch	no tokens in vocab
9474	pre.out	no tokens in vocab
9493	abs_runlimit	no tokens in vocab
9516	myapp	no tokens in vocab
9528	relationship	no tokens in vocab
9534	span	no tokens in vocab
9544	strict syntax	no tokens in vocab
9546	ratio	no tokens in vocab
9550	default_host_spec	no tokens in vocab
9567	planning	no tokens in vocab
9579	planner	no tokens in vocab
9590	rsrc	no tokens in vocab
9596	username1@intel	no tokens in vocab
9597	mar	no tokens in vocab
9598	thu mar	no tokens in vocab
9599	min intel	no tokens in vocab
9600	runtime estimation	no tokens in vocab
9605	runtime lsb.application	no tokens in vocab
9608	estimated_runtime	no tokens in vocab
9622	allocation_planner	no tokens in vocab
9679	egroup	no tokens in vocab
9682	site-	no tokens in vocab
9703	strict_ug_control	no tokens in vocab
9732	egroup_update_interval	no tokens in vocab
9751	lsfhost	no tokens in vocab
9782	usermap	no tokens in vocab
9786	user1@cluster1 import	no tokens in vocab
9806	lsf_user_domain	no tokens in vocab
9823	domain_name	no tokens in vocab
9834	lsf_execute_domain	no tokens in vocab
9881	default_jobgroup lsb.param	no tokens in vocab
9885	lsb_default_jobgroup default_jobgroup	no tokens in vocab
9919	lsb_mod_all_job	no tokens in vocab
9940	groupb groupa	no tokens in vocab
9944	groupe	no tokens in vocab
9970	apr	no tokens in vocab
10048	num	no tokens in vocab
10050	stage	no tokens in vocab
10132	bsub_chk_resreq	no tokens in vocab
10158	fri jan	no tokens in vocab
10161	mbyte	no tokens in vocab
10162	default_resreq_order	no tokens in vocab
10181	h1 h	no tokens in vocab
10183	chance	no tokens in vocab
10206	decay	no tokens in vocab
10213	decay duration	no tokens in vocab
10260	ptile	no tokens in vocab
10273	ambiguity	no tokens in vocab
10307	compute_unit_type lsb.param	no tokens in vocab
10309	compute_unit_type	no tokens in vocab
10310	maxavail	no tokens in vocab
10311	minavail	no tokens in vocab
10312	config	no tokens in vocab
10319	min	no tokens in vocab
10333	maxcu	no tokens in vocab
10338	rack	no tokens in vocab
10341	cu1	no tokens in vocab
10344	resizable -ar myjob	no tokens in vocab
10351	membind	no tokens in vocab
10364	alljob	no tokens in vocab
10365	alljob scope	no tokens in vocab
10385	balance	no tokens in vocab
10412	resrsv_limit	no tokens in vocab
10414	reservationusage	no tokens in vocab
10416	resource_reserve_per_task	no tokens in vocab
10417	per_host reservation	no tokens in vocab
10418	assumption limitation	no tokens in vocab
10420	per_job per_task	no tokens in vocab
10424	max_reserve_time	no tokens in vocab
10425	pluginmodule	no tokens in vocab
10426	sch_plugin rb_plugin	no tokens in vocab
10427	schmod_default	no tokens in vocab
10428	schmod_preemption	no tokens in vocab
10429	resource_reserve slot_reserve	no tokens in vocab
10432	reservation my_job	no tokens in vocab
10440	assumption	no tokens in vocab
10443	reservation myjob	no tokens in vocab
10487	fcf basi	no tokens in vocab
10538	project project	no tokens in vocab
10564	per_queue	no tokens in vocab
10583	integer kb	no tokens in vocab
10641	pb eb	no tokens in vocab
10682	estimate	no tokens in vocab
10699	lsb_memlimit_enforce	no tokens in vocab
10724	rhel	no tokens in vocab
10728	use_pam_cred	no tokens in vocab
10731	pam session	no tokens in vocab
10745	auth	no tokens in vocab
10816	resume_cond	no tokens in vocab
10819	deadline constraint	no tokens in vocab
10843	edt	no tokens in vocab
10882	custom	no tokens in vocab
10892	preemption_wait_time	no tokens in vocab
10898	preemption action	no tokens in vocab
10903	sigtstp	no tokens in vocab
10904	sigcont	no tokens in vocab
10934	job_control	no tokens in vocab
10936	lsb_jobid	no tokens in vocab
10962	preemption mechanism	no tokens in vocab
10986	preempt_for	no tokens in vocab
11000	grace period preemption	no tokens in vocab
11002	no_preempt_run_time	no tokens in vocab
11010	percentage no_preempt_run_time	no tokens in vocab
11014	max_total_time_preempt	no tokens in vocab
11028	preempt	no tokens in vocab
11035	max_job_preempt	no tokens in vocab
11036	infinit_int	no tokens in vocab
11037	lsf.h	no tokens in vocab
11052	gre	no tokens in vocab
11063	increasing	no tokens in vocab
11068	global_res_static	no tokens in vocab
11069	global_res_dynamic	no tokens in vocab
11099	simulator	no tokens in vocab
11123	stream /tmp daemons.wrap.log	no tokens in vocab
11132	clearcase_root	no tokens in vocab
11134	f:\myview	no tokens in vocab
11136	clearcase_mountdir	no tokens in vocab
11143	ls_subcwd	no tokens in vocab
11151	clearcase_drive	no tokens in vocab
11155	checkview function	no tokens in vocab
11198	applicationx	no tokens in vocab
11231	oundedrange	no tokens in vocab
11232	lowerbounded	no tokens in vocab
11276	filename	no tokens in vocab
11291	uri	no tokens in vocab
11297	extension	no tokens in vocab
11303	jsdl-	no tokens in vocab
11336	dependency expression	no tokens in vocab
11391	out_file	no tokens in vocab
11408	lsf_admin	no tokens in vocab
11413	ntx	no tokens in vocab
11427	lsfpasswd	no tokens in vocab
11451	--username	no tokens in vocab
11455	lws_ha	no tokens in vocab
11497	lsf_log_mask	no tokens in vocab
11498	lsb_debug_mbd	no tokens in vocab
11499	lsb_debug_ebrokerd	no tokens in vocab
11512	hostproviders.json	no tokens in vocab
11516	awsprov_config.json	no tokens in vocab
11519	cyclecloud	no tokens in vocab
11520	cyclecloudprov_templates.json	no tokens in vocab
11523	cloud	no tokens in vocab
11535	borrowing	no tokens in vocab
11536	rc_demand_policy	no tokens in vocab
11556	lsb_rc_external_host_flag	no tokens in vocab
11557	lsb_rc_external_host_idle_time	no tokens in vocab
11558	lsb_rc_external_host_max_ttl	no tokens in vocab
11563	lsb_rc_query_interval	no tokens in vocab
11567	mosquitto	no tokens in vocab
11568	mqtt_broker_port	no tokens in vocab
11572	ebrokerd	no tokens in vocab
11596	ps -ef	no tokens in vocab
11599	lsb_rc_template_request_delay	no tokens in vocab
11643	rcaccount	no tokens in vocab
11654	provtimeout	no tokens in vocab
11659	billingperiod	no tokens in vocab
11663	billing cycle	no tokens in vocab
11670	debug	no tokens in vocab
11671	warn	no tokens in vocab
11672	fatal	no tokens in vocab
11682	url	no tokens in vocab
11705	attribute_type	no tokens in vocab
11707	attribute_value	no tokens in vocab
11709	absence	no tokens in vocab
11711	lsb_rc_default_host_type x86_	no tokens in vocab
11714	maxnumber	no tokens in vocab
11716	infrastructure	no tokens in vocab
11733	template connector	no tokens in vocab
11737	packages	no tokens in vocab
11742	optimization rule	no tokens in vocab
11757	templatename	no tokens in vocab
11764	perrcaccount	no tokens in vocab
11770	minnumber	no tokens in vocab
11775	stepvalue	no tokens in vocab
11786	optimization	no tokens in vocab
11813	aws_credential_file	no tokens in vocab
11825	dir generatecredentials.py	no tokens in vocab
11838	region	no tokens in vocab
11839	loglevel	no tokens in vocab
11860	instanceid tag	no tokens in vocab
11871	-eq	no tokens in vocab
11873	awsprov_templates.json	no tokens in vocab
11875	templateid	no tokens in vocab
11880	zone	no tokens in vocab
11890	nnuma	no tokens in vocab
11891	gpu brand	no tokens in vocab
11892	nvidia sml	no tokens in vocab
11894	gmem	no tokens in vocab
11895	specifie gpu	no tokens in vocab
11901	computeunit	no tokens in vocab
11906	ami	no tokens in vocab
11907	subnetid	no tokens in vocab
11910	subnet	no tokens in vocab
11912	vmtype	no tokens in vocab
11921	spotprice	no tokens in vocab
11941	efa	no tokens in vocab
11945	securitygroupid	no tokens in vocab
11955	templatea	no tokens in vocab
11961	prefix	no tokens in vocab
11978	tenancy	no tokens in vocab
11983	ondemandtargetcapacityratio	no tokens in vocab
11993	export_user_data	no tokens in vocab
11998	templateid template vm-	no tokens in vocab
11999	martin	no tokens in vocab
12002	spot fleet	no tokens in vocab
12006	amazon ec2 fleet	no tokens in vocab
12008	ec2fleetconfig ec2-fleet-config.json	no tokens in vocab
12051	azure cyclecloud	no tokens in vocab
12053	azure	no tokens in vocab
12068	maxprice	no tokens in vocab
12085	launchtemplateid	no tokens in vocab
12093	google cloud	no tokens in vocab
12128	vpc	no tokens in vocab
12155	ibmcloudgen2_key_file	no tokens in vocab
12157	ibmcloudgen2_ssh_file	no tokens in vocab
12162	cloud vpc gen	no tokens in vocab
12173	gen	no tokens in vocab
12182	passwordauthentication	no tokens in vocab
12183	lsf_strict_checking	no tokens in vocab
12188	fstab	no tokens in vocab
12225	rusage duration	no tokens in vocab
12230	lic	no tokens in vocab
12252	servicedomain	no tokens in vocab
12253	lanserver	no tokens in vocab
12289	fix central	no tokens in vocab
12290	bug	no tokens in vocab
12304	lsf10.1_linux2.6-glibc2.3-x86_64.tar	no tokens in vocab
12313	extend	no tokens in vocab
12317	glibc	no tokens in vocab
12357	lsf_tcp_keepalive_time	no tokens in vocab
12358	keepalive probe	no tokens in vocab
12366	container_io	no tokens in vocab
12374	exec_driver	no tokens in vocab
12384	enhancement	no tokens in vocab
12392	uuid	no tokens in vocab
12435	ubuntu	no tokens in vocab
12464	systemctl	no tokens in vocab
12504	counter	no tokens in vocab
12509	max_num_jobs_kill_over_runlimit	no tokens in vocab
12510	kill_jobs_over_runlimit	no tokens in vocab
12511	cycle	no tokens in vocab
12513	ec2 fleet	no tokens in vocab
12517	vpc gen	no tokens in vocab
12528	clean_period lsb.param	no tokens in vocab
12541	job_group_idle_ttl	no tokens in vocab
12545	cost	no tokens in vocab
12549	price	no tokens in vocab
12551	spot price	no tokens in vocab
12559	templateid aws	no tokens in vocab
12563	marketspotprice	no tokens in vocab
12564	securitygroupid sg-08f1a36be62fe02a	no tokens in vocab
12567	templateid aw	no tokens in vocab
12569	aws spot	no tokens in vocab
12579	gpu_mem_rsv	no tokens in vocab
12580	lsb_gpu_new_syntax	no tokens in vocab
12586	apptainer	no tokens in vocab
12593	lsf_docker_mount_tmpdir	no tokens in vocab
12610	mbyte nthread	no tokens in vocab
12621	hwloc	no tokens in vocab
12631	lsf_hostgroup_info	no tokens in vocab
12635	august	no tokens in vocab
12637	gpu enhancement	no tokens in vocab
12649	lsf_eauth_oldkey	no tokens in vocab
12665	ssd	no tokens in vocab
12666	volume	no tokens in vocab
12682	featurecorresponding	no tokens in vocab
12690	slot_pool	no tokens in vocab
12720	goal throughput	no tokens in vocab
12721	velocity	no tokens in vocab
12733	sle	no tokens in vocab
12754	gpu preemption	no tokens in vocab
12771	default_rc_account_per_project	no tokens in vocab
12789	scheduler efficiency	no tokens in vocab
12813	kerbero	no tokens in vocab
12834	enroot	no tokens in vocab
12858	june	no tokens in vocab
12880	decision	no tokens in vocab
12889	csm setup	no tokens in vocab
12891	docker container	no tokens in vocab
12911	job_dispatch_pack_size	no tokens in vocab
12918	job_scheduling_interval	no tokens in vocab
12919	min_time	no tokens in vocab
12920	average	no tokens in vocab
12922	numofhost	no tokens in vocab
12928	lsf_accept_numclient	no tokens in vocab
12942	vpn subnet	no tokens in vocab
12960	gsla pool	no tokens in vocab
12986	lsb_gpd_port	no tokens in vocab
12998	lsf_root_user	no tokens in vocab
13009	november	no tokens in vocab
13023	abbreviation	no tokens in vocab
13035	docker image	no tokens in vocab
13042	granularity	no tokens in vocab
13103	watchdog	no tokens in vocab
13133	lsb_stage_storage	no tokens in vocab
13141	algorithm	no tokens in vocab
13144	bestfit	no tokens in vocab
13180	gpu gpu	no tokens in vocab
13196	eligible_pend_job	no tokens in vocab
13201	defined runlimit	no tokens in vocab
13210	lsf_gpu_autoconfig	no tokens in vocab
13211	lsf_host_max_gpu	no tokens in vocab
13254	rc_max_request	no tokens in vocab
13270	mandatory epsub	no tokens in vocab
13271	lsb_esub_method	no tokens in vocab
13295	lsb.reason	no tokens in vocab
13347	gpu auto boost	no tokens in vocab
13376	picture	no tokens in vocab
13379	data provenance	no tokens in vocab
13394	lsf_mc_forward_fairshare_charge_duration	no tokens in vocab
13401	portable hardware locality	no tokens in vocab
13415	pricing	no tokens in vocab
13417	budget	no tokens in vocab
13423	temporary credential	no tokens in vocab
13434	timestamp	no tokens in vocab
13447	max_pend_job	no tokens in vocab
13448	max_pend_slot	no tokens in vocab
13481	functionality	no tokens in vocab
13505	lsb_hms_time_format	no tokens in vocab
13509	eauth	no tokens in vocab
13511	encryption	no tokens in vocab
13531	cento	no tokens in vocab
13623	estimation	no tokens in vocab
13631	estimator_max_jobs_prediction	no tokens in vocab
13641	-eptl	no tokens in vocab
13646	alarm notification	no tokens in vocab
13662	hadoop	no tokens in vocab
13694	cu4	no tokens in vocab
13695	cu3	no tokens in vocab
13725	impact	no tokens in vocab
13726	lsf_log_queue_size	no tokens in vocab
13732	byte	no tokens in vocab
13762	rur	no tokens in vocab
13766	lsf_cray_rur_dir	no tokens in vocab
13767	lsf_cray_rur_prolog_path	no tokens in vocab
13768	lsf_cray_rur_epilog_path	no tokens in vocab
13789	certified	no tokens in vocab
13836	lsf10.1_lsfinstall.tar	no tokens in vocab
13842	jre	no tokens in vocab
13847	lsf_std_entitlement.dat	no tokens in vocab
13848	lsf_exp_entitlement.dat	no tokens in vocab
13851	fix central website	no tokens in vocab
13869	flrt	no tokens in vocab
13881	subscription setting	no tokens in vocab
13883	fixe bug	no tokens in vocab
13884	https://ibm.biz/lsf10-1_fp	no tokens in vocab
13896	rhel 8.x	no tokens in vocab
13948	colon hyphen	no tokens in vocab
13950	cray	no tokens in vocab
13976	track_eligible_pendinfo lsb.param	no tokens in vocab
14015	j_exclusive	no tokens in vocab
14091	lsb_bwait_in_job	no tokens in vocab
14106	gpu_status0 gpu_status	no tokens in vocab
14125	starter	no tokens in vocab
14145	podman	no tokens in vocab
14162	directive	no tokens in vocab
14170	job_info_memory_cache_size	no tokens in vocab
14182	condense_pending_reason	no tokens in vocab
14187	mc_sort_by_submit_time	no tokens in vocab
14198	job_group_clean	no tokens in vocab
14202	persist_live_config	no tokens in vocab
14220	enable_default_ego_sla	no tokens in vocab
14222	simplified_guarantee	no tokens in vocab
14239	retain	no tokens in vocab
14242	idle_buffer	no tokens in vocab
14255	lsb_bmgroup_allremote_expand	no tokens in vocab
14259	lsb_esub_single_quote	no tokens in vocab
14263	lsb_gsla_prefer_adrsv_host	no tokens in vocab
14276	lsf_platform_compatibility	no tokens in vocab
14280	lsf_reg_float_host	no tokens in vocab
14284	os jitter	no tokens in vocab
14304	auto boost	no tokens in vocab
14314	lsb_jsm_default	no tokens in vocab
14317	lsb_stage_in_exec	no tokens in vocab
14318	lsb_stage_out_exec	no tokens in vocab
14319	lsb_stage_transfer_rate	no tokens in vocab
14376	accinuse_includes_ownership	no tokens in vocab
14378	local_to	no tokens in vocab
14379	ls_active_percentage	no tokens in vocab
14413	indexrangestart	no tokens in vocab
14414	indexrangeend	no tokens in vocab
14417	fx pack	no tokens in vocab
14420	job_array_events_combine lsb.param	no tokens in vocab
14426	indexrangestartn	no tokens in vocab
14430	numrmtctrlresult	no tokens in vocab
14438	indexrangecnt	no tokens in vocab
14444	job_info_event_dump_interval	no tokens in vocab
14446	indexrangestep	no tokens in vocab
14450	issue limitation	no tokens in vocab
14457	ownership	no tokens in vocab
14459	project ownership	no tokens in vocab
14460	ownership non_shared	no tokens in vocab
14470	remote_lmstat_protocol	no tokens in vocab
14473	lmremove	no tokens in vocab
14507	checkout	no tokens in vocab
14517	zsupported	no tokens in vocab
14550	competitor	no tokens in vocab
14572	lm_reservation	no tokens in vocab
14601	designcentera	no tokens in vocab
14616	rsh	no tokens in vocab
14617	rsh_command_option	no tokens in vocab
14624	remote_lmstat_server	no tokens in vocab
14627	lmutil lmstat rlmutil	no tokens in vocab
14629	lmstat rlmutil	no tokens in vocab
14651	mbd_refresh_interval	no tokens in vocab
14652	alloc_buffer	no tokens in vocab
14658	cl2	no tokens in vocab
14661	toronto_cl	no tokens in vocab
14679	appz	no tokens in vocab
14687	lsf_distribution	no tokens in vocab
14688	non_lsf_distribution	no tokens in vocab
14695	guarantee sla	no tokens in vocab
14771	lan	no tokens in vocab
14772	feat	no tokens in vocab
14789	projectgroup	no tokens in vocab
14828	blstat -g	no tokens in vocab
14831	service_domain	no tokens in vocab
14853	lp3	no tokens in vocab
14854	lp4	no tokens in vocab
14867	groupb	no tokens in vocab
14878	lanserver1 lp	no tokens in vocab
14883	lsf.licensescheduler	no tokens in vocab
14885	feature_list	no tokens in vocab
14888	featuregroup	no tokens in vocab
14890	hsim hspice	no tokens in vocab
14892	encounter ncsim ncverilog	no tokens in vocab
14900	loop	no tokens in vocab
14902	license_project	no tokens in vocab
14909	project specification	no tokens in vocab
14922	hierarchical project	no tokens in vocab
14933	demand_limit	no tokens in vocab
14943	rlmremove	no tokens in vocab
14954	lm_remove_susp_jobs_interval	no tokens in vocab
14970	a.m	no tokens in vocab
15000	wan	no tokens in vocab
15027	fod	no tokens in vocab
15041	fod_log_dir	no tokens in vocab
15103	craylinux vnode	no tokens in vocab
15104	craylinux vnode gpu	no tokens in vocab
15109	lsb_batch_jid	no tokens in vocab
15114	post_exec	no tokens in vocab
15115	qpriority	no tokens in vocab
15133	glibc2.	no tokens in vocab
15141	src	no tokens in vocab
15198	python	no tokens in vocab
15209	--ulimit	no tokens in vocab
15213	--net	no tokens in vocab
15214	--ipc	no tokens in vocab
15220	docker_image_affinity	no tokens in vocab
15222	--runtime	no tokens in vocab
15229	lsb_container_image	no tokens in vocab
15234	lsb_container_image ubuntu	no tokens in vocab
15236	lsb_sub_modify_envfile	no tokens in vocab
15237	-out	no tokens in vocab
15238	lsb_docker_image_affinity	no tokens in vocab
15261	ld_library_path	no tokens in vocab
15282	singularity exec	no tokens in vocab
15283	--help	no tokens in vocab
15288	singapp	no tokens in vocab
15325	drwxr xr	no tokens in vocab
15338	cento image	no tokens in vocab
15380	tar	no tokens in vocab
15400	realm	no tokens in vocab
15403	--password	no tokens in vocab
15404	--url	no tokens in vocab
15408	enabling oauth	no tokens in vocab
15410	oauth	no tokens in vocab
15412	keycloak	no tokens in vocab
15421	enrootq	no tokens in vocab
15438	bsub_quiet	no tokens in vocab
15468	input.1 input.	no tokens in vocab
15542	fixed ratio	no tokens in vocab
15550	engineer	no tokens in vocab
15552	group_member	no tokens in vocab
15556	hostpartition	no tokens in vocab
15557	hosth	no tokens in vocab
15571	fairshare_adjustment_factor	no tokens in vocab
15572	gpu_run_time_factor	no tokens in vocab
15577	historical_run_time + run_time	no tokens in vocab
15608	research	no tokens in vocab
15610	bracket	no tokens in vocab
15613	number_share	no tokens in vocab
15634	fwd_job_slot	no tokens in vocab
15635	fwd_job_factor	no tokens in vocab
15638	hist_hour lsb.param	no tokens in vocab
15661	historical_gpu_run_time	no tokens in vocab
15662	gpu_run_time	no tokens in vocab
15671	ngpus_physical gpu_run_time_factor	no tokens in vocab
15677	committed_run_time run_time	no tokens in vocab
15681	relative importance	no tokens in vocab
15684	weight	no tokens in vocab
15778	myserviceclass	no tokens in vocab
15786	mypool	no tokens in vocab
15822	loan_policie	no tokens in vocab
15879	http proxy	no tokens in vocab
15906	web browser	no tokens in vocab
15911	opt	no tokens in vocab
15912	lwsd	no tokens in vocab
15913	systemctl statu lwsd	no tokens in vocab
15923	ldap setting	no tokens in vocab
15956	suspension bjob	no tokens in vocab
15971	bjob -lp	no tokens in vocab
15983	mon oct	no tokens in vocab
15986	bacct -sla	no tokens in vocab
16096	epoch	no tokens in vocab
16097	userid	no tokens in vocab
16098	numprocessor	no tokens in vocab
16101	starttime	no tokens in vocab
16103	dependcond	no tokens in vocab
16107	errfile	no tokens in vocab
16110	numaskedhost	no tokens in vocab
16111	askedhost	no tokens in vocab
16112	numexhost	no tokens in vocab
16113	jstatu	no tokens in vocab
16114	hostfactor	no tokens in vocab
16115	lsfrusage	no tokens in vocab
16117	projectname	no tokens in vocab
16121	timeevent	no tokens in vocab
16122	idx	no tokens in vocab
16126	commandspool	no tokens in vocab
16130	warningaction	no tokens in vocab
16133	licenseproject	no tokens in vocab
16144	local_file	no tokens in vocab
16188	lsb.acct	no tokens in vocab
16237	serie	no tokens in vocab
16275	remote_file	no tokens in vocab
16310	script_name	no tokens in vocab
16331	-ivh	no tokens in vocab
16356	lsb_easy_ptile	no tokens in vocab
16357	core_isolation	no tokens in vocab
16363	schmod_parallel	no tokens in vocab
16364	schmod_mc	no tokens in vocab
16365	schmod_advrsv	no tokens in vocab
16366	schmod_p	no tokens in vocab
16367	schmod_affinity	no tokens in vocab
16368	schmod_ap	no tokens in vocab
16373	err_codee err_codef err_codeg	no tokens in vocab
16374	err_codel err_codem	no tokens in vocab
16375	setup	no tokens in vocab
16382	csm_req	no tokens in vocab
16383	step_cgroup	no tokens in vocab
16393	smt_value	no tokens in vocab
16438	lsf_stage_in_exec	no tokens in vocab
16439	lsb_stage_max_stage_in	no tokens in vocab
16451	gbp	no tokens in vocab
16452	csm_valid_smt	no tokens in vocab
16457	gateway	no tokens in vocab
16499	certificate	no tokens in vocab
16504	browser	no tokens in vocab
16529	proxy	no tokens in vocab
16569	hosta:/data	no tokens in vocab
16588	bstage subcommand	no tokens in vocab
16596	dir	no tokens in vocab
16607	file_path	no tokens in vocab
16622	tag user_name tag_name	no tokens in vocab
16656	bstage tag	no tokens in vocab
16694	data out	no tokens in vocab
16738	firewall	no tokens in vocab
16755	lm_stat_interval	no tokens in vocab
16763	grouping	no tokens in vocab
16784	merge_by_service_domain	no tokens in vocab
16816	suspension	no tokens in vocab
16833	enable_minjob_preemption	no tokens in vocab
16844	ls_enable_max_preempt	no tokens in vocab
16949	lsf_eauth_key	no tokens in vocab
16975	secure_infodir_user_access	no tokens in vocab
17012	elim.frequency	no tokens in vocab
17019	lsf_collect_energy_usage	no tokens in vocab
17062	multicluster capability	no tokens in vocab
17093	lsf_res_port	no tokens in vocab
17094	lsb_mbd_port	no tokens in vocab
17095	lsb_sbd_port	no tokens in vocab
17100	lsf_cluster_name	no tokens in vocab
17124	cat user1/.lsfhost	no tokens in vocab
17142	remotecluster	no tokens in vocab
17168	equiv	no tokens in vocab
17170	clustername equiv	no tokens in vocab
17175	krb	no tokens in vocab
17195	max_jobid	no tokens in vocab
17232	proclimit	no tokens in vocab
17233	catia	no tokens in vocab
17236	djob_ru_interval	no tokens in vocab
17255	mc_plugin_remote_resource	no tokens in vocab
17336	fwd_user	no tokens in vocab
17361	mon jan	no tokens in vocab
17381	impt_slotbklg	no tokens in vocab
17393	scheduler decision	no tokens in vocab
17420	mc_plugin_schedule_enhance lsb.param	no tokens in vocab
17441	high preference	no tokens in vocab
17463	highpriority@cluster	no tokens in vocab
17495	lsb_mc_initfail_retry	no tokens in vocab
17503	future	no tokens in vocab
17529	max_user_priority	no tokens in vocab
17555	lsb_max_forward_per_session	no tokens in vocab
17560	bhist l	no tokens in vocab
17579	quick	no tokens in vocab
17622	ego_bindir	no tokens in vocab
17623	ego_confdir	no tokens in vocab
17624	ego_esrvdir	no tokens in vocab
17625	ego_libdir	no tokens in vocab
17626	ego_local_confdir	no tokens in vocab
17640	lsf_bindir	no tokens in vocab
17648	lsf_libdir	no tokens in vocab
17683	rfc	no tokens in vocab
17692	3ffe	no tokens in vocab
17702	ego_daemon_control	no tokens in vocab
17703	enable_cgroup	no tokens in vocab
17704	enable_dynamic_host	no tokens in vocab
17705	enable_ego	no tokens in vocab
17706	lsf_add_client	no tokens in vocab
17707	lsf_entitlement_file	no tokens in vocab
17708	lsf_quiet_inst	no tokens in vocab
17709	lsf_silent_install_tarlist	no tokens in vocab
17710	patch_backup_dir	no tokens in vocab
17711	patch_history_dir	no tokens in vocab
17719	edition	no tokens in vocab
17753	authority	no tokens in vocab
17760	entitlement	no tokens in vocab
17800	double quotation mark	no tokens in vocab
17813	blank	no tokens in vocab
17816	event_adrsv_finish	no tokens in vocab
17824	resreq s	no tokens in vocab
17825	preexeccmd s	no tokens in vocab
17831	exechost	no tokens in vocab
17836	jobname s	no tokens in vocab
17838	ru_maxrss	no tokens in vocab
17840	ru_ixrss	no tokens in vocab
17841	ru_ismrss	no tokens in vocab
17842	ru_idrss	no tokens in vocab
17843	ru_isrss	no tokens in vocab
17844	ru_minflt	no tokens in vocab
17846	ru_majflt	no tokens in vocab
17847	ru_nswap	no tokens in vocab
17848	ru_inblock	no tokens in vocab
17849	ru_oublock	no tokens in vocab
17850	ru_ioch	no tokens in vocab
17852	ru_msgsnd	no tokens in vocab
17853	ru_msgrcv	no tokens in vocab
17855	ru_nsignal	no tokens in vocab
17858	exitstatu	no tokens in vocab
17859	maxnumprocessor	no tokens in vocab
17861	loginshell s	no tokens in vocab
17868	warningtimeperiod	no tokens in vocab
17869	app s	no tokens in vocab
17870	postexeccmd s	no tokens in vocab
17871	runtimeestimation	no tokens in vocab
17875	resizenotifycmd	no tokens in vocab
17878	jobdescription s	no tokens in vocab
17888	srccluster s	no tokens in vocab
17889	srcjobid	no tokens in vocab
17890	dstcluster	no tokens in vocab
17891	dstjobid	no tokens in vocab
17909	indexrangestepn	no tokens in vocab
17936	shrink	no tokens in vocab
17939	numresizehost	no tokens in vocab
17942	resizehost	no tokens in vocab
17943	numresizeslot	no tokens in vocab
17944	resize	no tokens in vocab
17946	resizing	no tokens in vocab
17961	user_cpu_list	no tokens in vocab
17963	effect lsf_bind_job	no tokens in vocab
17973	chkpnt_method	no tokens in vocab
18010	--network	no tokens in vocab
18012	undefined	no tokens in vocab
18030	djob_env_script	no tokens in vocab
18034	j job_id index_id	no tokens in vocab
18038	lsb_rank_hostfile	no tokens in vocab
18039	host_factor	no tokens in vocab
18068	unlimited	no tokens in vocab
18097	cpuset	no tokens in vocab
18100	job_preproc_timeout	no tokens in vocab
18112	job_starter	no tokens in vocab
18113	usrcmd;sleep	no tokens in vocab
18120	max_job_requeue	no tokens in vocab
18121	max_preexec_retry	no tokens in vocab
18122	remote_max_preexec_retry	no tokens in vocab
18142	lsf_hpc_extension	no tokens in vocab
18156	max_job positive integer-	no tokens in vocab
18160	lsb_jobpend	no tokens in vocab
18163	lsb_jobexit_stat	no tokens in vocab
18166	stdin stdout stderr	no tokens in vocab
18187	sum	no tokens in vocab
18218	deadlock	no tokens in vocab
18231	success_exit_value	no tokens in vocab
18238	chkpnt special action	no tokens in vocab
18241	bitmap	no tokens in vocab
18242	lsbatch.h	no tokens in vocab
18244	lsb_susp_subreason integer	no tokens in vocab
18246	lsb_susp_reason lsb_susp_subreason	no tokens in vocab
18248	lsb_jobpid	no tokens in vocab
18258	threadlimit_per_task	no tokens in vocab
18272	init	no tokens in vocab
18298	job_start	no tokens in vocab
18300	job_statu	no tokens in vocab
18305	job_modify	no tokens in vocab
18306	job_signal	no tokens in vocab
18307	job_execute	no tokens in vocab
18309	job_clean	no tokens in vocab
18319	job_resize_notify_start	no tokens in vocab
18328	sigvalue	no tokens in vocab
18330	rlimit	no tokens in vocab
18357	jobaffreq	no tokens in vocab
18379	jobpid	no tokens in vocab
18384	jobpgid	no tokens in vocab
18395	job_stat_done	no tokens in vocab
18430	opcode	no tokens in vocab
18432	ctrlcomment	no tokens in vocab
18456	deloption	no tokens in vocab
18461	deloptions	no tokens in vocab
18489	desc	no tokens in vocab
18518	notifyid	no tokens in vocab
18519	identifier	no tokens in vocab
18524	success	no tokens in vocab
18583	globalfairshare	no tokens in vocab
18598	item	no tokens in vocab
18615	parenthesi dash	no tokens in vocab
18635	per_lic_project	no tokens in vocab
18661	lic_project_name	no tokens in vocab
18685	shared_resource integer	no tokens in vocab
18770	pair parenthesi	no tokens in vocab
18784	groupc	no tokens in vocab
18829	compute	no tokens in vocab
18849	cbnt	no tokens in vocab
18856	encl	no tokens in vocab
18869	schmod_demand	no tokens in vocab
18874	plug	no tokens in vocab
18884	lsb.module	no tokens in vocab
18923	allow_event_type	no tokens in vocab
18925	attr_create_user	no tokens in vocab
18927	attr_ttl	no tokens in vocab
18930	clean_period_done	no tokens in vocab
18931	committed_run_time_factor	no tokens in vocab
18932	cpu_peak_sample_duration	no tokens in vocab
18935	default_job_cwd	no tokens in vocab
18936	default_job_outdir	no tokens in vocab
18937	default_jobgroup	no tokens in vocab
18944	eligible_pendinfo_snapshot_interval	no tokens in vocab
18946	enable_gpu_hist_run_time	no tokens in vocab
18947	enable_host_intersection	no tokens in vocab
18951	evaluate_wait_condition_timeout	no tokens in vocab
18952	event_stream_file	no tokens in vocab
18954	exit_rate_type	no tokens in vocab
18960	global_exit_rate	no tokens in vocab
18961	gpu_req_merge	no tokens in vocab
18962	job_array_events_combine	no tokens in vocab
18963	job_dep_last_sub	no tokens in vocab
18964	job_distribute_on_host	no tokens in vocab
18965	job_exit_rate_duration	no tokens in vocab
18967	job_priority_over_time	no tokens in vocab
18969	lsb_clean_pdone_timeout	no tokens in vocab
18971	max_event_stream_file_number	no tokens in vocab
18976	max_preexec_forwarding_retry	no tokens in vocab
18987	orphan_job_term_grace_period	no tokens in vocab
18988	pg_susp_it	no tokens in vocab
18990	power_reset_cmd	no tokens in vocab
18991	power_resume_cmd	no tokens in vocab
18992	power_status_log_max	no tokens in vocab
18993	power_suspend_cmd	no tokens in vocab
18995	pre_exec_delay	no tokens in vocab
18996	preexec_exclude_host_exit_value	no tokens in vocab
18999	rc_get_host_method	no tokens in vocab
19003	sched_metric_sample_period	no tokens in vocab
19007	ssched_max_task	no tokens in vocab
19008	ssched_retry_limit	no tokens in vocab
19009	ssched_update_summary_interval	no tokens in vocab
19010	track_eligible_pendinfo	no tokens in vocab
19032	unreach	no tokens in vocab
19043	time_hour	no tokens in vocab
19044	time_minutesm	no tokens in vocab
19072	clean_period	no tokens in vocab
19089	integer range	no tokens in vocab
19115	time_minute	no tokens in vocab
19187	estimator_sim_start_interval	no tokens in vocab
19201	evaluate_job_dependency_timeout	no tokens in vocab
19225	jobexit	no tokens in vocab
19244	queuea	no tokens in vocab
19348	wait_time	no tokens in vocab
19350	applicable fix pack	no tokens in vocab
19384	lsb_ntrie	no tokens in vocab
19462	orphan	no tokens in vocab
19526	nominal	no tokens in vocab
19562	host_unavail	no tokens in vocab
19588	heartbeat	no tokens in vocab
19612	lsb_localdir	no tokens in vocab
19647	session scheduler	no tokens in vocab
19659	subfactor	no tokens in vocab
19691	jpriority	no tokens in vocab
19720	data_transfer	no tokens in vocab
19725	max_rsched_time	no tokens in vocab
19753	elapse	no tokens in vocab
19786	infinit	no tokens in vocab
19819	job_warning_action	no tokens in vocab
19832	job_overrun	no tokens in vocab
19839	job_underrun	no tokens in vocab
19861	rlimit_rss setrlimit	no tokens in vocab
20013	sc2	no tokens in vocab
20016	sc1	no tokens in vocab
20034	sc1_slot	no tokens in vocab
20035	sc2_slot	no tokens in vocab
20048	resourcereservation	no tokens in vocab
20083	policy_night	no tokens in vocab
20084	min_idle_time	no tokens in vocab
20085	cycle_time	no tokens in vocab
20098	ego_resource_group	no tokens in vocab
20142	sidney	no tokens in vocab
20217	exinterval	no tokens in vocab
20263	lsf_enable_support_ipv	no tokens in vocab
20269	negative integer	no tokens in vocab
20370	ego_enable_auto_daemon_shutdown	no tokens in vocab
20371	ego_eslim_timeout	no tokens in vocab
20378	job_starter_extend	no tokens in vocab
20379	lsb_afs_bin_dir	no tokens in vocab
20380	lsb_afs_lib_dir	no tokens in vocab
20381	lsb_api_conntimeout	no tokens in vocab
20382	lsb_api_recvtimeout	no tokens in vocab
20384	lsb_api_verbose	no tokens in vocab
20387	lsb_bjobs_display_enh	no tokens in vocab
20391	lsb_bsub_err_retry	no tokens in vocab
20394	lsb_cgroup_mem_include_cache	no tokens in vocab
20400	lsb_debug	no tokens in vocab
20401	lsb_debug_cmd	no tokens in vocab
20403	lsb_debug_sbd	no tokens in vocab
20404	lsb_debug_sch	no tokens in vocab
20405	lsb_disable_limlock_excl	no tokens in vocab
20406	lsb_disable_rerun_post_exec	no tokens in vocab
20407	lsb_disable_suspend_for_open_ar	no tokens in vocab
20411	lsb_eauth_each_subpack	no tokens in vocab
20412	lsb_echkpnt_keep_output	no tokens in vocab
20413	lsb_echkpnt_method	no tokens in vocab
20414	lsb_echkpnt_method_dir	no tokens in vocab
20416	lsb_enable_hpc_allocation	no tokens in vocab
20418	lsb_eswitch_method	no tokens in vocab
20420	lsb_fanout_timeout_per_layer	no tokens in vocab
20422	lsb_gpd_cluster	no tokens in vocab
20423	lsb_gpu_poweroff_duration	no tokens in vocab
20428	lsb_interact_msg_enh	no tokens in vocab
20429	lsb_interact_msg_intval	no tokens in vocab
20430	lsb_job_memlimit	no tokens in vocab
20433	lsb_job_tmpdir	no tokens in vocab
20434	lsb_jobinfo_dir	no tokens in vocab
20437	lsb_krb_lib_path	no tokens in vocab
20441	lsb_log_mask_mbd	no tokens in vocab
20442	lsb_log_mask_sbd	no tokens in vocab
20444	lsb_mail_from_domain	no tokens in vocab
20446	lsb_mailprog	no tokens in vocab
20447	lsb_mailserver	no tokens in vocab
20448	lsb_mailsize_limit	no tokens in vocab
20449	lsb_mailto	no tokens in vocab
20451	lsb_max_job_dispatch_per_session	no tokens in vocab
20452	lsb_max_pack_job	no tokens in vocab
20453	lsb_mbd_busy_msg	no tokens in vocab
20455	lsb_mbd_down_msg	no tokens in vocab
20459	lsb_mc_recall_exit_info	no tokens in vocab
20460	lsb_mc_recalled_jobs_hide	no tokens in vocab
20461	lsb_memlimit_enf_control	no tokens in vocab
20462	lsb_mig2pend	no tokens in vocab
20464	lsb_mixed_path_enable	no tokens in vocab
20465	lsb_ncpu_enforce	no tokens in vocab
20466	lsb_nqs_port	no tokens in vocab
20468	lsb_pack_mesub	no tokens in vocab
20471	lsb_perf_metrics_sample_period	no tokens in vocab
20472	lsb_plan_keep_reserve	no tokens in vocab
20473	lsb_postexec_send_mail	no tokens in vocab
20474	lsb_profile_mbd	no tokens in vocab
20481	lsb_requeue_to_bottom	no tokens in vocab
20483	lsb_rla_workdir	no tokens in vocab
20485	lsb_sbd_startup_retry_interval	no tokens in vocab
20486	lsb_sbd_startup_retry_time	no tokens in vocab
20488	lsb_sigstop	no tokens in vocab
20489	lsb_skip_full_host	no tokens in vocab
20494	lsb_sub_commandname	no tokens in vocab
20495	lsb_subk_show_jobid	no tokens in vocab
20504	lsb_tsjobs_helper_host	no tokens in vocab
20505	lsb_tsjobs_helper_timeout	no tokens in vocab
20511	lsb_utmp	no tokens in vocab
20519	lsf_bind_job	no tokens in vocab
20523	lsf_clearcase_wrapper_retry	no tokens in vocab
20525	lsf_cmd_log_mask	no tokens in vocab
20526	lsf_cmd_logdir	no tokens in vocab
20532	lsf_daemon_nice_mbd	no tokens in vocab
20533	lsf_daemon_nice_pim	no tokens in vocab
20535	lsf_daemon_nice_sbd	no tokens in vocab
20537	lsf_data_bsub_chksum	no tokens in vocab
20539	lsf_data_cluster	no tokens in vocab
20540	lsf_data_scp_cmd	no tokens in vocab
20541	lsf_data_skip_group_check	no tokens in vocab
20543	lsf_data_ssh_cmd	no tokens in vocab
20545	lsf_debug_cmd	no tokens in vocab
20546	lsf_debug_lim	no tokens in vocab
20547	lsf_debug_re	no tokens in vocab
20549	lsf_dhcp_env	no tokens in vocab
20553	lsf_djob_task_reg_wait_time	no tokens in vocab
20555	lsf_dualstack_prefer_ipv	no tokens in vocab
20561	lsf_enable_ego	no tokens in vocab
20562	lsf_env_override	no tokens in vocab
20564	lsf_event_program	no tokens in vocab
20565	lsf_event_receiver	no tokens in vocab
20571	lsf_gpu_hardware_change	no tokens in vocab
20572	lsf_host_cache_nttl	no tokens in vocab
20580	lsf_include_clustername	no tokens in vocab
20583	lsf_indep	no tokens in vocab
20585	lsf_lim_multicore_adjust	no tokens in vocab
20597	lsf_lim_api_ntrie	no tokens in vocab
20598	lsf_lim_ignore_checksum	no tokens in vocab
20599	lsf_lim_startup_retry_interval	no tokens in vocab
20600	lsf_lim_startup_retry_time	no tokens in vocab
20601	lsf_live_confdir	no tokens in vocab
20603	lsf_log_mask_lim	no tokens in vocab
20604	lsf_log_mask_re	no tokens in vocab
20605	lsf_log_mask_win	no tokens in vocab
20606	lsf_logdir_use_win_reg	no tokens in vocab
20608	lsf_lsload_format	no tokens in vocab
20610	lsf_machdep	no tokens in vocab
20611	lsf_manage_frequency	no tokens in vocab
20616	lsf_mc_tcp_keepalive	no tokens in vocab
20617	lsf_misc	no tokens in vocab
20618	lsf_nios_debug	no tokens in vocab
20619	lsf_nios_err_logdir	no tokens in vocab
20620	lsf_nios_jobstatus_interval	no tokens in vocab
20621	lsf_nios_res_heartbeat	no tokens in vocab
20622	lsf_non_privileged_port	no tokens in vocab
20623	lsf_passwd_dir	no tokens in vocab
20626	lsf_pim_sleeptime	no tokens in vocab
20629	lsf_poe_timeout_bind	no tokens in vocab
20630	lsf_poe_timeout_select	no tokens in vocab
20634	lsf_proxyd_notoken_ntrie	no tokens in vocab
20635	lsf_proxyd_port	no tokens in vocab
20640	lsf_res_acct	no tokens in vocab
20641	lsf_res_acctdir	no tokens in vocab
20643	lsf_res_alive_timeout	no tokens in vocab
20645	lsf_res_connect_retry	no tokens in vocab
20647	lsf_res_startup_retry_interval	no tokens in vocab
20648	lsf_res_startup_retry_time	no tokens in vocab
20653	lsf_send_confinfo_tcp_threshold	no tokens in vocab
20654	lsf_server_host	no tokens in vocab
20655	lsf_strip_domain	no tokens in vocab
20656	lsf_time_cmd	no tokens in vocab
20662	lsf_time_re	no tokens in vocab
20663	lsf_udp_to_tcp_threshold	no tokens in vocab
20666	lsf_use_hostequiv	no tokens in vocab
20668	lsf_windows_host_type	no tokens in vocab
20708	pag	no tokens in vocab
20719	libkopenafs.so.	no tokens in vocab
20745	lsb_bjobs_format bjob	no tokens in vocab
20787	lsb_cmd_log_mask	no tokens in vocab
20794	log_alert	no tokens in vocab
20795	log_notice	no tokens in vocab
20796	log_info	no tokens in vocab
20807	log_class	no tokens in vocab
20925	sysctl	no tokens in vocab
20932	jobname	no tokens in vocab
20954	left	no tokens in vocab
21014	ticket tgt	no tokens in vocab
21026	message_log_level	no tokens in vocab
21050	sender	no tokens in vocab
21148	port_number	no tokens in vocab
21231	sigkill	no tokens in vocab
21246	cuda_mps_pipe_directory	no tokens in vocab
21252	lsb_sub_parm_file	no tokens in vocab
21255	lsb_sub_abort_value	no tokens in vocab
21278	tsjobhelper	no tokens in vocab
21408	batchmode	no tokens in vocab
21439	lsf_root_rex	no tokens in vocab
21445	bologna	no tokens in vocab
21675	syslog	no tokens in vocab
21679	lim.log.host_name	no tokens in vocab
21680	res.log.host_name	no tokens in vocab
21681	sbatchd.log.host_name	no tokens in vocab
21682	pim.log.host_name	no tokens in vocab
21763	exiting	no tokens in vocab
21904	udp	no tokens in vocab
21969	cache_access_control	no tokens in vocab
21970	cache_refresh_interval	no tokens in vocab
21971	file_transfer_cmd	no tokens in vocab
21972	permission_mask	no tokens in vocab
21973	remote_cache_refresh_interval	no tokens in vocab
21986	area subdirectory	no tokens in vocab
22036	blc_heartbeat_factor	no tokens in vocab
22048	violation	no tokens in vocab
22057	enable_interactive	no tokens in vocab
22060	group_distribution	no tokens in vocab
22061	ls_feature_percentage	no tokens in vocab
22064	heartbeat_timeout	no tokens in vocab
22067	inuse_from_rusage	no tokens in vocab
22072	lib_conntimeout	no tokens in vocab
22073	lib_recvtimeout	no tokens in vocab
22076	handle	no tokens in vocab
22081	lmremove flexnet	no tokens in vocab
22082	lmremove rlmremove	no tokens in vocab
22085	preemption action lm_remove_susp_job	no tokens in vocab
22090	lm_stat_per_feature	no tokens in vocab
22092	lmstat lmutil	no tokens in vocab
22095	lmstat lmutil -a	no tokens in vocab
22096	effect lm_type	no tokens in vocab
22098	lm_type	no tokens in vocab
22100	servicedomain setting	no tokens in vocab
22102	lmremove_susp_job obsolete	no tokens in vocab
22104	log_event	no tokens in vocab
22105	log_interval	no tokens in vocab
22106	ls_debug_blc	no tokens in vocab
22109	ls_debug_bld	no tokens in vocab
22120	ls_max_stream_size	no tokens in vocab
22131	ls_stream_file	no tokens in vocab
22133	mbd_heartbeat_interval	no tokens in vocab
22138	peak_inuse_period	no tokens in vocab
22143	project_group_path	no tokens in vocab
22153	restrict_feature_name	no tokens in vocab
22164	standby_conntimeout	no tokens in vocab
22174	lm_stat_timeout	no tokens in vocab
22180	global	no tokens in vocab
22196	enable_dynamic_rusage	no tokens in vocab
22197	feature_delta	no tokens in vocab
22198	flex_name	no tokens in vocab
22201	preempt_reserve	no tokens in vocab
22202	retention_factor	no tokens in vocab
22208	objective	no tokens in vocab
22218	licenseserver1 lp	no tokens in vocab
22221	enable_interactive setting	no tokens in vocab
22251	mult	no tokens in vocab
22488	ep_backup	no tokens in vocab
22526	lsb_restart	no tokens in vocab
22528	lsb_exit_requeue	no tokens in vocab
22547	lsb_resize_notify_ok	no tokens in vocab
22549	lsb_resize_event	no tokens in vocab
22556	lsb_host	no tokens in vocab
22570	lsb_djob_ru_interval	no tokens in vocab
22571	lsb_djob_hb_interval	no tokens in vocab
22572	lsb_jobexit_info	no tokens in vocab
22574	lsb_jobindex	no tokens in vocab
22575	lsb_jobindex_step	no tokens in vocab
22577	lsb_jobname	no tokens in vocab
22582	bjobs_w_display_mem_swap_pid	no tokens in vocab
22617	ls_jobpid	no tokens in vocab
22625	lsb_affinity_hostfile	no tokens in vocab
22641	lsb_bind_mem_policy	no tokens in vocab
22656	tag.sh myjob	no tokens in vocab
22659	lsb_default_jobgroup	no tokens in vocab
22664	lsb_default_usergroup	no tokens in vocab
22706	start_number	no tokens in vocab
22740	lsb_mailsize	no tokens in vocab
22802	lsb_sub_job_id	no tokens in vocab
22808	sub_reset	no tokens in vocab
22831	lsb_task_geometry	no tokens in vocab
22866	lsf_job_starter	no tokens in vocab
22915	lsf_ts_logon_time	no tokens in vocab
22929	omp_num_thread	no tokens in vocab
22938	rm_cputask	no tokens in vocab
22941	rm_mem_affinity	no tokens in vocab
23057	solution	no tokens in vocab
23088	remove_hung_jobs_for	no tokens in vocab
23103	defined	no tokens in vocab
23333	hosts.equiv	no tokens in vocab
23522	navigation menu icon	no tokens in vocab
23523	vpc infrastructure	no tokens in vocab
23546	lsf10.1.0_linux2.6-glibc2.3-x86_64.tar	no tokens in vocab
23556	custom image	no tokens in vocab
23631	document	no tokens in vocab
23636	aws component	no tokens in vocab
23678	image imageid	no tokens in vocab
23710	ec2	no tokens in vocab
23795	globalpolicya	no tokens in vocab
23919	ip-	no tokens in vocab
23940	familiar ability	no tokens in vocab
23945	cento 7.x	no tokens in vocab
23983	vnet	no tokens in vocab
24186	named.conf	no tokens in vocab
24215	cloud pak data	no tokens in vocab
24223	graphical representation experiment	no tokens in vocab
24224	graph	no tokens in vocab
24233	elasticsearch	no tokens in vocab
24239	pipeline	no tokens in vocab
24244	experiment	no tokens in vocab
24264	predictor	no tokens in vocab
24268	training engine	no tokens in vocab
24277	cd opt	no tokens in vocab
24282	prediction	no tokens in vocab
24423	medium	no tokens in vocab
24446	/var lib staging	no tokens in vocab
24448	ascp_wrap.sh	no tokens in vocab
24462	fodhost	no tokens in vocab
24464	fodid	no tokens in vocab
24486	print fod	no tokens in vocab
24613	ubun	no tokens in vocab
24707	failurehost	no tokens in vocab
24867	tmplog	no tokens in vocab
24870	aspera	no tokens in vocab
24902	wildcard	no tokens in vocab
24951	ssched_debug_class	no tokens in vocab
24953	ssched_debug_module	no tokens in vocab
25376	thu jan	no tokens in vocab
25385	jobb	no tokens in vocab
25516	calculated aps	no tokens in vocab
25569	queue_priority	no tokens in vocab
25578	share_info_for	no tokens in vocab
25701	user_postexec	no tokens in vocab
25757	remote_max_preexec_retr	no tokens in vocab
25839	xterm	no tokens in vocab
25932	eexec	no tokens in vocab
25958	optionbsub bmod	no tokens in vocab
25959	optiondescription	no tokens in vocab
25962	lsb_sub_begi	no tokens in vocab
25963	gmt	no tokens in vocab
25966	lsb_sub_depe	no tokens in vocab
25967	lsb_sub_err	no tokens in vocab
25969	lsb_sub_excl	no tokens in vocab
25970	usive	no tokens in vocab
25976	lsb_sub_inte	no tokens in vocab
25979	lsb_sub_job	no tokens in vocab
25981	lsb_sub_logi	no tokens in vocab
25983	lsb_sub_mail	no tokens in vocab
25986	lsb_sub_max	no tokens in vocab
26003	lsb_sub_noti	no tokens in vocab
26006	lsb_sub_num	no tokens in vocab
26007	lsb_sub_othe	no tokens in vocab
26008	r_filesbmod	no tokens in vocab
26009	sub_reset bmod	no tokens in vocab
26011	r_file	no tokens in vocab
26012	numberbsub	no tokens in vocab
26014	lsb_sub_out	no tokens in vocab
26015	lsb_sub_pre	no tokens in vocab
26016	lsb_sub_proj	no tokens in vocab
26018	lsb_sub_pty	no tokens in vocab
26019	lsb_sub_pty_	no tokens in vocab
26020	lsb_sub_queu	no tokens in vocab
26021	lsb_sub_reru	no tokens in vocab
26023	lsb_sub_rest	no tokens in vocab
26026	lsb_sub_rlimi	no tokens in vocab
26030	lsb_sub_term	no tokens in vocab
26031	gmt jan	no tokens in vocab
26032	lsb_sub_time	no tokens in vocab
26035	lsb_sub_wind	no tokens in vocab
26038	lsb_sub2_job	no tokens in vocab
26039	lsb_sub2_lice	no tokens in vocab
26040	nse	no tokens in vocab
26041	lsb_sub2_in	no tokens in vocab
26047	lsb_sub2_use	no tokens in vocab
26051	lsb_sub3_auto_resiable	no tokens in vocab
26052	sub_reset bmod -arn	no tokens in vocab
26054	init_chkpnt_p	no tokens in vocab
26055	ractive	no tokens in vocab
26056	lsb_sub3_int	no tokens in vocab
26057	eractive_sshbsub	no tokens in vocab
26060	lsb_sub3_interactive_ssh	no tokens in vocab
26061	hell	no tokens in vocab
26065	lsb_sub3_job	no tokens in vocab
26067	lsb_sub3_po	no tokens in vocab
26069	lsb_sub3_resi	no tokens in vocab
26070	bmod -rnc	no tokens in vocab
26071	lsb_sub3_resize_notify_cmd	no tokens in vocab
26072	lsb_sub3_run	no tokens in vocab
26073	time_estimati	no tokens in vocab
26075	lsb_sub3_use	no tokens in vocab
26076	r_shell_limit	no tokens in vocab
26077	ractivelsb_su	no tokens in vocab
26078	b3_xjob_sshbsub	no tokens in vocab
26081	lsb_sub_modify_file	no tokens in vocab
26140	mandatory esub epsub	no tokens in vocab
26471	lsb_sim_jobid	no tokens in vocab
26578	lc_perfm	no tokens in vocab
26710	sun	no tokens in vocab
26780	maxmem maxswp maxtmp	no tokens in vocab
26846	framework	no tokens in vocab
26944	eauth -s	no tokens in vocab
27006	tgt	no tokens in vocab
27008	tgt forwarding	no tokens in vocab
27122	eadmin_trigger_duration lsb.param	no tokens in vocab
27191	fri feb	no tokens in vocab
27192	intel	no tokens in vocab
27193	home dir	no tokens in vocab
27236	tree	no tokens in vocab
27294	ngpus_excl_t ngpus_excl_p	no tokens in vocab
27328	queue1@cluster	no tokens in vocab
27380	high_io_org	no tokens in vocab
27382	high_io_queue	no tokens in vocab
27385	high_io_policy	no tokens in vocab
27424	question	no tokens in vocab
27515	rsh ssh	no tokens in vocab
27676	-sb	no tokens in vocab
27710	-tvopt	no tokens in vocab
27713	tvpoe	no tokens in vocab
27715	-no_ask_on_dlopen	no tokens in vocab
27813	blaunch myjob	no tokens in vocab
27900	cu2	no tokens in vocab
28003	filling	no tokens in vocab
28035	interruptible backfill	no tokens in vocab
28090	rm_cputaskn	no tokens in vocab
28310	blaunch framework	no tokens in vocab
28327	ansy	no tokens in vocab
28423	advance reservation preemption	no tokens in vocab
28435	noon	no tokens in vocab
28436	reservation user2#	no tokens in vocab
28451	reservation ar	no tokens in vocab
28600	poola	no tokens in vocab
28601	poolb	no tokens in vocab
28604	genova	no tokens in vocab
28605	roma	no tokens in vocab
28606	verona	no tokens in vocab
28619	pisa	no tokens in vocab
28620	milano	no tokens in vocab
28621	parma	no tokens in vocab
28653	erestart.application	no tokens in vocab
28792	lsb_resize_notify_fail	no tokens in vocab
28877	certificate bundle	no tokens in vocab
29046	fri	no tokens in vocab
29095	dash entry	no tokens in vocab
29130	progress sla bsla	no tokens in vocab
29139	inuvik	no tokens in vocab
29239	wpar	no tokens in vocab
29493	global zone	no tokens in vocab
29793	msiexec	no tokens in vocab
29896	lsb initialization	no tokens in vocab
30038	errlog	no tokens in vocab
