head_text,head_canonical_id,frequency,example_terms_json
slurm,82,692,"[""slurm configuration"", ""SlurmDBD"", ""integer slurm numeric error identifier format"", ""Slurm cli_filter plugins"", ""slurm communication"", ""Slurm configuration parameters"", ""slurm administrator information"", ""slurm configuration parameter"", ""Slurm Configuration"", ""slurm cli_filter plugin"", ""multiple Slurm"", ""Integer Slurm numeric error identifier format"", ""Slurm communications"", ""SlurmDBD Configuration"", ""Slurm administrator information""]"
job,50,225,"[""interactive job"", ""batch job"", ""job termination"", ""job states"", ""individual job"", ""job default"", ""Job default"", ""job id"", ""job array"", ""job submit time"", ""job_id"", ""JobAcctGatherType"", ""MinJobAge"", ""job state"", ""job throughput""]"
file,105,98,"[""config file"", ""log file"", ""local slurm config file"", ""slurmd.service file"", ""Slurm configuration file"", ""FileTxt"", ""open file"", ""slurm config file"", ""configuration file"", ""slurm.conf file"", ""slurm configuration file"", ""default slurmrestd.service file"", ""default slurm config file"", ""service file"", ""SlurmctldLogFile""]"
slurmctld,201,90,"[""slurmctld daemon parameter"", ""slurmctld daemon record"", ""PrologSlurmctld"", ""slurmctld daemon records"", ""separate slurmctld thread"", ""slurmctld daemon parameters"", ""global slurmctld lock"", ""slurmctld memory"", ""global slurmctld locks"", ""SlurmctldDebug"", ""request slurmctld reconfigure"", ""SlurmctldPort"", ""SlurmctldParameters"", ""EpilogSlurmctld"", ""slurmctld daemon""]"
configuration,3,89,"[""system configuration"", ""slurm configuration"", ""configuration option"", ""slurmdbd configuration v0.0.43_openapi_resp"", ""Typical configuration"", ""Slurm configuration parameters"", ""configuration options"", ""slurm configuration parameter"", ""configuration parameter"", ""System configuration"", ""Slurm Configuration"", ""slurmdbd configuration v0.0.43_openapi_slurmdbd_config_resp"", ""configuration information"", ""slurmdbd configuration"", ""SlurmDBD Configuration""]"
plugin,179,82,"[""slurm elasticsearch plugin"", ""acct_gather_profile plugin"", ""spank plugin"", ""slurm plugin api"", ""multifactor plugin"", ""backfill plugin"", ""job_submit plugin"", ""lua plugin"", ""TaskPlugin"", ""slurm cli_filter plugin"", ""Slurm elasticsearch plugin"", ""elasticsearch plugin"", ""Slurm Plugin API"", ""uint32_t plugin_version"", ""specific plugin""]"
slurmd,654,78,"[""slurmd_start_time"", ""string slurmd version"", ""String Slurmd version"", ""multiple slurmd daemons"", ""slurmd conf"", ""slurmd --conf"", ""SlurmdSpoolDir"", ""SlurmdPort"", ""slurmd state"", ""slurmd restart"", ""slurmd tmpf"", ""slurmd process"", ""slurmd format"", ""SlurmdDebug"", ""slurmd daemon""]"
node,409,76,"[""NodeName"", ""login node"", ""node feature"", ""execution node"", ""node format"", ""node features"", ""AllocNode"", ""nodelist node partition"", ""slurmctld node"", ""compute node"", ""node_name"", ""slurm node"", ""NodeList"", ""contiguous node"", ""node filtering""]"
daemon,1268,69,"[""slurmctld daemon parameter"", ""slurmctld daemon record"", ""slurmctld daemon records"", ""slurmctld daemon parameters"", ""slurmctld daemon maintains GRES information"", ""slurmctld daemon code"", ""slurmrestd daemon"", ""Munge daemon"", ""slurmd daemon"", ""database daemon"", ""slurm compute node daemon"", ""slurmctld daemon maintain gre information"", ""slurm daemon"", ""munge daemon"", ""slurmctld daemon""]"
time,42,55,"[""Long Time"", ""long time"", ""slurmd_start_time"", ""time system"", ""time_start"", ""time period"", ""time slurmdbd"", ""job submit time"", ""long total time"", ""time string"", ""time_end"", ""Long Total time"", ""end_time"", ""CPU time"", ""cpu time""]"
user,166,53,"[""string user id"", ""user root"", ""user %u"", ""String User ID"", ""user %u kill"", ""special user permission"", ""user_name"", ""specific user"", ""String User"", ""user_id"", ""special user permissions"", ""user list"", ""user/%U"", ""string user"", ""user/%U kill""]"
slurmdbd,182,52,"[""statistic v0.0.43_openapi_slurmdbd_stats_resp"", ""ping test v0.0.43_openapi_slurmdbd_qos_removed_resp"", ""slurmdbd configuration v0.0.43_openapi_resp"", ""slurmdbd RPMs"", ""v0.0.43_openapi_slurmdbd_qos_removed_resp"", ""QOS information v0.0.43_openapi_slurmdbd_qos_resp"", ""slurmdbd plugin"", ""time slurmdbd"", ""qos v0.0.43_openapi_slurmdbd_qos_resp"", ""qos information v0.0.43_openapi_slurmdbd_qos_resp"", ""slurmdbd configuration v0.0.43_openapi_slurmdbd_config_resp"", ""QOS v0.0.43_openapi_slurmdbd_qos_resp"", ""statistics v0.0.43_openapi_slurmdbd_stats_resp"", ""slurmdbd configuration"", ""slurmdbd rpm""]"
resource,830,49,"[""generic resource"", ""cpu resource"", ""compute resource"", ""resource limit"", ""resource requirement"", ""Resource Selection"", ""billable trackable resource"", ""resource allocation"", ""consumable resource"", ""burst buffer resource"", ""resource selection"", ""resource management"", ""trackable resource"", ""resource requirements"", ""job resource""]"
parameter,268,47,"[""slurm.conf parameter"", ""important configuration parameter"", ""additional parameter"", ""slurm parameter control"", ""body parameter â"", ""schedulerparameter configuration parameter"", ""slurm configuration parameter"", ""path parameter"", ""configuration parameter"", ""jobacctgatherfrequency parameter"", ""Query Parameter â"", ""query parameter â"", ""Body Parameter â"", ""query parameter"", ""slurmctld daemon parameter""]"
default,118,38,"[""association default"", ""coordinators default"", ""coordinator default"", ""list default"", ""clusters default"", ""associations default"", ""job default"", ""wckey default"", ""Job default"", ""parent account default"", ""usage default"", ""default_qos"", ""cluster default"", ""output format default"", ""default_qo""]"
type,363,37,"[""medium type"", ""tre type"", ""JobAcctGatherType"", ""Return type"", ""specific type"", ""SchedulerType"", ""type request header"", ""TRES type"", ""Type request header"", ""media type"", ""type response header"", ""instance_type"", ""PriorityType"", ""return type"", ""Type response header""]"
step,432,37,"[""single job step"", ""extern step"", ""job step information"", ""x\""$slurm_step_id"", ""job step"", ""interactive step"", ""use_interactive_step"", ""heterogeneous job step"", ""step allocation"", ""regular step"", ""batch step"", ""Batch step"", ""job step allocation"", ""slurm step"", ""job step initiation""]"
task,222,37,"[""task id"", ""task ids"", ""TaskProlog"", ""task IDs"", ""task launch"", ""task format"", ""task distribution option"", ""Task Distribution Options"", ""TaskPlugin"", ""Task Launch"", ""TaskEpilog"", ""task affinity"", ""task launch plugin"", ""Task affinity"", ""task launch action""]"
slurm.conf,1593,36,"[""slurm.conf parameter"", ""slurm.conf setting"", ""slurm.conf option"", ""sample slurm.conf file"", ""exclusiveuser slurm.conf parameter"", ""privatedata slurm.conf parameter"", ""slurm.conf parameters"", ""alternate slurm.conf"", ""slurm.conf man page"", ""man slurm.conf"", ""slurm.conf options"", ""slurm.conf manpage"", ""slurm.conf file"", ""slurm.conf settings"", ""ExclusiveUser slurm.conf parameter""]"
partition,416,36,"[""specific partition"", ""high prioritytier partition"", ""partition_prio"", ""single partition"", ""default partition"", ""string partition"", ""higher PriorityTier partition"", ""partition pairs"", ""priority partition"", ""Partition QOS"", ""String Partition"", ""partition qos"", ""partition pair"", ""prioritytier partition"", ""nodelist node partition""]"
limit,111,36,"[""maximum billing limit"", ""memory limit"", ""resource limit"", ""account limit"", ""InactiveLimit"", ""Maximum time limit"", ""aggregate limit"", ""Account limit"", ""maximum time limit"", ""maximum Billing limit"", ""TimeLimit"", ""job time limit"", ""qos limit"", ""current limit"", ""time limit""]"
accounting,305,34,"[""accounting record"", ""job accounting gather"", ""AccountingStorageEnforce"", ""job accounting storage"", ""AccountingStorageType"", ""Slurm Accounting Database"", ""Job Accounting Gather"", ""Job Accounting Storage"", ""job accounting"", ""accounting information"", ""Job Accounting Gather Slurm"", ""slurm accounting database"", ""accounting records"", ""job accounting gather slurm"", ""AccountingStoragePort""]"
slurmrestd,1825,33,"[""run slurmrestd"", ""nologin -U slurmrestdIf"", ""slurmrestd daemon"", ""Run systemctl edit slurmrestd"", ""slurmrestd service unit"", ""systemctl edit slurmrestd"", ""slurmrestd command"", ""systemctl revert slurmrestd"", ""configure slurmrestd"", ""slurmrestd logs"", ""run systemctl edit slurmrestd"", ""slurmrestd log"", ""Run slurmrestd"", ""slurmrestd man page"", ""slurmrestd service""]"
option,215,32,"[""command line option"", ""slurm_option"", ""configuration option"", ""GANG option"", ""slurm.conf option"", ""gang option"", ""bind option"", ""slurm option datum structure"", ""slurm option data structure"", ""task distribution option"", ""qos option"", ""slurm option"", ""option processing"", ""slurm_option_set"", ""cpu option""]"
buffer,4185,31,"[""burst buffer directive"", ""persistent burst buffer"", ""burst buffer"", ""Burst buffer resources"", ""Burst Buffer request"", ""burst buffer request"", ""burst buffer directives"", ""Burst Buffer States"", ""specific burst buffer"", ""burst buffer resource"", ""burst_buffer"", ""Burst Buffer plugin"", ""burst buffer state"", ""burst buffer plugin"", ""innodb_buffer_pool_size""]"
priority,13,30,"[""high priority job"", ""scheduling priority"", ""PriorityTier partitions"", ""priority jobs"", ""PriorityType"", ""higher PriorityTier partition"", ""priority job"", ""priority partition"", ""Scheduling Priority"", ""PriorityWeightQOS"", ""PriorityFlags"", ""higher priority jobs"", ""high priority"", ""higher priority"", ""priority order""]"
system,119,30,"[""system library"", ""system configuration"", ""operating system"", ""time system"", ""system throughput"", ""Slurm system administrators"", ""file system problem"", ""system type"", ""entire slurm system"", ""job scheduling system"", ""slurm system administrator"", ""System configuration"", ""slurm system"", ""system administrator"", ""entire Slurm system""]"
string,681,30,"[""String Arbitrary comment"", ""string cluster"", ""string job"", ""string arbitrary string"", ""string partition"", ""String Job"", ""String Arbitrary string"", ""time string"", ""String Account"", ""string account"", ""string arbitrary comment"", ""String Partition"", ""String User"", ""string user"", ""String Cluster""]"
account,10,27,"[""account limit"", ""sub account"", ""SlurmUser account"", ""slurmuser account"", ""account hierarchy"", ""Account limit"", ""user account"", ""String Account"", ""string account"", ""parent account default"", ""parent account"", ""bank account"", ""parent_account"", ""Account Hierarchy"", ""default account""]"
command,1336,27,"[""command line option"", ""client command"", ""squeue command"", ""user command"", ""salloc command"", ""command line"", ""command line options"", ""sbatch command"", ""slurmrestd command"", ""scancel command"", ""slurm command"", ""srun command"", ""command line argument"", ""command line arguments"", ""mpirun command""]"
state,395,27,"[""StateSaveLocation"", ""slurm state"", ""slurmctld state"", ""state cpu s"", ""state information"", ""Current state"", ""slurmd state"", ""Slurmd state"", ""current state"", ""Slurmctld state"", ""Slurm StateSaveLocation"", ""state file"", ""JobState"", ""job state"", ""state change""]"
environment,175,27,"[""SLURM_CONF_SERVER environment variable"", ""SLURM_JOB_ID environment variable"", ""environment variable slurm_job_id"", ""environment variable"", ""environment variable SLURM_JOB_ID"", ""environment variables"", ""job environment"", ""slurm_job_id environment variable"", ""slurm_conf_server environment variable"", ""equivalent environment variable slurm_mpi_type"", ""environment variable slurm_array_task_id"", ""equivalent environment variable SLURM_MPI_TYPE"", ""slurm environment"", ""test environment"", ""environment variable SLURM_ARRAY_TASK_ID""]"
information,348,26,"[""detailed information"", ""gre information"", ""job information"", ""slurmctld daemon maintains GRES information"", ""state information"", ""acct information"", ""slurm administrator information"", ""qos information v0.0.43_openapi_slurmdbd_qos_resp"", ""GRES information"", ""slurmctld daemon maintain gre information"", ""accounting information"", ""Job Information"", ""configuration information"", ""QOS information v0.0.43_openapi_slurmdbd_qos_resp"", ""Slurm administrator information""]"
nodes,,26,"[""execution nodes"", ""contiguous nodes"", ""compute nodes"", ""login nodes"", ""specific nodes"", ""multiple nodes"", ""scontrol show nodes"", ""Slurm emulate nodes"", ""nodes linux"", ""SLURM_JOB_NODELIST Nodes"", ""SlurmctldHost nodes"", ""consecutive nodes"", ""Slurm nodes"", ""multiple Slurm nodes"", ""slurm_job_num_nodes number""]"
code,1788,26,"[""slurmctld daemon code"", ""exit code"", ""Slurm daemon code"", ""NonZeroExitCode"", ""return code"", ""source code"", ""error code"", ""Slurm central manager daemon code"", ""exit_code"", ""Slurm code"", ""slurm daemon code"", ""slurm central manager daemon code"", ""slurm code"", ""high exit code"", ""specific exit code""]"
data,353,26,"[""data structure"", ""Slurm data structures"", ""data types"", ""slurm option data structure"", ""Data Structures"", ""slurm_bb_test_data_out"", ""slurm_bb_data_in"", ""slurm accounting data"", ""slurm data structure"", ""accounting data"", ""slurm_rlimit_data"", ""PrivateData slurm.conf parameter"", ""slurm_bb_data_out"", ""data_parser"", ""energy data""]"
cluster,272,25,"[""Slurm cluster"", ""cluster snowflake"", ""string cluster"", ""cluster_name"", ""small cluster"", ""large cluster"", ""slurm cluster"", ""Slurm ClusterName"", ""cluster list"", ""scalable cluster management"", ""cluster default"", ""cluster level"", ""String Cluster"", ""ClusterName"", ""small linux cluster""]"
memory,116,24,"[""locked memory"", ""memory limit"", ""real memory"", ""CR_CPU_Memory"", ""memory size"", ""slurmctld memory"", ""CR_Core_Memory"", ""cr_cpu_memory"", ""memory requirement"", ""maximum memory"", ""cr_core_memory"", ""memory page"", ""default memory"", ""RealMemory"", ""memory limits""]"
database,349,24,"[""slurm database"", ""MariaDB database"", ""Slurm Accounting Database"", ""slurm database daemon"", ""mysql database"", ""large slurm database"", ""database tables"", ""database daemon"", ""single database"", ""database table"", ""Slurm Database Daemon"", ""Slurm database"", ""slurm accounting database"", ""database server"", ""mariadb database""]"
parameters,,23,"[""important configuration parameters"", ""slurmctld daemon parameters"", ""Query parameters"", ""AuthAltParameters"", ""Slurm configuration parameters"", ""Slurm parameters control"", ""slurm.conf parameters"", ""SelectTypeParameters"", ""SlurmctldParameters"", ""JobAcctGatherFrequency parameters"", ""SchedulerParameters configuration parameter"", ""SchedulerParameters"", ""Path parameters"", ""MCSParameters"", ""LaunchParameters""]"
number,123,23,"[""port number"", ""minimum number"", ""integer number"", ""large number"", ""small number"", ""total number"", ""slurm port number"", ""maximum number"", ""number content format"", ""number contents format"", ""Integer Number"", ""integer total number"", ""Integer Total number"", ""specific number"", ""version number""]"
request,146,23,"[""energy request"", ""resource request"", ""request slurmctld reconfigure"", ""Burst Buffer request"", ""accept request header"", ""burst buffer request"", ""Energy request"", ""Request body"", ""type request header"", ""Accept request header"", ""request body"", ""Type request header"", ""CPU request"", ""job request"", ""cpu request""]"
srun,1227,23,"[""srun man pages"", ""SrunEpilog"", ""srun het"", ""srun oversubscribe option"", ""srun option"", ""srun cpu"", ""srun --cpu"", ""srun command"", ""SrunProlog"", ""srun --oversubscribe option"", ""srun n"", ""srun -N"", ""srun man page"", ""srun --het"", ""man srun""]"
factor,2842,22,"[""priority factor"", ""Slurm site_factor plugins"", ""slurm site_factor api"", ""age factor"", ""share factor"", ""site_factor"", ""association factor"", ""slurm priority site factor plugin api"", ""UsageFactor"", ""site_factor plugin"", ""Association Factor"", ""Slurm Priority Site Factor Plugin API"", ""Slurm site_factor API"", ""slurm site_factor plugin"", ""UsageFactorSafe flag""]"
jobs,,22,"[""priority jobs"", ""future jobs"", ""higher priority jobs"", ""scheduling jobs"", ""container jobs"", ""jobs signal responses"", ""Managing Jobs"", ""finished jobs"", ""individual jobs"", ""larger jobs"", ""multiple jobs"", ""user jobs"", ""no_hold_jobs_after_end"", ""interactive jobs"", ""batch jobs""]"
resp,,21,"[""statistic v0.0.43_openapi_slurmdbd_stats_resp"", ""ping test v0.0.43_openapi_slurmdbd_qos_removed_resp"", ""v0.0.43_openapi_accounts_add_cond_resp_str"", ""v0.0.43_openapi_instances_resp"", ""v0.0.43_openapi_slurmdbd_qos_removed_resp"", ""QOS information v0.0.43_openapi_slurmdbd_qos_resp"", ""v0.0.43_openapi_accounts_resp"", ""v0.0.43_openapi_reservation_mod_resp"", ""qos v0.0.43_openapi_slurmdbd_qos_resp"", ""qos information v0.0.43_openapi_slurmdbd_qos_resp"", ""slurmdbd configuration v0.0.43_openapi_slurmdbd_config_resp"", ""QOS v0.0.43_openapi_slurmdbd_qos_resp"", ""v0.0.42_openapi_resp"", ""statistics v0.0.43_openapi_slurmdbd_stats_resp"", ""slurmdbd configuration v0.0.43_openapi_resp""]"
process,465,20,"[""non killable process"", ""job process"", ""user process"", ""Hydra Process Manager"", ""slurmstepd process"", ""slurm process"", ""hydra process manager"", ""Process ID"", ""process id"", ""process group ID"", ""spawned process"", ""slurmd process"", ""process group id"", ""slurm_bb_job_process"", ""process tracking""]"
cpu,805,20,"[""cpu resource"", ""cpu frequency"", ""idle cpu"", ""cpu count"", ""state cpu s"", ""cpu management"", ""cr_cpu_memory"", ""srun cpu"", ""cpu affinity support"", ""cr_cpu"", ""cpu request"", ""cpu id"", ""cpu usage"", ""cpu option"", ""cpu time""]"
variable,135,19,"[""SLURM_CONF_SERVER environment variable"", ""slurm_dir variable"", ""SLURM_JOB_ID environment variable"", ""environment variable slurm_job_id"", ""environment variable"", ""environment variable SLURM_JOB_ID"", ""slurm_procid environment variable"", ""slurm_job_id environment variable"", ""slurm_conf_server environment variable"", ""equivalent environment variable slurm_mpi_type"", ""environment variable slurm_array_task_id"", ""slurmstepd_oom_adj environment variable"", ""equivalent environment variable SLURM_MPI_TYPE"", ""slurm environment variable"", ""environment variable SLURM_ARRAY_TASK_ID""]"
usage,53,18,"[""resource usage"", ""usage_end"", ""with_usage"", ""effective usage"", ""cpu usage"", ""effective usage ratio"", ""usage ratio"", ""UsageFactor"", ""usage default"", ""Effective Usage"", ""CPU usage"", ""Effective Usage Ratio"", ""AllowSpecResourcesUsage"", ""TresUsageInTot"", ""UsageFactorSafe flag""]"
version,985,18,"[""late version"", ""slurm version"", ""string slurmd version"", ""latest version"", ""Slurm version number"", ""rpc_version"", ""String Slurmd version"", ""slurm version number"", ""previous slurm version"", ""previous version"", ""Slurm version"", ""prior version"", ""pre release version"", ""uint32_t plugin_version"", ""version number""]"
release,1754,18,"[""slurm major release"", ""stable slurm release"", ""major release"", ""major slurm release"", ""release note"", ""stable Slurm release"", ""slurm-20.11 release"", ""Slurm ReleaseRevised"", ""Pre-Release Versions"", ""slurm 20.11 release"", ""release notes"", ""pre release version"", ""major Slurm release"", ""Slurm Major release"", ""slurm release""]"
scheduler,335,17,"[""backfill scheduler"", ""slurm gang scheduler"", ""slurm scheduler"", ""SchedulerType"", ""scheduler type"", ""Gang scheduler"", ""Slurm scheduler"", ""Slurm backfill scheduler"", ""SchedulerTimeslice interval"", ""slurm backfill scheduler"", ""Slurm gang scheduler"", ""SchedulerTimeSlice"", ""SchedulerParameters configuration parameter"", ""SchedulerParameters"", ""gang scheduler""]"
script,197,17,"[""wrapper script"", ""slurm configure script"", ""epilog script"", ""slurm job epilog script"", ""prolog script"", ""Slurm configure script"", ""batch script"", ""burst buffer script"", ""configure script"", ""job script"", ""lua script"", ""epilogslurmctld script"", ""Prolog script"", ""single script"", ""Slurm job epilog script""]"
log,213,17,"[""log file"", ""Slurm log"", ""SlurmdLogFile"", ""slurmctld log file"", ""log files"", ""instance SlurmdLogFile"", ""Slurm job accounting log"", ""slurm log"", ""slurm log file"", ""slurm job accounting log"", ""Slurm log files"", ""SlurmdLogFile locations"", ""LogFile"", ""slurmrestd log"", ""SlurmctldLogFile""]"
core,140,17,"[""specialized core"", ""core file"", ""CoreSpecCount"", ""CR_Core"", ""CR_Core_Memory"", ""core_dumped"", ""slurm daemon core dump"", ""Core specialization"", ""cr_core_memory"", ""slurm multi core support"", ""cr_core"", ""Slurm daemon core dumps"", ""core slurm component"", ""core specialization"", ""core count""]"
size,278,16,"[""job size factor"", ""resident set size"", ""stack size"", ""Resident Set Size"", ""Maximum size"", ""memory size"", ""maximum size"", ""slurm_het_size"", ""MaxArraySize"", ""Burst Buffers size specifications Slurm"", ""job size"", ""burst buffer size specification slurm"", ""job size limit"", ""slurm_bb_real_size"", ""innodb_buffer_pool_size""]"
plugins,,16,"[""task plugins"", ""Slurm MPI plugins"", ""Slurm cli_filter plugins"", ""Slurm site_factor plugins"", ""Slurm burst buffer plugins"", ""SPANK Plugins"", ""Authentication plugins"", ""OpenAPI plugins"", ""NodeFeaturesPlugins"", ""Slurm cgroup plugins"", ""Customized Slurm Plugins"", ""Slurm serialization plugins"", ""Slurm job submit plugins"", ""Slurm prep plugins"", ""additional plugins""]"
authentication,1807,16,"[""munge authentication"", ""authentication mechanism"", ""JWT authentication"", ""authentication method"", ""slurm authentication type"", ""Authentication plugins"", ""slurm authentication mechanism"", ""authentication system"", ""slurm authentication plugin"", ""jwt authentication"", ""Munge authentication"", ""Slurm authentication type"", ""authentication plugin"", ""authentication methods"", ""Slurm authentication mechanism""]"
files,,15,"[""step files"", ""Header files"", ""output files"", ""config files"", ""open files"", ""log files"", ""error files"", ""Slurm crontab files"", ""key files"", ""SlurmDBD configuration files"", ""Slurm log files"", ""Slurm header files"", ""slurmdbd.conf files"", ""SLURM_RESUME_FILE temporary files"", ""Makefile.in files""]"
options,,15,"[""scontrol options"", ""Command Options"", ""job options"", ""specific options"", ""configuration options"", ""command line options"", ""QOS Options"", ""slurm.conf options RequeueExit"", ""slurm.conf options"", ""general options"", ""Task Distribution Options"", ""additional options"", ""slurmctld options"", ""EpilogSlurmctld options"", ""Valid options""]"
storage,1284,15,"[""StorageLoc"", ""StoragePort slurmdbd.conf parameter"", ""AccountingStorageEnforce"", ""job accounting storage"", ""AccountingStorageType"", ""AccountingStorageTres"", ""Job Accounting Storage"", ""slurm accounting storage plugin"", ""local storage"", ""slurm accounting_storage plugin"", ""Slurm accounting storage plugin"", ""accounting storage plugin"", ""Slurm accounting_storage plugin"", ""AccountingStoragePort"", ""accounting_storage""]"
name,,15,"[""NodeName"", ""SwitchName"", ""PartitionName"", ""db_name"", ""cluster_name"", ""LicenseName"", ""Slurm UserName"", ""user_name"", ""NodeName line"", ""ReservationName"", ""slurm_job_name"", ""node_name"", ""cloud node name resolution slurm"", ""ClusterName"", ""Slurm ClusterName""]"
allocation,1160,15,"[""block allocation method"", ""slurm job allocation"", ""heterogeneous job allocation"", ""node allocation"", ""step allocation"", ""Slurm allocation"", ""Slurm job allocation"", ""default allocation method"", ""resource allocation"", ""slurmctld grant allocation"", ""slurmctld grants allocation"", ""job step allocation"", ""slurm allocation"", ""job allocation"", ""exclusive allocation""]"
qos,472,15,"[""raw qos"", ""partition qos"", ""ping test v0.0.43_openapi_slurmdbd_qos_removed_resp"", ""job qos"", ""v0.0.43_openapi_slurmdbd_qos_removed_resp"", ""qos v0.0.43_openapi_slurmdbd_qos_resp"", ""qos information v0.0.43_openapi_slurmdbd_qos_resp"", ""qos option"", ""qos factor"", ""delta_qos"", ""QOS v0.0.43_openapi_slurmdbd_qos_resp"", ""default_qos"", ""relative qos"", ""QOS information v0.0.43_openapi_slurmdbd_qos_resp"", ""qos limit""]"
format,464,15,"[""integer slurm numeric error identifier format"", ""format option"", ""last_run format"", ""task format"", ""tasks format"", ""job format"", ""node format"", ""reset format"", ""hostlist expression format"", ""number content format"", ""number contents format"", ""Integer Slurm numeric error identifier format"", ""slurmd format"", ""output format"", ""output format default""]"
structure,2190,15,"[""data structure"", ""slurm option datum structure"", ""slurm option data structure"", ""slurm_step_layout_req_t Data Structure"", ""global datum structure"", ""slurm_step_layout_t data structure"", ""Slurm directory structure"", ""slurm_step_launch_params_t Data Structure"", ""slurm_step_layout_req_t data structure"", ""slurm_step_launch_params_t data structure"", ""slurm directory structure"", ""slurm_step_layout_t Data Structure"", ""datum structure"", ""slurm data structure""]"
level,22,14,"[""level fairshare"", ""Level FS"", ""Level Fairshare"", ""SlurmdDebug level"", ""higher level"", ""AdminLevel"", ""level flags"", ""level flag"", ""top level"", ""high level"", ""level fs"", ""slurmddebug level"", ""cluster level"", ""top level directory""]"
submit,2965,14,"[""slurm_submit_dir directory"", ""cli_filter_p_pre_submit"", ""slurm_submit_host host"", ""submit_uid"", ""job_submit plugin"", ""slurm job submit plugin"", ""job submit time"", ""submit time"", ""submit time slurm"", ""job_submit"", ""job_submit_mine"", ""Slurm job submit plugins"", ""job submit plugin"", ""started_on_submit""]"
count,1026,14,"[""count parameter"", ""task count"", ""CoreSpecCount"", ""cpu count"", ""thread count"", ""maximum node count"", ""slurm_array_task_count"", ""Count parameters"", ""shard count"", ""processor count"", ""node count"", ""total count"", ""core count"", ""CPU count""]"
port,319,14,"[""port number"", ""StoragePort slurmdbd.conf parameter"", ""pmi_control_port"", ""slurm port"", ""SlurmdPort"", ""slurm port number"", ""slurmd port"", ""SlurmctldPort slurm.conf parameter"", ""SlurmctldPort"", ""DbdPort slurmdbd.conf parameter"", ""Slurm Port Numbers"", ""AccountingStoragePort"", ""SlurmdPort slurm.conf parameter"", ""default port""]"
api,1208,14,"[""c api"", ""burst buffer api"", ""slurm plugin api"", ""slurm site_factor api"", ""slurm api function"", ""slurm api"", ""rest api"", ""slurm priority site factor plugin api"", ""api call"", ""slurm rest api daemon"", ""api function"", ""slurm rest api"", ""slurmrestdthe slurm rest api daemon"", ""slurm scheduler api""]"
directory,1496,14,"[""parent directory"", ""Slurm source directory"", ""slurm_submit_dir directory"", ""grep StateSaveLocationEntire slurm configuration directory"", ""unique directory"", ""slurm build directory"", ""Slurm directory structure"", ""grep statesavelocationentire slurm configuration directory"", ""installation directory"", ""slurm directory structure"", ""slurm source directory"", ""SLURM_SUBMIT_DIR Directory"", ""Slurm build directory"", ""top level directory""]"
group,584,14,"[""tim@blackhole srun getent s slurm group"", ""http: groups.google.com group slurm user"", ""slurm_job_gid group id"", ""SLURM_JOB_GROUP Group"", ""slurm_job_group group"", ""SLURM_JOB_GID Group ID"", ""http://groups.google.com/group/slurm-users"", ""control group"", ""Control Group"", ""tim@blackhole srun getent -s slurm group"", ""user group"", ""process group id"", ""process group ID"", ""group option""]"
path,1458,13,"[""Slurm installation path"", ""correct path"", ""ld_library_path"", ""qualified path"", ""slurmdb path"", ""path parameter"", ""Correct path"", ""slurm_bb_path"", ""slurm installation path"", ""absolute path"", ""Path parameters"", ""slurm_bb_path function"", ""abs_path_to_bundle""]"
resources,,13,"[""mps resources"", ""billable trackable resources"", ""Burst buffer resources"", ""trackable resources"", ""GPU resources"", ""Slurm track burst buffer resources"", ""sufficient resources"", ""Generic Resources"", ""Job resources"", ""shard resources"", ""CPU resources"", ""AllowSpecResourcesUsage"", ""Hierarchical Resources""]"
run,1492,13,"[""run slurmrestd"", ""last_run format"", ""slurmctld run"", ""slurm run"", ""Run systemctl edit slurmrestd"", ""slurm_bb_post_run"", ""run mode"", ""run modes"", ""last_run"", ""run systemctl edit slurmrestd"", ""run time"", ""Run slurmrestd"", ""slurmctld daemon run""]"
function,64,13,"[""plugin function"", ""slurm_bb_get_statu function"", ""slurm_bb_get_status function"", ""function slurm_lua_job_record_field"", ""fini function"", ""slurm function"", ""function slurm_bb_pools"", ""slurm api function"", ""slurm_bb_job_process function"", ""function slurm_bb_pool"", ""api function"", ""slurm_bb_path function"", ""hostlist function""]"
host,126,13,"[""matlab@rlm_host"", ""backup host"", ""matlab rlm_host License"", ""backup slurmdbd host"", ""slurm_submit_host host"", ""Multiple SlurmctldHost entries"", ""slurmctld host"", ""SlurmctldHost nodes"", ""incorrect SlurmctldHost parameter"", ""SLURM_SUBMIT_HOST Host"", ""SlurmctldHost"", ""multiple SlurmctldHost"", ""matlab rlm_host license""]"
header,3364,12,"[""Header files"", ""header file"", ""Slurm‘s spank.h header file"", ""accept request header"", ""slurm‘ spank.h header file"", ""type request header"", ""Accept request header"", ""Type request header"", ""slurm header file"", ""type response header"", ""Slurm header files"", ""Type response header""]"
reservation,386,12,"[""advanced reservation"", ""backfill reservation"", ""SLURM_JOB_RESERVATION Reservation"", ""v0.0.43_openapi_reservation_mod_resp"", ""reservation starttime"", ""Reservation descriptions"", ""reservation description"", ""resource reservation"", ""magnetic reservation"", ""maintenance reservation"", ""ReservationName"", ""slurm_job_reservation reservation""]"
socket,142,12,"[""Socket id"", ""individual socket"", ""UNIX socket"", ""socket id"", ""unix socket"", ""cr_socket_memory"", ""physical processor socket"", ""cr_socket"", ""socket i d"", ""CR_Socket"", ""CR_Socket_Memory"", ""CoresPerSocket""]"
launch,,12,"[""LaunchParameters"", ""launch credential"", ""task launch"", ""task launch actions"", ""slurm job launch"", ""Slurm job launch"", ""slurm_step_launch_params_t Data Structure"", ""slurm_step_launch_params_t data structure"", ""Task Launch"", ""launch task"", ""task launch plugin"", ""task launch action""]"
cgroup,2163,12,"[""slurm cgroup configuration overview"", ""Linux cgroup"", ""slurm cgroup plugin"", ""cgroup v"", ""Slurm cgroup plugins design"", ""linux cgroup"", ""Slurm cgroup plugins"", ""slurm cgroup plugin design"", ""cgroupThere"", ""Slurm Cgroup Configuration Overview"", ""slurm cgroup"", ""cgroup plugin""]"
start,866,11,"[""start time"", ""ExecStart"", ""slurmd_start_time"", ""start_received"", ""slurm start"", ""time_start"", ""earliest start time"", ""early start time"", ""init.d slurmdbd start"", ""slurmctld start"", ""init.d/slurmdbd start""]"
server,1238,11,"[""Kafka server"", ""compute server"", ""kafka server"", ""server slurmctl"", ""mps server"", ""slurm_conf_server"", ""slurm_conf_server environment variable"", ""slurmdbd server"", ""license server"", ""database server"", ""server resource""]"
support,2440,11,"[""oci support"", ""Multiple slurmd support"", ""slurm support"", ""cpu affinity support"", ""Slurm multi-core support"", ""slurm multi core support"", ""OCI support"", ""CPU affinity support"", ""slurmrestd support"", ""slurmd support"", ""Slurm support""]"
control,2457,11,"[""pmi_control_port"", ""slurm parameter control"", ""Slurm parameters control"", ""slurm control"", ""Control Machines"", ""control group"", ""control machine"", ""Slurm control"", ""Control Group"", ""slurm control daemon"", ""Slurm control daemon""]"
upgrade,1751,11,"[""Upgrade Procedure"", ""Slurm upgrade"", ""slurm upgrade"", ""place upgrade"", ""upgrade slurmd"", ""Upgrade slurmd"", ""upgrade procedure"", ""Upgrade Guide"", ""upgrade slurmdbd"", ""upgrade guide"", ""Upgrade slurmdbd""]"
topology,982,11,"[""slurm_topology_addr_pattern"", ""tree topology"", ""Tree Topology"", ""https: github.com aws samples ec2 topology aware for slurm"", ""topology/4d_torus"", ""slurm_topology_addr"", ""network topology"", ""topology 4d_toru"", ""block topology"", ""Block Topology"", ""TopologyPlugin""]"
tre,603,10,"[""tre type"", ""cons_tre plugin"", ""global tre"", ""cons_tre plug"", ""cons_tre"", ""billable tre"", ""tre minute"", ""max_tre"", ""string tre"", ""billing tre""]"
mode,724,10,"[""inet service mode"", ""power saving mode"", ""run mode"", ""interactive mode"", ""Inet Service Mode"", ""numa mode"", ""PreemptMode"", ""mcdram mode"", ""exclusive mode"", ""NUMA mode""]"
distribution,1976,10,"[""slurm distribution"", ""block distribution method"", ""task distribution option"", ""Slurm distribution"", ""cyclic distribution method"", ""Task Distribution Options"", ""distribution method"", ""linux distribution"", ""default distribution method"", ""cyclic distribution""]"
library,2537,10,"[""system library"", ""PMI library"", ""pmi 2 library"", ""ld_library_path"", ""nvml library"", ""PMI-2 library"", ""pmi library"", ""slurm plugin library"", ""slurm library"", ""Slurm plugin library""]"
source,1001,10,"[""open source"", ""Slurm source directory"", ""slurmâ source code"", ""slurm source"", ""Slurmâs source code"", ""Slurm source code"", ""source code"", ""slurm source directory"", ""slurm source code"", ""Slurm source""]"
manager,,10,"[""Slurm Workload Manager"", ""Hydra Process Manager"", ""slurmstepdthe job step manager"", ""slurm workload manager"", ""Slurm job manager"", ""hydra process manager"", ""slurm job manager"", ""Slurm central manager daemon code"", ""slurmstepdThe job step manager"", ""slurm central manager daemon code""]"
gather,,9,"[""jobacct_gather"", ""job accounting gather"", ""acct_gather_profile plugin"", ""Job Accounting Gather"", ""Job Accounting Gather Slurm"", ""JobAcctGatherFrequency parameters"", ""JobAcctGatherType"", ""job accounting gather slurm"", ""JobAcctGatherFrequency""]"
license,400,9,"[""matlab rlm_host License"", ""remote license"", ""LicenseName"", ""slurm_job_license"", ""slurm license"", ""license server"", ""License request"", ""matlab rlm_host license"", ""license request""]"
list,373,9,"[""job list"", ""list default"", ""cluster list"", ""slurm mailing list"", ""part_list"", ""full list"", ""user list"", ""NodeList"", ""gres_list""]"
datum,1232,9,"[""slurm accounting datum"", ""energy datum"", ""datum type"", ""slurm option datum structure"", ""accounting datum"", ""global datum structure"", ""datum item"", ""task datum"", ""datum structure""]"
line,1875,9,"[""command line option"", ""command line"", ""nodename line"", ""execute line"", ""command line options"", ""pam_slurm_adopt line"", ""command line argument"", ""command line arguments"", ""NodeName line""]"
commands,,9,"[""Slurm job submission commands"", ""user commands"", ""scontrol commands"", ""job submission commands"", ""client commands"", ""Slurm database commands"", ""Slurm client commands"", ""Status Commands"", ""Slurm commands""]"
suspend,1178,9,"[""scontrol suspend"", ""SuspendExcNodes"", ""SuspendRate"", ""slurm_suspend"", ""job suspend"", ""SuspendExcParts"", ""SuspendProgram"", ""SuspendTimeout"", ""SuspendTime""]"
tree,23,9,"[""tree plugin"", ""association tree"", ""Fair Tree"", ""tree topology"", ""fair tree"", ""Fair Tree algorithm"", ""Tree Topology"", ""fair tree algorithm"", ""no_fair_tree""]"
page,1808,8,"[""man page"", ""slurmrestd.8 man page"", ""cgroup.conf man page"", ""slurm.conf man page"", ""memory page"", ""srun man page"", ""sacctmgr man page"", ""slurmrestd man page""]"
jwt,1899,8,"[""slurm_jwt"", ""export slurm_jwt"", ""non slurm jwt generator"", ""slurm jwt"", ""jwt key"", ""jwt authentication"", ""invalid slurm_jwt environment variable"", ""token:$slurm_jwt""]"
client,1235,8,"[""client command"", ""slurmrestd web client"", ""client commands"", ""slurm client"", ""slurm client command"", ""Slurm client"", ""Slurm client commands"", ""slurm job submission client""]"
limits,,8,"[""current limits"", ""aggregate limits"", ""system limits"", ""user limits"", ""job time limits"", ""Resource Limits"", ""memory limits"", ""QOS limits""]"
program,1216,8,"[""Epilog program"", ""Prolog program"", ""prolog program"", ""HealthCheckProgram"", ""ResumeProgram"", ""slurmstepd program"", ""SuspendProgram"", ""epilog program""]"
functionality,129,8,"[""basic Slurm functionality"", ""non slurmdbd functionality"", ""current slurm functionality"", ""slurm functionality"", ""non-slurmdbd functionality"", ""basic slurm functionality"", ""current Slurm functionality"", ""Slurm functionality""]"
field,1645,8,"[""missing field"", ""function slurm_lua_job_record_field"", ""SLURM_JOB_EXTRA Extra field"", ""Field modified.components.schemas"", ""field modified.components.schema"", ""slurm_job_extra extra field"", ""modified field"", ""field added.components.schema""]"
thread,160,7,"[""separate processing thread"", ""separate slurmctld thread"", ""logical thread"", ""conmgr_thread"", ""thread count"", ""cuda_mps_active_thread_percentage"", ""thread counts""]"
tasks,,7,"[""individual tasks"", ""tasks format"", ""launches tasks"", ""user tasks"", ""specific tasks"", ""slurm_tasks_per_node number"", ""parallel tasks""]"
association,451,7,"[""association default"", ""requested association"", ""association tree"", ""user association"", ""Association Factor"", ""association factor"", ""accounts_association""]"
controller,709,7,"[""freezer controller"", ""optional backup controller"", ""Slurm controller waits"", ""backup controller"", ""primary controller"", ""slurm controller wait"", ""slurm controller""]"
component,550,7,"[""hetjob component"", ""job component"", ""optional slurm component"", ""slurm component"", ""heterogeneous job component"", ""core slurm component"", ""individual component""]"
functions,,7,"[""API Functions"", ""Slurm functions"", ""hostlist functions"", ""fini functions"", ""Slurm API functions"", ""Plugin functions"", ""slurm_bb_paths functions""]"
execution,76,7,"[""execution nodes"", ""late execution"", ""slurmdbd execution"", ""execution node"", ""later execution"", ""execution time"", ""SlurmDBD execution""]"
method,843,7,"[""block allocation method"", ""authentication method"", ""block distribution method"", ""default allocation method"", ""cyclic distribution method"", ""distribution method"", ""default distribution method""]"
tres,,7,"[""cons_tres"", ""AccountingStorageTres"", ""cons_tres plug"", ""individual tress"", ""cons_tres plugin"", ""max_tres_gre"", ""TresUsageInTot""]"
frequency,337,7,"[""cpu frequency"", ""gpu frequency"", ""CPU frequency"", ""GPU frequency"", ""JobAcctGatherFrequency parameters"", ""EnergyIPMIFrequency"", ""JobAcctGatherFrequency""]"
timeout,139,7,"[""preferred SlurmdTimeout"", ""SlurmdTimeout"", ""configuration parameter SlurmdTimeout"", ""SlurmctldTimeout"", ""ResumeTimeout"", ""SuspendTimeout"", ""SlurmdTimeout configuration parameter""]"
operation,1023,7,"[""normal operation"", ""proper operation"", ""Power Saving operation"", ""slurm operation"", ""Slurm operation"", ""power saving operation"", ""asynchronous operation""]"
key,1323,7,"[""JWT key"", ""single key setup"", ""jwt key"", ""Single Key Setup"", ""key files"", ""key file"", ""default key""]"
module,3711,7,"[""module pam_slurm_adopt"", ""pam_slurm_adopt module"", ""pam_listfile module"", ""pam module"", ""slurm pam module"", ""Slurm PAM module"", ""PAM module""]"
record,210,6,"[""accounting record"", ""slurmctld daemon record"", ""function slurm_lua_job_record_field"", ""step record"", ""dns srv record"", ""job record""]"
end,,6,"[""slurm_job_end_time"", ""usage_end"", ""time_end"", ""end_time"", ""no_hold_jobs_after_end"", ""front_end""]"
description,380,6,"[""Step 1slurm.conf parameterPossible valuesDescription"", ""Step 3slurm.conf parameterPossible valuesDescription"", ""Job description"", ""reservation description"", ""job description"", ""complete description""]"
comment,667,6,"[""String Arbitrary comment"", ""comment string"", ""slurm_job_comment comment"", ""SLURM_JOB_COMMENT Comment"", ""string arbitrary comment"", ""Comment String""]"
components,,6,"[""heterogeneous job components"", ""hetjob components"", ""core Slurm components"", ""optional slurm components"", ""Slurm components"", ""individual components""]"
processor,2047,6,"[""physical processor sockets"", ""logical processor"", ""physical processor socket"", ""knl processor"", ""processor count"", ""KNL processor""]"
features,,6,"[""active features"", ""NodeFeaturesPlugins"", ""node features"", ""features_act"", ""SLURM_JOB_CONSTRAINTS Features"", ""Slurm features""]"
queue,308,6,"[""job queue"", ""default_queue_depth"", ""slurmdbd agent queue"", ""slurm scheduling queue"", ""Slurm scheduling queue"", ""slurmdbd Agent queue""]"
documentation,3650,6,"[""slurm documentation"", ""official documentation"", ""pam_slurm_adopt documentation"", ""slurmrestd documentation"", ""Slurm documentation"", ""slurm.conf documentation""]"
auth,1596,6,"[""Slurm Auth"", ""slurm auth"", ""AuthAltParameters"", ""sackdslurm auth"", ""sackdSlurm Auth"", ""AuthType""]"
ids,,6,"[""task ids"", ""CPU ids"", ""Slurm abstract CPU ids"", ""numerical JobIds"", ""slurm abstract cpu ids"", ""cpu ids""]"
management,4468,6,"[""memory management parameter"", ""resource management"", ""CPU Management"", ""scalable cluster management"", ""cpu management"", ""memory management parameters""]"
adopt,,6,"[""pam_slurm_adopt"", ""pam_slurm_adopt line"", ""pam_slurm_adopt module"", ""module pam_slurm_adopt"", ""pam_slurm_adopt documentation"", ""pam_slurm adopt""]"
mechanism,1185,6,"[""bootstrap mechanism"", ""slurm authentication mechanism"", ""Slurm bootstrap mechanism"", ""authentication mechanism"", ""Slurm authentication mechanism"", ""slurm bootstrap mechanism""]"
network,846,6,"[""network switch"", ""dragonfly network"", ""network topology"", ""Dragonfly network"", ""network switches"", ""hierarchical network""]"
flags,,5,"[""DebugFlags"", ""level flags"", ""state flags"", ""PriorityFlags"", ""PrologFlags""]"
label,1706,5,"[""mcs_label"", ""mcs label"", ""label enforcement"", ""Label enforcement"", ""MCS label""]"
steps,,5,"[""heterogeneous job steps"", ""interactive steps"", ""multiple job steps"", ""regular steps"", ""Slurm steps""]"
set,70,5,"[""not_set"", ""resident set size"", ""Resident Set Size"", ""option set"", ""slurm_option_set""]"
location,1224,5,"[""StateSaveLocation"", ""grep StateSaveLocationEntire slurm configuration directory"", ""slurmdlogfile location"", ""Slurm StateSaveLocation"", ""installation location""]"
implementation,2178,5,"[""slurm oci container implementation"", ""Slurm OCI container implementation"", ""internal pmi implementation"", ""mpi implementation"", ""internal PMI implementation""]"
requirement,1469,5,"[""jobs memory requirement"", ""resource requirement"", ""memory requirement"", ""job memory requirement"", ""burst buffer requirement""]"
flag,357,5,"[""usagefactorsafe flag"", ""state flag"", ""bind flag"", ""level flag"", ""UsageFactorSafe flag""]"
rpm,1839,5,"[""user@testbox:~ slurm_rpm rpmbuild"", ""user@testbox:~/slurm_rpm rpmbuild"", ""slurm rpm"", ""slurmdbd rpm"", ""pam_slurm rpm""]"
performance,181,5,"[""Slurm performance"", ""performance reasons"", ""slurmctld performance"", ""performance reason"", ""slurm performance""]"
tool,1466,5,"[""configuration tool"", ""slurm configuration tool"", ""Slurm configuration tool"", ""slurm tool"", ""administrator tool""]"
processes,,5,"[""non-killable processes"", ""job processes"", ""user processes"", ""Slurm processes"", ""spawned processes""]"
execute,4265,5,"[""slurmd daemon execute"", ""execute line"", ""slurmctld execute"", ""slurmdbd daemon execute"", ""slurmctld daemon execute""]"
expression,1038,5,"[""Slurm hostlist expression"", ""hostlist expression format"", ""regular expression"", ""node range expression"", ""slurm hostlist expression""]"
package,2480,5,"[""Slurm package dependencies"", ""slurm package dependency"", ""deb package"", ""general slurm package"", ""slurm package""]"
records,,4,"[""accounting records"", ""slurmctld daemon records"", ""job records"", ""DNS SRV records""]"
logic,309,4,"[""gang scheduling logic"", ""scheduling logic"", ""slurm job preemption logic"", ""Slurm job preemption logic""]"
call,1054,4,"[""remote procedure call"", ""API call"", ""system call"", ""api call""]"
â,,4,"[""Body Parameter â"", ""Query Parameter â"", ""body parameter â"", ""query parameter â""]"
types,,4,"[""media types"", ""GresTypes"", ""data types""]"
states,,4,"[""job states"", ""node states"", ""Burst Buffer States"", ""base states""]"
feature,328,4,"[""slurm_job_constraint feature"", ""node feature"", ""slurm feature"", ""active feature""]"
variables,,4,"[""SLURMSTEPD_OOM_ADJ environment variables"", ""environment variables"", ""SLURM_JOB_UID environment variables"", ""Slurm environment variables""]"
machine,1832,4,"[""slurmrestd machine"", ""control machine"", ""slurmctld machine"", ""separate machine""]"
addr,,4,"[""slurm_topology_addr_pattern"", ""slurm_topology_addr"", ""NodeAddr"", ""SlurmctldAddr""]"
plug,,4,"[""cons_tres plug"", ""spankslurm plug"", ""cons_tre plug"", ""SPANKSlurm Plug""]"
versions,,4,"[""future Slurm versions"", ""previous versions"", ""Pre-Release Versions"", ""previous Slurm versions""]"
specialization,,4,"[""Core specialization"", ""Resource Specialization"", ""core specialization"", ""resource specialization""]"
behavior,1868,4,"[""default behavior"", ""Slurm behavior"", ""normal slurm behavior"", ""slurm behavior""]"
guide,1830,4,"[""Slurm Federated Scheduling Guide"", ""upgrade guide"", ""slurm federated scheduling guide"", ""Upgrade Guide""]"
pool,5900,4,"[""function slurm_bb_pool"", ""DefaultPool"", ""slurm_bb_pool"", ""innodb_buffer_pool_size""]"
credential,2222,4,"[""job step credential"", ""invalid job credential"", ""Invalid job credential"", ""launch credential""]"
procid,,4,"[""unique slurm_procid"", ""slurm_procid"", ""x\""$slurm_procid"", ""slurm_procid environment variable""]"
device,2176,4,"[""gpu_device_ordinal"", ""rocr_visible_device"", ""gpu device"", ""cuda_visible_device""]"
ratio,,3,"[""Effective Usage Ratio"", ""effective usage ratio"", ""usage ratio""]"
lock,291,3,"[""internal lock"", ""slurmctld lock"", ""global slurmctld lock""]"
locks,,3,"[""internal locks"", ""slurmctld locks"", ""global slurmctld locks""]"
termination,764,3,"[""job termination"", ""slurmctld verifies termination"", ""slurmctld verifie termination""]"
interval,776,3,"[""sched_interval"", ""SchedulerTimeslice interval"", ""schedulertimeslice interval""]"
window,8873,3,"[""compatibility window"", ""bf_window"", ""Compatibility Window""]"
partitions,,3,"[""default partitions"", ""PriorityTier partitions"", ""multiple partitions""]"
daemons,,3,"[""Slurm daemons"", ""Slurm compute node daemons"", ""multiple slurmd daemons""]"
bundle,1457,3,"[""oci container bundle"", ""OCI container bundle"", ""abs_path_to_bundle""]"
period,2311,3,"[""PriorityCalcPeriod"", ""maintenance period"", ""time period""]"
home,1713,3,"[""tim wickberg: home"", ""xdg_config_home"", ""Tim Wickberg:/home""]"
selection,1998,3,"[""node selection"", ""resource selection"", ""Resource Selection""]"
setting,1301,3,"[""configuration setting"", ""slurm.conf setting"", ""sample slurm.conf file setting""]"
settings,,3,"[""Configuration settings"", ""sample slurm.conf file settings"", ""slurm.conf settings""]"
structures,,3,"[""global data structures"", ""Data Structures"", ""Slurm data structures""]"
scripts,,3,"[""Epilog scripts"", ""configure scripts"", ""EpilogSlurmctld scripts""]"
requests,,3,"[""job requests"", ""incoming requests"", ""submission requests""]"
cycle,,3,"[""backfill cycle"", ""Plugin life cycle"", ""plugin life cycle""]"
algorithm,1081,3,"[""fair tree algorithm"", ""Fair Tree algorithm"", ""fit algorithm""]"
fairshare,683,3,"[""level fairshare"", ""Level Fairshare"", ""PriorityWeightFairshare""]"
executes,,3,"[""slurmdbd daemon executes"", ""slurmctld daemon executes"", ""slurmd daemon executes""]"
update,1749,3,"[""major slurm update"", ""automatic update"", ""scontrol update""]"
entry,1144,3,"[""duplicate entry"", ""Duplicate entry"", ""slurmctldhost entry""]"
cnt,,3,"[""task_cnt"", ""node_cnt"", ""uint32_t node_cnt""]"
prog,,3,"[""SlurmctldPrimaryOnProg"", ""x11_libexec_prog"", ""SlurmctldPrimaryOffProg""]"
hostname,716,3,"[""slurmd -N hostname"", ""slurmd n hostname"", ""NodeHostname""]"
setup,1365,3,"[""single key setup"", ""Single Key Setup"", ""slurm_bb_setup""]"
out,,3,"[""slurm_bb_data_out"", ""stage_out"", ""slurm_bb_test_data_out""]"
note,267,3,"[""release_note"", ""slurm openapi plugin release note"", ""release note""]"
section,1552,3,"[""slurmd section"", ""slurmdbd section"", ""slurmctld section""]"
