id,child_canonical_id,child_canonical_term,parent_head_text,parent_canonical_id,parent_canonical_term,method,score,created_at
1,1,effective usage ratio,ratio,,ratio,head_parent_candidates,1.0,2025-12-17T15:05:15Z
2,6,share factor,factor,2842,factor,head_parent_candidates,1.0,2025-12-17T15:05:15Z
3,14,multifactor plugin,plugin,179,plugin,head_parent_candidates,1.0,2025-12-17T15:05:15Z
4,38,usage ratio,ratio,,ratio,head_parent_candidates,1.0,2025-12-17T15:05:15Z
5,43,parent account,account,10,account,head_parent_candidates,1.0,2025-12-17T15:05:15Z
6,65,slurm.conf parameter,parameter,268,parameter,head_parent_candidates,1.0,2025-12-17T15:05:15Z
7,67,man page,page,1808,page,head_parent_candidates,1.0,2025-12-17T15:05:15Z
8,74,slurm administrator information,information,348,information,head_parent_candidates,1.0,2025-12-17T15:05:15Z
9,90,high level,level,22,level,head_parent_candidates,1.0,2025-12-17T15:05:15Z
10,93,system configuration,configuration,3,configuration,head_parent_candidates,1.0,2025-12-17T15:05:15Z
11,96,large number,number,123,number,head_parent_candidates,1.0,2025-12-17T15:05:15Z
12,97,open file,file,105,file,head_parent_candidates,1.0,2025-12-17T15:05:15Z
13,110,maximum number,number,123,number,head_parent_candidates,1.0,2025-12-17T15:05:15Z
14,157,large cluster,cluster,272,cluster,head_parent_candidates,1.0,2025-12-17T15:05:15Z
15,163,munge daemon,daemon,1268,daemon,head_parent_candidates,1.0,2025-12-17T15:05:15Z
16,169,slurmctld daemon,daemon,1268,daemon,head_parent_candidates,1.0,2025-12-17T15:05:15Z
17,170,memory size,size,278,size,head_parent_candidates,1.0,2025-12-17T15:05:15Z
18,172,stack size,size,278,size,head_parent_candidates,1.0,2025-12-17T15:05:15Z
19,173,slurm configuration,configuration,3,configuration,head_parent_candidates,1.0,2025-12-17T15:05:15Z
20,174,slurm configuration parameter,parameter,268,parameter,head_parent_candidates,1.0,2025-12-17T15:05:15Z
21,176,configuration option,option,215,option,head_parent_candidates,1.0,2025-12-17T15:05:15Z
22,178,accounting record,record,210,record,head_parent_candidates,1.0,2025-12-17T15:05:15Z
23,198,internal lock,lock,291,lock,head_parent_candidates,1.0,2025-12-17T15:05:15Z
24,203,slurmctld daemon record,record,210,record,head_parent_candidates,1.0,2025-12-17T15:05:15Z
25,211,slurmctld memory,memory,116,memory,head_parent_candidates,1.0,2025-12-17T15:05:15Z
26,212,squeue command,command,1336,command,head_parent_candidates,1.0,2025-12-17T15:05:15Z
27,220,separate slurmctld thread,thread,160,thread,head_parent_candidates,1.0,2025-12-17T15:05:15Z
28,233,batch job,job,50,job,head_parent_candidates,1.0,2025-12-17T15:05:15Z
29,237,job submit time,time,42,time,head_parent_candidates,1.0,2025-12-17T15:05:15Z
30,241,individual job,job,50,job,head_parent_candidates,1.0,2025-12-17T15:05:15Z
31,246,interactive job,job,50,job,head_parent_candidates,1.0,2025-12-17T15:05:15Z
32,250,configuration parameter,parameter,268,parameter,head_parent_candidates,1.0,2025-12-17T15:05:15Z
33,252,job termination,termination,764,termination,head_parent_candidates,1.0,2025-12-17T15:05:15Z
34,255,scheduling logic,logic,309,logic,head_parent_candidates,1.0,2025-12-17T15:05:15Z
35,262,backfill plugin,plugin,179,plugin,head_parent_candidates,1.0,2025-12-17T15:05:15Z
36,276,slurmctld daemon parameter,parameter,268,parameter,head_parent_candidates,1.0,2025-12-17T15:05:15Z
37,284,thread count,count,1026,count,head_parent_candidates,1.0,2025-12-17T15:05:15Z
38,290,global slurmctld lock,lock,291,lock,head_parent_candidates,1.0,2025-12-17T15:05:15Z
39,320,operating system,system,119,system,head_parent_candidates,1.0,2025-12-17T15:05:15Z
40,324,local storage,storage,1284,storage,head_parent_candidates,1.0,2025-12-17T15:05:15Z
41,331,remote procedure call,call,1054,call,head_parent_candidates,1.0,2025-12-17T15:05:15Z
42,344,slurmdbd configuration,configuration,3,configuration,head_parent_candidates,1.0,2025-12-17T15:05:15Z
43,346,time slurmdbd,slurmdbd,182,slurmdbd,head_parent_candidates,1.0,2025-12-17T15:05:15Z
44,356,job default,default,118,default,head_parent_candidates,1.0,2025-12-17T15:05:15Z
45,358,query parameter â,â,,â,head_parent_candidates,1.0,2025-12-17T15:05:15Z
46,360,return type,type,363,type,head_parent_candidates,1.0,2025-12-17T15:05:15Z
47,367,api call,call,1054,call,head_parent_candidates,1.0,2025-12-17T15:05:15Z
48,368,media type,type,363,type,head_parent_candidates,1.0,2025-12-17T15:05:15Z
49,369,accept request header,header,3364,header,head_parent_candidates,1.0,2025-12-17T15:05:15Z
50,370,type response header,header,3364,header,head_parent_candidates,1.0,2025-12-17T15:05:15Z
51,375,medium type,type,363,type,head_parent_candidates,1.0,2025-12-17T15:05:15Z
52,376,type request header,header,3364,header,head_parent_candidates,1.0,2025-12-17T15:05:15Z
53,379,body parameter â,â,,â,head_parent_candidates,1.0,2025-12-17T15:05:15Z
54,382,path parameter,parameter,268,parameter,head_parent_candidates,1.0,2025-12-17T15:05:15Z
55,390,query parameter,parameter,268,parameter,head_parent_candidates,1.0,2025-12-17T15:05:15Z
56,396,job state,state,395,state,head_parent_candidates,1.0,2025-12-17T15:05:15Z
57,399,state information,information,348,information,head_parent_candidates,1.0,2025-12-17T15:05:15Z
58,431,job allocation,allocation,1160,allocation,head_parent_candidates,1.0,2025-12-17T15:05:15Z
59,454,list default,default,118,default,head_parent_candidates,1.0,2025-12-17T15:05:15Z
60,460,raw qos,qos,472,qos,head_parent_candidates,1.0,2025-12-17T15:05:15Z
61,462,acct information,information,348,information,head_parent_candidates,1.0,2025-12-17T15:05:15Z
62,466,output format default,default,118,default,head_parent_candidates,1.0,2025-12-17T15:05:15Z
63,471,parent account default,default,118,default,head_parent_candidates,1.0,2025-12-17T15:05:15Z
64,487,cluster default,default,118,default,head_parent_candidates,1.0,2025-12-17T15:05:15Z
65,489,usage default,default,118,default,head_parent_candidates,1.0,2025-12-17T15:05:15Z
66,504,association default,default,118,default,head_parent_candidates,1.0,2025-12-17T15:05:15Z
67,506,coordinator default,default,118,default,head_parent_candidates,1.0,2025-12-17T15:05:15Z
68,523,cluster list,list,373,list,head_parent_candidates,1.0,2025-12-17T15:05:15Z
69,525,configuration information,information,348,information,head_parent_candidates,1.0,2025-12-17T15:05:15Z
70,551,heterogeneous job,job,50,job,head_parent_candidates,1.0,2025-12-17T15:05:15Z
71,552,job description,description,380,description,head_parent_candidates,1.0,2025-12-17T15:05:15Z
72,553,job list,list,373,list,head_parent_candidates,1.0,2025-12-17T15:05:15Z
73,609,wckey default,default,118,default,head_parent_candidates,1.0,2025-12-17T15:05:15Z
74,610,user list,list,373,list,head_parent_candidates,1.0,2025-12-17T15:05:15Z
75,645,time string,string,681,string,head_parent_candidates,1.0,2025-12-17T15:05:15Z
76,657,slurmd daemon,daemon,1268,daemon,head_parent_candidates,1.0,2025-12-17T15:05:15Z
77,663,long time,time,42,time,head_parent_candidates,1.0,2025-12-17T15:05:15Z
78,664,energy datum,datum,1232,datum,head_parent_candidates,1.0,2025-12-17T15:05:15Z
79,665,string account,account,10,account,head_parent_candidates,1.0,2025-12-17T15:05:15Z
80,666,string cluster,cluster,272,cluster,head_parent_candidates,1.0,2025-12-17T15:05:15Z
81,668,string arbitrary comment,comment,667,comment,head_parent_candidates,1.0,2025-12-17T15:05:15Z
82,682,string partition,partition,416,partition,head_parent_candidates,1.0,2025-12-17T15:05:15Z
83,697,string user,user,166,user,head_parent_candidates,1.0,2025-12-17T15:05:15Z
84,726,primary controller,controller,709,controller,head_parent_candidates,1.0,2025-12-17T15:05:15Z
85,728,number content format,format,464,format,head_parent_candidates,1.0,2025-12-17T15:05:15Z
86,730,string arbitrary string,string,681,string,head_parent_candidates,1.0,2025-12-17T15:05:15Z
87,740,job format,format,464,format,head_parent_candidates,1.0,2025-12-17T15:05:15Z
88,747,oci container bundle,bundle,1457,bundle,head_parent_candidates,1.0,2025-12-17T15:05:15Z
89,754,string job,job,50,job,head_parent_candidates,1.0,2025-12-17T15:05:15Z
90,780,resource allocation,allocation,1160,allocation,head_parent_candidates,1.0,2025-12-17T15:05:15Z
91,788,batch script,script,197,script,head_parent_candidates,1.0,2025-12-17T15:05:15Z
92,795,sibling job,job,50,job,head_parent_candidates,1.0,2025-12-17T15:05:15Z
93,797,contiguous node,node,409,node,head_parent_candidates,1.0,2025-12-17T15:05:15Z
94,817,integer number,number,123,number,head_parent_candidates,1.0,2025-12-17T15:05:15Z
95,831,time period,period,2311,period,head_parent_candidates,1.0,2025-12-17T15:05:15Z
96,848,job step,step,432,step,head_parent_candidates,1.0,2025-12-17T15:05:15Z
97,850,task format,format,464,format,head_parent_candidates,1.0,2025-12-17T15:05:15Z
98,864,acct_gather_profile plugin,plugin,179,plugin,head_parent_candidates,1.0,2025-12-17T15:05:15Z
99,883,heterogeneous job component,component,550,component,head_parent_candidates,1.0,2025-12-17T15:05:15Z
100,900,string tre,tre,603,tre,head_parent_candidates,1.0,2025-12-17T15:05:15Z
101,921,integer total number,number,123,number,head_parent_candidates,1.0,2025-12-17T15:05:15Z
102,950,slurmd format,format,464,format,head_parent_candidates,1.0,2025-12-17T15:05:15Z
103,953,node format,format,464,format,head_parent_candidates,1.0,2025-12-17T15:05:15Z
104,969,billable trackable resource,resource,830,resource,head_parent_candidates,1.0,2025-12-17T15:05:15Z
105,971,physical processor socket,socket,142,socket,head_parent_candidates,1.0,2025-12-17T15:05:15Z
106,973,logical thread,thread,160,thread,head_parent_candidates,1.0,2025-12-17T15:05:15Z
107,984,trackable resource,resource,830,resource,head_parent_candidates,1.0,2025-12-17T15:05:15Z
108,986,string slurmd version,version,985,version,head_parent_candidates,1.0,2025-12-17T15:05:15Z
109,999,integer slurm numeric error identifier format,format,464,format,head_parent_candidates,1.0,2025-12-17T15:05:15Z
110,1007,return code,code,1788,code,head_parent_candidates,1.0,2025-12-17T15:05:15Z
111,1021,node feature,feature,328,feature,head_parent_candidates,1.0,2025-12-17T15:05:15Z
112,1034,burst buffer resource,resource,830,resource,head_parent_candidates,1.0,2025-12-17T15:05:15Z
113,1060,reset format,format,464,format,head_parent_candidates,1.0,2025-12-17T15:05:15Z
114,1078,backfill scheduler,scheduler,335,scheduler,head_parent_candidates,1.0,2025-12-17T15:05:15Z
115,1095,long total time,time,42,time,head_parent_candidates,1.0,2025-12-17T15:05:15Z
116,1111,current state,state,395,state,head_parent_candidates,1.0,2025-12-17T15:05:15Z
117,1161,job resource,resource,830,resource,head_parent_candidates,1.0,2025-12-17T15:05:15Z
118,1183,tre type,type,363,type,head_parent_candidates,1.0,2025-12-17T15:05:15Z
119,1190,last_run format,format,464,format,head_parent_candidates,1.0,2025-12-17T15:05:15Z
120,1207,slurm cli_filter plugin,plugin,179,plugin,head_parent_candidates,1.0,2025-12-17T15:05:15Z
121,1220,job component,component,550,component,head_parent_candidates,1.0,2025-12-17T15:05:15Z
122,1223,slurm controller,controller,709,controller,head_parent_candidates,1.0,2025-12-17T15:05:15Z
123,1234,job_submit plugin,plugin,179,plugin,head_parent_candidates,1.0,2025-12-17T15:05:15Z
124,1242,command line option,option,215,option,head_parent_candidates,1.0,2025-12-17T15:05:15Z
125,1251,alternate slurm.conf,slurm.conf,1593,slurm.conf,head_parent_candidates,1.0,2025-12-17T15:05:15Z
126,1254,slurm plugin api,api,1208,api,head_parent_candidates,1.0,2025-12-17T15:05:15Z
127,1255,ascii text string,string,681,string,head_parent_candidates,1.0,2025-12-17T15:05:15Z
128,1256,major type,type,363,type,head_parent_candidates,1.0,2025-12-17T15:05:15Z
129,1257,minor type,type,363,type,head_parent_candidates,1.0,2025-12-17T15:05:15Z
130,1261,slurm distribution,distribution,1976,distribution,head_parent_candidates,1.0,2025-12-17T15:05:15Z
131,1267,slurm command,command,1336,command,head_parent_candidates,1.0,2025-12-17T15:05:15Z
132,1271,slurm function,function,64,function,head_parent_candidates,1.0,2025-12-17T15:05:15Z
133,1273,lua plugin,plugin,179,plugin,head_parent_candidates,1.0,2025-12-17T15:05:15Z
134,1274,lua script,script,197,script,head_parent_candidates,1.0,2025-12-17T15:05:15Z
135,1278,installation directory,directory,1496,directory,head_parent_candidates,1.0,2025-12-17T15:05:15Z
136,1279,api function,function,64,function,head_parent_candidates,1.0,2025-12-17T15:05:15Z
137,1285,fini function,function,64,function,head_parent_candidates,1.0,2025-12-17T15:05:15Z
138,1287,system library,library,2537,library,head_parent_candidates,1.0,2025-12-17T15:05:15Z
139,1288,time system,system,119,system,head_parent_candidates,1.0,2025-12-17T15:05:15Z
140,1296,command line,line,1875,line,head_parent_candidates,1.0,2025-12-17T15:05:15Z
141,1300,srun command,command,1336,command,head_parent_candidates,1.0,2025-12-17T15:05:15Z
142,1302,job environment,environment,175,environment,head_parent_candidates,1.0,2025-12-17T15:05:15Z
143,1309,slurm option datum structure,structure,2190,structure,head_parent_candidates,1.0,2025-12-17T15:05:15Z
144,1315,environment variable,variable,135,variable,head_parent_candidates,1.0,2025-12-17T15:05:15Z
145,1318,datum structure,structure,2190,structure,head_parent_candidates,1.0,2025-12-17T15:05:15Z
146,1333,source code,code,1788,code,head_parent_candidates,1.0,2025-12-17T15:05:15Z
147,1337,salloc command,command,1336,command,head_parent_candidates,1.0,2025-12-17T15:05:15Z
148,1338,sbatch command,command,1336,command,head_parent_candidates,1.0,2025-12-17T15:05:15Z
149,1340,default partition,partition,416,partition,head_parent_candidates,1.0,2025-12-17T15:05:15Z
150,1345,finished job,job,50,job,head_parent_candidates,1.0,2025-12-17T15:05:15Z
151,1349,elasticsearch plugin,plugin,179,plugin,head_parent_candidates,1.0,2025-12-17T15:05:15Z
152,1366,slurm.conf option,option,215,option,head_parent_candidates,1.0,2025-12-17T15:05:15Z
153,1372,port number,number,123,number,head_parent_candidates,1.0,2025-12-17T15:05:15Z
154,1375,slurm elasticsearch plugin,plugin,179,plugin,head_parent_candidates,1.0,2025-12-17T15:05:15Z
155,1383,detailed information,information,348,information,head_parent_candidates,1.0,2025-12-17T15:05:15Z
156,1418,official documentation,documentation,3650,documentation,head_parent_candidates,1.0,2025-12-17T15:05:15Z
157,1420,primary slurmctld,slurmctld,201,slurmctld,head_parent_candidates,1.0,2025-12-17T15:05:15Z
158,1428,container job,job,50,job,head_parent_candidates,1.0,2025-12-17T15:05:15Z
159,1448,compute node,node,409,node,head_parent_candidates,1.0,2025-12-17T15:05:15Z
160,1452,slurm oci container implementation,implementation,2178,implementation,head_parent_candidates,1.0,2025-12-17T15:05:15Z
161,1456,execution node,node,409,node,head_parent_candidates,1.0,2025-12-17T15:05:15Z
162,1486,cpu time,time,42,time,head_parent_candidates,1.0,2025-12-17T15:05:15Z
163,1517,oci support,support,2440,support,head_parent_candidates,1.0,2025-12-17T15:05:15Z
164,1554,wrapper script,script,197,script,head_parent_candidates,1.0,2025-12-17T15:05:15Z
165,1576,interactive step,step,432,step,head_parent_candidates,1.0,2025-12-17T15:05:15Z
166,1577,batch step,step,432,step,head_parent_candidates,1.0,2025-12-17T15:05:15Z
167,1594,munge authentication,authentication,1807,authentication,head_parent_candidates,1.0,2025-12-17T15:05:15Z
168,1603,installation location,location,1224,location,head_parent_candidates,1.0,2025-12-17T15:05:15Z
169,1604,jwt authentication,authentication,1807,authentication,head_parent_candidates,1.0,2025-12-17T15:05:15Z
170,1650,correct path,path,1458,path,head_parent_candidates,1.0,2025-12-17T15:05:15Z
171,1694,slurm support,support,2440,support,head_parent_candidates,1.0,2025-12-17T15:05:15Z
172,1774,spank plugin,plugin,179,plugin,head_parent_candidates,1.0,2025-12-17T15:05:15Z
173,1775,configuration file,file,105,file,head_parent_candidates,1.0,2025-12-17T15:05:15Z
174,1804,rest api,api,1208,api,head_parent_candidates,1.0,2025-12-17T15:05:15Z
175,1805,slurmrestd daemon,daemon,1268,daemon,head_parent_candidates,1.0,2025-12-17T15:05:15Z
176,1813,slurmrestd man page,page,1808,page,head_parent_candidates,1.0,2025-12-17T15:05:15Z
177,1837,smd slurm,slurm,82,slurm,head_parent_candidates,1.0,2025-12-17T15:05:15Z
178,1840,slurm slurm,slurm,82,slurm,head_parent_candidates,1.0,2025-12-17T15:05:15Z
179,1841,build time,time,42,time,head_parent_candidates,1.0,2025-12-17T15:05:15Z
180,1844,slurm.conf man page,page,1808,page,head_parent_candidates,1.0,2025-12-17T15:05:15Z
181,1845,run slurmrestd,slurmrestd,1825,slurmrestd,head_parent_candidates,1.0,2025-12-17T15:05:15Z
182,1858,user account,account,10,account,head_parent_candidates,1.0,2025-12-17T15:05:15Z
183,1864,systemctl edit slurmrestd,slurmrestd,1825,slurmrestd,head_parent_candidates,1.0,2025-12-17T15:05:15Z
184,1870,parent directory,directory,1496,directory,head_parent_candidates,1.0,2025-12-17T15:05:15Z
185,1871,service file,file,105,file,head_parent_candidates,1.0,2025-12-17T15:05:15Z
186,1873,unix socket,socket,142,socket,head_parent_candidates,1.0,2025-12-17T15:05:15Z
187,1876,run systemctl edit slurmrestd,slurmrestd,1825,slurmrestd,head_parent_candidates,1.0,2025-12-17T15:05:15Z
188,1884,default slurmrestd.service file,file,105,file,head_parent_candidates,1.0,2025-12-17T15:05:15Z
189,1888,slurmrestd command,command,1336,command,head_parent_candidates,1.0,2025-12-17T15:05:15Z
190,1897,systemctl revert slurmrestd,slurmrestd,1825,slurmrestd,head_parent_candidates,1.0,2025-12-17T15:05:15Z
191,1922,configure slurmrestd,slurmrestd,1825,slurmrestd,head_parent_candidates,1.0,2025-12-17T15:05:15Z
192,1923,authentication method,method,843,method,head_parent_candidates,1.0,2025-12-17T15:05:15Z
193,1924,run mode,mode,724,mode,head_parent_candidates,1.0,2025-12-17T15:05:15Z
194,1935,slurmrestd log,log,213,log,head_parent_candidates,1.0,2025-12-17T15:05:15Z
195,1958,logical processor,processor,2047,processor,head_parent_candidates,1.0,2025-12-17T15:05:15Z
196,1975,task distribution option,option,215,option,head_parent_candidates,1.0,2025-12-17T15:05:15Z
197,1980,consumable resource,resource,830,resource,head_parent_candidates,1.0,2025-12-17T15:05:15Z
198,1982,real memory,memory,116,memory,head_parent_candidates,1.0,2025-12-17T15:05:15Z
199,1986,slurm.conf file,file,105,file,head_parent_candidates,1.0,2025-12-17T15:05:15Z
200,1989,task launch,launch,,launch,head_parent_candidates,1.0,2025-12-17T15:05:15Z
201,1994,srun cpu,cpu,805,cpu,head_parent_candidates,1.0,2025-12-17T15:05:15Z
202,1995,man srun,srun,1227,srun,head_parent_candidates,1.0,2025-12-17T15:05:15Z
203,2007,cyclic distribution,distribution,1976,distribution,head_parent_candidates,1.0,2025-12-17T15:05:15Z
204,2010,distribution method,method,843,method,head_parent_candidates,1.0,2025-12-17T15:05:15Z
205,2023,memory requirement,requirement,1469,requirement,head_parent_candidates,1.0,2025-12-17T15:05:15Z
206,2032,resource selection,selection,1998,selection,head_parent_candidates,1.0,2025-12-17T15:05:15Z
207,2045,resource requirement,requirement,1469,requirement,head_parent_candidates,1.0,2025-12-17T15:05:15Z
208,2061,slurm multi core support,support,2440,support,head_parent_candidates,1.0,2025-12-17T15:05:15Z
209,2074,level flag,flag,357,flag,head_parent_candidates,1.0,2025-12-17T15:05:15Z
210,2078,bind flag,flag,357,flag,head_parent_candidates,1.0,2025-12-17T15:05:15Z
211,2085,default distribution method,method,843,method,head_parent_candidates,1.0,2025-12-17T15:05:15Z
212,2093,bind option,option,215,option,head_parent_candidates,1.0,2025-12-17T15:05:15Z
213,2099,task ids,ids,,ids,head_parent_candidates,1.0,2025-12-17T15:05:15Z
214,2118,nodelist node partition,partition,416,partition,head_parent_candidates,1.0,2025-12-17T15:05:15Z
215,2121,output format,format,464,format,head_parent_candidates,1.0,2025-12-17T15:05:15Z
216,2142,scontrol show job,job,50,job,head_parent_candidates,1.0,2025-12-17T15:05:15Z
217,2150,configuration setting,setting,1301,setting,head_parent_candidates,1.0,2025-12-17T15:05:15Z
218,2151,slurm.conf setting,setting,1301,setting,head_parent_candidates,1.0,2025-12-17T15:05:15Z
219,2153,affinity plugin,plugin,179,plugin,head_parent_candidates,1.0,2025-12-17T15:05:15Z
220,2158,task launch plugin,plugin,179,plugin,head_parent_candidates,1.0,2025-12-17T15:05:15Z
221,2159,resource management,management,4468,management,head_parent_candidates,1.0,2025-12-17T15:05:15Z
222,2162,cpu affinity support,support,2440,support,head_parent_candidates,1.0,2025-12-17T15:05:15Z
223,2164,linux cgroup,cgroup,2163,cgroup,head_parent_candidates,1.0,2025-12-17T15:05:15Z
224,2171,complete description,description,380,description,head_parent_candidates,1.0,2025-12-17T15:05:15Z
225,2173,generic resource,resource,830,resource,head_parent_candidates,1.0,2025-12-17T15:05:15Z
226,2175,optional plugin,plugin,179,plugin,head_parent_candidates,1.0,2025-12-17T15:05:15Z
227,2182,data structure,structure,2190,structure,head_parent_candidates,1.0,2025-12-17T15:05:15Z
228,2183,slurm node,node,409,node,head_parent_candidates,1.0,2025-12-17T15:05:15Z
229,2189,gre type,type,363,type,head_parent_candidates,1.0,2025-12-17T15:05:15Z
230,2199,job information,information,348,information,head_parent_candidates,1.0,2025-12-17T15:05:15Z
231,2207,gre information,information,348,information,head_parent_candidates,1.0,2025-12-17T15:05:15Z
232,2209,slurmctld daemon maintain gre information,information,348,information,head_parent_candidates,1.0,2025-12-17T15:05:15Z
233,2238,slurmd process,process,465,process,head_parent_candidates,1.0,2025-12-17T15:05:15Z
234,2239,user command,command,1336,command,head_parent_candidates,1.0,2025-12-17T15:05:15Z
235,2240,login node,node,409,node,head_parent_candidates,1.0,2025-12-17T15:05:15Z
236,2248,config file,file,105,file,head_parent_candidates,1.0,2025-12-17T15:05:15Z
237,2250,dns srv record,record,210,record,head_parent_candidates,1.0,2025-12-17T15:05:15Z
238,2251,client command,command,1336,command,head_parent_candidates,1.0,2025-12-17T15:05:15Z
239,2275,high priority,priority,13,priority,head_parent_candidates,1.0,2025-12-17T15:05:15Z
240,2276,backup slurmctld,slurmctld,201,slurmctld,head_parent_candidates,1.0,2025-12-17T15:05:15Z
241,2283,slurmctld node,node,409,node,head_parent_candidates,1.0,2025-12-17T15:05:15Z
242,2287,slurmd.service file,file,105,file,head_parent_candidates,1.0,2025-12-17T15:05:15Z
243,2293,epilog script,script,197,script,head_parent_candidates,1.0,2025-12-17T15:05:15Z
244,2297,local slurm config file,file,105,file,head_parent_candidates,1.0,2025-12-17T15:05:15Z
245,2298,default slurm config file,file,105,file,head_parent_candidates,1.0,2025-12-17T15:05:15Z
246,2299,slurm config file,file,105,file,head_parent_candidates,1.0,2025-12-17T15:05:15Z
247,2300,slurm_conf_server environment variable,variable,135,variable,head_parent_candidates,1.0,2025-12-17T15:05:15Z
248,2313,high prioritytier partition,partition,416,partition,head_parent_candidates,1.0,2025-12-17T15:05:15Z
249,2316,gang scheduler,scheduler,335,scheduler,head_parent_candidates,1.0,2025-12-17T15:05:15Z
250,2323,gang scheduling logic,logic,309,logic,head_parent_candidates,1.0,2025-12-17T15:05:15Z
251,2324,schedulertimeslice interval,interval,776,interval,head_parent_candidates,1.0,2025-12-17T15:05:15Z
252,2325,running job,job,50,job,head_parent_candidates,1.0,2025-12-17T15:05:15Z
253,2327,important configuration parameter,parameter,268,parameter,head_parent_candidates,1.0,2025-12-17T15:05:15Z
254,2328,slurm gang scheduler,scheduler,335,scheduler,head_parent_candidates,1.0,2025-12-17T15:05:15Z
255,2329,linear plugin,plugin,179,plugin,head_parent_candidates,1.0,2025-12-17T15:05:15Z
256,2330,cpu resource,resource,830,resource,head_parent_candidates,1.0,2025-12-17T15:05:15Z
257,2331,cons_tre plugin,plugin,179,plugin,head_parent_candidates,1.0,2025-12-17T15:05:15Z
258,2334,memory page,page,1808,page,head_parent_candidates,1.0,2025-12-17T15:05:15Z
259,2336,job request,request,146,request,head_parent_candidates,1.0,2025-12-17T15:05:15Z
260,2338,default memory,memory,116,memory,head_parent_candidates,1.0,2025-12-17T15:05:15Z
261,2340,maximum memory,memory,116,memory,head_parent_candidates,1.0,2025-12-17T15:05:15Z
262,2341,cpu option,option,215,option,head_parent_candidates,1.0,2025-12-17T15:05:15Z
263,2342,job submission time,time,42,time,head_parent_candidates,1.0,2025-12-17T15:05:15Z
264,2345,memory limit,limit,111,limit,head_parent_candidates,1.0,2025-12-17T15:05:15Z
265,2346,jobacctgatherfrequency parameter,parameter,268,parameter,head_parent_candidates,1.0,2025-12-17T15:05:15Z
266,2347,gang option,option,215,option,head_parent_candidates,1.0,2025-12-17T15:05:15Z
267,2351,cluster level,level,22,level,head_parent_candidates,1.0,2025-12-17T15:05:15Z
268,2355,prioritytier partition,partition,416,partition,head_parent_candidates,1.0,2025-12-17T15:05:15Z
269,2362,additional parameter,parameter,268,parameter,head_parent_candidates,1.0,2025-12-17T15:05:15Z
270,2363,compute resource,resource,830,resource,head_parent_candidates,1.0,2025-12-17T15:05:15Z
271,2375,slurm cluster,cluster,272,cluster,head_parent_candidates,1.0,2025-12-17T15:05:15Z
272,2380,job queue,queue,308,queue,head_parent_candidates,1.0,2025-12-17T15:05:15Z
273,2384,scontrol suspend,suspend,1178,suspend,head_parent_candidates,1.0,2025-12-17T15:05:15Z
274,2391,small cluster,cluster,272,cluster,head_parent_candidates,1.0,2025-12-17T15:05:15Z
275,2403,user job,job,50,job,head_parent_candidates,1.0,2025-12-17T15:05:15Z
276,2428,scancel command,command,1336,command,head_parent_candidates,1.0,2025-12-17T15:05:15Z
277,2432,slurm mailing list,list,373,list,head_parent_candidates,1.0,2025-12-17T15:05:15Z
278,2434,slurm release,release,1754,release,head_parent_candidates,1.0,2025-12-17T15:05:15Z
279,2447,http: groups.google.com group slurm user,user,166,user,head_parent_candidates,1.0,2025-12-17T15:05:15Z
280,2449,mpi implementation,implementation,2178,implementation,head_parent_candidates,1.0,2025-12-17T15:05:15Z
281,2452,launch task,task,222,task,head_parent_candidates,1.0,2025-12-17T15:05:15Z
282,2462,slurm parameter control,control,2457,control,head_parent_candidates,1.0,2025-12-17T15:05:15Z
283,2467,mpi job,job,50,job,head_parent_candidates,1.0,2025-12-17T15:05:15Z
284,2475,slurm plugin,plugin,179,plugin,head_parent_candidates,1.0,2025-12-17T15:05:15Z
285,2478,suitable slurm mpi plugin,plugin,179,plugin,head_parent_candidates,1.0,2025-12-17T15:05:15Z
286,2515,building slurm,slurm,82,slurm,head_parent_candidates,1.0,2025-12-17T15:05:15Z
287,2517,configure time,time,42,time,head_parent_candidates,1.0,2025-12-17T15:05:15Z
288,2520,slurm configure script,script,197,script,head_parent_candidates,1.0,2025-12-17T15:05:15Z
289,2548,test environment,environment,175,environment,head_parent_candidates,1.0,2025-12-17T15:05:15Z
290,2551,slurm pmix plugin,plugin,179,plugin,head_parent_candidates,1.0,2025-12-17T15:05:15Z
291,2556,testing slurm,slurm,82,slurm,head_parent_candidates,1.0,2025-12-17T15:05:15Z
292,2583,slurm allocation,allocation,1160,allocation,head_parent_candidates,1.0,2025-12-17T15:05:15Z
293,2585,locked memory,memory,116,memory,head_parent_candidates,1.0,2025-12-17T15:05:15Z
294,2593,slurm job manager,manager,,manager,head_parent_candidates,1.0,2025-12-17T15:05:15Z
295,2594,mpirun command,command,1336,command,head_parent_candidates,1.0,2025-12-17T15:05:15Z
296,2596,hydra process manager,manager,,manager,head_parent_candidates,1.0,2025-12-17T15:05:15Z
297,2601,exclusive allocation,allocation,1160,allocation,head_parent_candidates,1.0,2025-12-17T15:05:15Z
298,2602,pmi 2 library,library,2537,library,head_parent_candidates,1.0,2025-12-17T15:05:15Z
299,2605,default slurm,slurm,82,slurm,head_parent_candidates,1.0,2025-12-17T15:05:15Z
300,2608,slurm bootstrap mechanism,mechanism,1185,mechanism,head_parent_candidates,1.0,2025-12-17T15:05:15Z
301,2610,regular step,step,432,step,head_parent_candidates,1.0,2025-12-17T15:05:15Z
302,2614,bootstrap mechanism,mechanism,1185,mechanism,head_parent_candidates,1.0,2025-12-17T15:05:15Z
303,2617,slurm feature,feature,328,feature,head_parent_candidates,1.0,2025-12-17T15:05:15Z
304,2624,pmi library,library,2537,library,head_parent_candidates,1.0,2025-12-17T15:05:15Z
305,2633,slurm installation path,path,1458,path,head_parent_candidates,1.0,2025-12-17T15:05:15Z
306,2639,slurm upgrade,upgrade,1751,upgrade,head_parent_candidates,1.0,2025-12-17T15:05:15Z
307,2644,internal pmi implementation,implementation,2178,implementation,head_parent_candidates,1.0,2025-12-17T15:05:15Z
308,2645,slurm api function,function,64,function,head_parent_candidates,1.0,2025-12-17T15:05:15Z
309,2649,slurm step,step,432,step,head_parent_candidates,1.0,2025-12-17T15:05:15Z
310,2650,slurm option,option,215,option,head_parent_candidates,1.0,2025-12-17T15:05:15Z
311,2657,configure script,script,197,script,head_parent_candidates,1.0,2025-12-17T15:05:15Z
312,2661,slurm api,api,1208,api,head_parent_candidates,1.0,2025-12-17T15:05:15Z
313,2696,resource limit,limit,111,limit,head_parent_candidates,1.0,2025-12-17T15:05:15Z
314,2698,served slurmctld,slurmctld,201,slurmctld,head_parent_candidates,1.0,2025-12-17T15:05:15Z
315,2701,sub account,account,10,account,head_parent_candidates,1.0,2025-12-17T15:05:15Z
316,2702,user association,association,451,association,head_parent_candidates,1.0,2025-12-17T15:05:15Z
317,2706,sacctmgr man page,page,1808,page,head_parent_candidates,1.0,2025-12-17T15:05:15Z
318,2710,slurm job submission command,command,1336,command,head_parent_candidates,1.0,2025-12-17T15:05:15Z
319,2715,slurm user,user,166,user,head_parent_candidates,1.0,2025-12-17T15:05:15Z
320,2733,return slurm,slurm,82,slurm,head_parent_candidates,1.0,2025-12-17T15:05:15Z
321,2747,pam_slurm_adopt documentation,documentation,3650,documentation,head_parent_candidates,1.0,2025-12-17T15:05:15Z
322,2763,priority job,job,50,job,head_parent_candidates,1.0,2025-12-17T15:05:15Z
323,2770,schedulerparameter configuration parameter,parameter,268,parameter,head_parent_candidates,1.0,2025-12-17T15:05:15Z
324,2772,small number,number,123,number,head_parent_candidates,1.0,2025-12-17T15:05:15Z
325,2773,submit time,time,42,time,head_parent_candidates,1.0,2025-12-17T15:05:15Z
326,2776,maximum time,time,42,time,head_parent_candidates,1.0,2025-12-17T15:05:15Z
327,2780,single partition,partition,416,partition,head_parent_candidates,1.0,2025-12-17T15:05:15Z
328,2782,start time,time,42,time,head_parent_candidates,1.0,2025-12-17T15:05:15Z
329,2783,high priority job,job,50,job,head_parent_candidates,1.0,2025-12-17T15:05:15Z
330,2784,completion time,time,42,time,head_parent_candidates,1.0,2025-12-17T15:05:15Z
331,2787,execution time,time,42,time,head_parent_candidates,1.0,2025-12-17T15:05:15Z
332,2793,single job,job,50,job,head_parent_candidates,1.0,2025-12-17T15:05:15Z
333,2794,early start time,time,42,time,head_parent_candidates,1.0,2025-12-17T15:05:15Z
334,2796,hetjob component,component,550,component,head_parent_candidates,1.0,2025-12-17T15:05:15Z
335,2797,priority partition,partition,416,partition,head_parent_candidates,1.0,2025-12-17T15:05:15Z
336,2798,backfill reservation,reservation,386,reservation,head_parent_candidates,1.0,2025-12-17T15:05:15Z
337,2806,time limit,limit,111,limit,head_parent_candidates,1.0,2025-12-17T15:05:15Z
338,2815,backfill cycle,cycle,,cycle,head_parent_candidates,1.0,2025-12-17T15:05:15Z
339,2823,job time limit,limit,111,limit,head_parent_candidates,1.0,2025-12-17T15:05:15Z
340,2835,slurm database,database,349,database,head_parent_candidates,1.0,2025-12-17T15:05:15Z
341,2836,sacctmgr command,command,1336,command,head_parent_candidates,1.0,2025-12-17T15:05:15Z
342,2837,scheduling priority,priority,13,priority,head_parent_candidates,1.0,2025-12-17T15:05:15Z
343,2838,partition qos,qos,472,qos,head_parent_candidates,1.0,2025-12-17T15:05:15Z
344,2839,relative qos,qos,472,qos,head_parent_candidates,1.0,2025-12-17T15:05:15Z
345,2840,qos option,option,215,option,head_parent_candidates,1.0,2025-12-17T15:05:15Z
346,2852,slurm scheduler,scheduler,335,scheduler,head_parent_candidates,1.0,2025-12-17T15:05:15Z
347,2857,job qos,qos,472,qos,head_parent_candidates,1.0,2025-12-17T15:05:15Z
348,2879,valid option,option,215,option,head_parent_candidates,1.0,2025-12-17T15:05:15Z
349,2893,aggregate limit,limit,111,limit,head_parent_candidates,1.0,2025-12-17T15:05:15Z
350,2902,large job,job,50,job,head_parent_candidates,1.0,2025-12-17T15:05:15Z
351,2903,qos limit,limit,111,limit,head_parent_candidates,1.0,2025-12-17T15:05:15Z
352,2922,usagefactorsafe flag,flag,357,flag,head_parent_candidates,1.0,2025-12-17T15:05:15Z
353,2932,format option,option,215,option,head_parent_candidates,1.0,2025-12-17T15:05:15Z
354,2948,slurm configuration file,file,105,file,head_parent_candidates,1.0,2025-12-17T15:05:15Z
355,2950,slurm configuration tool,tool,1466,tool,head_parent_candidates,1.0,2025-12-17T15:05:15Z
356,2953,slurm version,version,985,version,head_parent_candidates,1.0,2025-12-17T15:05:15Z
357,2957,man slurm.conf,slurm.conf,1593,slurm.conf,head_parent_candidates,1.0,2025-12-17T15:05:15Z
358,2958,slurm daemon,daemon,1268,daemon,head_parent_candidates,1.0,2025-12-17T15:05:15Z
359,2959,log file,file,105,file,head_parent_candidates,1.0,2025-12-17T15:05:15Z
360,2972,single database,database,349,database,head_parent_candidates,1.0,2025-12-17T15:05:15Z
361,2974,control machine,machine,1832,machine,head_parent_candidates,1.0,2025-12-17T15:05:15Z
362,2976,optional backup controller,controller,709,controller,head_parent_candidates,1.0,2025-12-17T15:05:15Z
363,2990,maximum time limit,limit,111,limit,head_parent_candidates,1.0,2025-12-17T15:05:15Z
364,2998,cons_tre plug,plug,,plug,head_parent_candidates,1.0,2025-12-17T15:05:15Z
365,3000,slurm port number,number,123,number,head_parent_candidates,1.0,2025-12-17T15:05:15Z
366,3002,slurm compute node daemon,daemon,1268,daemon,head_parent_candidates,1.0,2025-12-17T15:05:15Z
367,3003,slurm port,port,319,port,head_parent_candidates,1.0,2025-12-17T15:05:15Z
368,3005,slurm build time,time,42,time,head_parent_candidates,1.0,2025-12-17T15:05:15Z
369,3009,backup controller,controller,709,controller,head_parent_candidates,1.0,2025-12-17T15:05:15Z
370,3010,unique directory,directory,1496,directory,head_parent_candidates,1.0,2025-12-17T15:05:15Z
371,3011,compute server,server,1238,server,head_parent_candidates,1.0,2025-12-17T15:05:15Z
372,3015,slurmctld state,state,395,state,head_parent_candidates,1.0,2025-12-17T15:05:15Z
373,3016,slurmctldhost node,node,409,node,head_parent_candidates,1.0,2025-12-17T15:05:15Z
374,3017,slurmd state,state,395,state,head_parent_candidates,1.0,2025-12-17T15:05:15Z
375,3021,valid configuration,configuration,3,configuration,head_parent_candidates,1.0,2025-12-17T15:05:15Z
376,3028,srun option,option,215,option,head_parent_candidates,1.0,2025-12-17T15:05:15Z
377,3036,slurm control,control,2457,control,head_parent_candidates,1.0,2025-12-17T15:05:15Z
378,3044,srun man page,page,1808,page,head_parent_candidates,1.0,2025-12-17T15:05:15Z
379,3047,cgroup.conf man page,page,1808,page,head_parent_candidates,1.0,2025-12-17T15:05:15Z
380,3049,qualified path,path,1458,path,head_parent_candidates,1.0,2025-12-17T15:05:15Z
381,3062,text file,file,105,file,head_parent_candidates,1.0,2025-12-17T15:05:15Z
382,3064,kafka server,server,1238,server,head_parent_candidates,1.0,2025-12-17T15:05:15Z
383,3068,mariadb database,database,349,database,head_parent_candidates,1.0,2025-12-17T15:05:15Z
384,3072,database server,server,1238,server,head_parent_candidates,1.0,2025-12-17T15:05:15Z
385,3076,job accounting gather,gather,,gather,head_parent_candidates,1.0,2025-12-17T15:05:15Z
386,3078,system type,type,363,type,head_parent_candidates,1.0,2025-12-17T15:05:15Z
387,3085,job accounting storage,storage,1284,storage,head_parent_candidates,1.0,2025-12-17T15:05:15Z
388,3086,job accounting gather slurm,slurm,82,slurm,head_parent_candidates,1.0,2025-12-17T15:05:15Z
389,3087,accounting information,information,348,information,head_parent_candidates,1.0,2025-12-17T15:05:15Z
390,3090,job accounting,accounting,305,accounting,head_parent_candidates,1.0,2025-12-17T15:05:15Z
391,3091,database daemon,daemon,1268,daemon,head_parent_candidates,1.0,2025-12-17T15:05:15Z
392,3115,job record,record,210,record,head_parent_candidates,1.0,2025-12-17T15:05:15Z
393,3144,stable slurm release,release,1754,release,head_parent_candidates,1.0,2025-12-17T15:05:15Z
394,3147,major release,release,1754,release,head_parent_candidates,1.0,2025-12-17T15:05:15Z
395,3199,slurm serialization plugin,plugin,179,plugin,head_parent_candidates,1.0,2025-12-17T15:05:15Z
396,3206,absolute path,path,1458,path,head_parent_candidates,1.0,2025-12-17T15:05:15Z
397,3259,previous version,version,985,version,head_parent_candidates,1.0,2025-12-17T15:05:15Z
398,3261,state file,file,105,file,head_parent_candidates,1.0,2025-12-17T15:05:15Z
399,3276,step allocation,allocation,1160,allocation,head_parent_candidates,1.0,2025-12-17T15:05:15Z
400,3283,node count,count,1026,count,head_parent_candidates,1.0,2025-12-17T15:05:15Z
401,3284,task count,count,1026,count,head_parent_candidates,1.0,2025-12-17T15:05:15Z
402,3290,error code,code,1788,code,head_parent_candidates,1.0,2025-12-17T15:05:15Z
403,3301,select plugin,plugin,179,plugin,head_parent_candidates,1.0,2025-12-17T15:05:15Z
404,3305,slurmctld daemon code,code,1788,code,head_parent_candidates,1.0,2025-12-17T15:05:15Z
405,3313,job step allocation,allocation,1160,allocation,head_parent_candidates,1.0,2025-12-17T15:05:15Z
406,3321,slurmstepd program,program,1216,program,head_parent_candidates,1.0,2025-12-17T15:05:15Z
407,3323,single job step,step,432,step,head_parent_candidates,1.0,2025-12-17T15:05:15Z
408,3339,user task,task,222,task,head_parent_candidates,1.0,2025-12-17T15:05:15Z
409,3341,epilog program,program,1216,program,head_parent_candidates,1.0,2025-12-17T15:05:15Z
410,3346,extern step,step,432,step,head_parent_candidates,1.0,2025-12-17T15:05:15Z
411,3348,slurmstepd process,process,465,process,head_parent_candidates,1.0,2025-12-17T15:05:15Z
412,3367,core specialization,specialization,,specialization,head_parent_candidates,1.0,2025-12-17T15:05:15Z
413,3370,job process,process,465,process,head_parent_candidates,1.0,2025-12-17T15:05:15Z
414,3371,specialized core,core,140,core,head_parent_candidates,1.0,2025-12-17T15:05:15Z
415,3372,command option,option,215,option,head_parent_candidates,1.0,2025-12-17T15:05:15Z
416,3374,spec option,option,215,option,head_parent_candidates,1.0,2025-12-17T15:05:15Z
417,3387,cpu count,count,1026,count,head_parent_candidates,1.0,2025-12-17T15:05:15Z
418,3418,core count,count,1026,count,head_parent_candidates,1.0,2025-12-17T15:05:15Z
419,3421,slurm priority site factor plugin api,api,1208,api,head_parent_candidates,1.0,2025-12-17T15:05:15Z
420,3422,slurm site_factor plugin,plugin,179,plugin,head_parent_candidates,1.0,2025-12-17T15:05:15Z
421,3423,slurm site_factor api,api,1208,api,head_parent_candidates,1.0,2025-12-17T15:05:15Z
422,3430,proper operation,operation,1023,operation,head_parent_candidates,1.0,2025-12-17T15:05:15Z
423,3431,job priority,priority,13,priority,head_parent_candidates,1.0,2025-12-17T15:05:15Z
424,3443,site_factor plugin,plugin,179,plugin,head_parent_candidates,1.0,2025-12-17T15:05:15Z
425,3447,fair tree,tree,23,tree,head_parent_candidates,1.0,2025-12-17T15:05:15Z
426,3464,association tree,tree,23,tree,head_parent_candidates,1.0,2025-12-17T15:05:15Z
427,3465,fair tree algorithm,algorithm,1081,algorithm,head_parent_candidates,1.0,2025-12-17T15:05:15Z
428,3466,total number,number,123,number,head_parent_candidates,1.0,2025-12-17T15:05:15Z
429,3476,level fairshare,fairshare,683,fairshare,head_parent_candidates,1.0,2025-12-17T15:05:15Z
430,3495,effective usage,usage,53,usage,head_parent_candidates,1.0,2025-12-17T15:05:15Z
431,3504,slurm accounting database,database,349,database,head_parent_candidates,1.0,2025-12-17T15:05:15Z
432,3509,exclusive mode,mode,724,mode,head_parent_candidates,1.0,2025-12-17T15:05:15Z
433,3530,job submission command,command,1336,command,head_parent_candidates,1.0,2025-12-17T15:05:15Z
434,3535,sample slurm.conf file,file,105,file,head_parent_candidates,1.0,2025-12-17T15:05:15Z
435,3538,consecutive node,node,409,node,head_parent_candidates,1.0,2025-12-17T15:05:15Z
436,3540,normal slurm behavior,behavior,1868,behavior,head_parent_candidates,1.0,2025-12-17T15:05:15Z
437,3558,node allocation,allocation,1160,allocation,head_parent_candidates,1.0,2025-12-17T15:05:15Z
438,3559,consumable resource plugin,plugin,179,plugin,head_parent_candidates,1.0,2025-12-17T15:05:15Z
439,3560,default allocation method,method,843,method,head_parent_candidates,1.0,2025-12-17T15:05:15Z
440,3563,processor count,count,1026,count,head_parent_candidates,1.0,2025-12-17T15:05:15Z
441,3566,parallel job,job,50,job,head_parent_candidates,1.0,2025-12-17T15:05:15Z
442,3574,idle cpu,cpu,805,cpu,head_parent_candidates,1.0,2025-12-17T15:05:15Z
443,3577,idle node,node,409,node,head_parent_candidates,1.0,2025-12-17T15:05:15Z
444,3603,open source,source,1001,source,head_parent_candidates,1.0,2025-12-17T15:05:15Z
445,3605,scalable cluster management,management,4468,management,head_parent_candidates,1.0,2025-12-17T15:05:15Z
446,3606,job scheduling system,system,119,system,head_parent_candidates,1.0,2025-12-17T15:05:15Z
447,3607,small linux cluster,cluster,272,cluster,head_parent_candidates,1.0,2025-12-17T15:05:15Z
448,3620,run time,time,42,time,head_parent_candidates,1.0,2025-12-17T15:05:15Z
449,3621,slurm library,library,2537,library,head_parent_candidates,1.0,2025-12-17T15:05:15Z
450,3627,slurm directory structure,structure,2190,structure,head_parent_candidates,1.0,2025-12-17T15:05:15Z
451,3628,top level directory,directory,1496,directory,head_parent_candidates,1.0,2025-12-17T15:05:15Z
452,3629,entire slurm system,system,119,system,head_parent_candidates,1.0,2025-12-17T15:05:15Z
453,3641,version number,number,123,number,head_parent_candidates,1.0,2025-12-17T15:05:15Z
454,3652,header file,file,105,file,head_parent_candidates,1.0,2025-12-17T15:05:15Z
455,3660,slurm code,code,1788,code,head_parent_candidates,1.0,2025-12-17T15:05:15Z
456,3661,slurm information,information,348,information,head_parent_candidates,1.0,2025-12-17T15:05:15Z
457,3667,accounting storage plugin,plugin,179,plugin,head_parent_candidates,1.0,2025-12-17T15:05:15Z
458,3668,plugin function,function,64,function,head_parent_candidates,1.0,2025-12-17T15:05:15Z
459,3677,node selection,selection,1998,selection,head_parent_candidates,1.0,2025-12-17T15:05:15Z
460,3682,administrator tool,tool,1466,tool,head_parent_candidates,1.0,2025-12-17T15:05:15Z
461,3685,error file,file,105,file,head_parent_candidates,1.0,2025-12-17T15:05:15Z
462,3686,slurm job,job,50,job,head_parent_candidates,1.0,2025-12-17T15:05:15Z
463,3688,slurm central manager daemon code,code,1788,code,head_parent_candidates,1.0,2025-12-17T15:05:15Z
464,3689,slurm daemon code,code,1788,code,head_parent_candidates,1.0,2025-12-17T15:05:15Z
465,3708,https: github.com schedmd slurm,slurm,82,slurm,head_parent_candidates,1.0,2025-12-17T15:05:15Z
466,3712,makefile.am file,file,105,file,head_parent_candidates,1.0,2025-12-17T15:05:15Z
467,3713,top level,level,22,level,head_parent_candidates,1.0,2025-12-17T15:05:15Z
468,3714,slurm source directory,directory,1496,directory,head_parent_candidates,1.0,2025-12-17T15:05:15Z
469,3717,makefile.in file,file,105,file,head_parent_candidates,1.0,2025-12-17T15:05:15Z
470,3718,slurm.spec file,file,105,file,head_parent_candidates,1.0,2025-12-17T15:05:15Z
471,3723,configuration tool,tool,1466,tool,head_parent_candidates,1.0,2025-12-17T15:05:15Z
472,3739,slurm_dir variable,variable,135,variable,head_parent_candidates,1.0,2025-12-17T15:05:15Z
473,3751,slurmd support,support,2440,support,head_parent_candidates,1.0,2025-12-17T15:05:15Z
474,3753,single node,node,409,node,head_parent_candidates,1.0,2025-12-17T15:05:15Z
475,3761,nodename line,line,1875,line,head_parent_candidates,1.0,2025-12-17T15:05:15Z
476,3773,slurm node daemon,daemon,1268,daemon,head_parent_candidates,1.0,2025-12-17T15:05:15Z
477,3792,requested association,association,451,association,head_parent_candidates,1.0,2025-12-17T15:05:15Z
478,3795,account limit,limit,111,limit,head_parent_candidates,1.0,2025-12-17T15:05:15Z
479,3796,advanced reservation,reservation,386,reservation,head_parent_candidates,1.0,2025-12-17T15:05:15Z
480,3803,burst buffer,buffer,4185,buffer,head_parent_candidates,1.0,2025-12-17T15:05:15Z
481,3804,future job,job,50,job,head_parent_candidates,1.0,2025-12-17T15:05:15Z
482,3830,unknown generic resource,resource,830,resource,head_parent_candidates,1.0,2025-12-17T15:05:15Z
483,3836,burst buffer request,request,146,request,head_parent_candidates,1.0,2025-12-17T15:05:15Z
484,3841,resource request,request,146,request,head_parent_candidates,1.0,2025-12-17T15:05:15Z
485,3842,maximum billing limit,limit,111,limit,head_parent_candidates,1.0,2025-12-17T15:05:15Z
486,3844,cpu request,request,146,request,head_parent_candidates,1.0,2025-12-17T15:05:15Z
487,3847,energy request,request,146,request,head_parent_candidates,1.0,2025-12-17T15:05:15Z
488,3851,gre request,request,146,request,head_parent_candidates,1.0,2025-12-17T15:05:15Z
489,3855,license request,request,146,request,head_parent_candidates,1.0,2025-12-17T15:05:15Z
490,3857,memory request,request,146,request,head_parent_candidates,1.0,2025-12-17T15:05:15Z
491,3860,unknown trackable resource,resource,830,resource,head_parent_candidates,1.0,2025-12-17T15:05:15Z
492,3871,burst buffer plugin,plugin,179,plugin,head_parent_candidates,1.0,2025-12-17T15:05:15Z
493,3894,exit code,code,1788,code,head_parent_candidates,1.0,2025-12-17T15:05:15Z
494,3901,current limit,limit,111,limit,head_parent_candidates,1.0,2025-12-17T15:05:15Z
495,3903,prolog program,program,1216,program,head_parent_candidates,1.0,2025-12-17T15:05:15Z
496,3963,slurm system,system,119,system,head_parent_candidates,1.0,2025-12-17T15:05:15Z
497,3964,file system,system,119,system,head_parent_candidates,1.0,2025-12-17T15:05:15Z
498,3966,sacct command,command,1336,command,head_parent_candidates,1.0,2025-12-17T15:05:15Z
499,3967,resource usage,usage,53,usage,head_parent_candidates,1.0,2025-12-17T15:05:15Z
500,3968,individual task,task,222,task,head_parent_candidates,1.0,2025-12-17T15:05:15Z
501,3977,job step information,information,348,information,head_parent_candidates,1.0,2025-12-17T15:05:15Z
502,3986,slurm control daemon,daemon,1268,daemon,head_parent_candidates,1.0,2025-12-17T15:05:15Z
503,3989,slurm database daemon,daemon,1268,daemon,head_parent_candidates,1.0,2025-12-17T15:05:15Z
504,3991,slurmdbd rpm,rpm,1839,rpm,head_parent_candidates,1.0,2025-12-17T15:05:15Z
505,3993,slurmdbd plugin,plugin,179,plugin,head_parent_candidates,1.0,2025-12-17T15:05:15Z
506,4000,slurmctld start,start,866,start,head_parent_candidates,1.0,2025-12-17T15:05:15Z
507,4003,user limit,limit,111,limit,head_parent_candidates,1.0,2025-12-17T15:05:15Z
508,4021,key file,file,105,file,head_parent_candidates,1.0,2025-12-17T15:05:15Z
509,4026,slurmdbd configuration file,file,105,file,head_parent_candidates,1.0,2025-12-17T15:05:15Z
510,4028,passwd file,file,105,file,head_parent_candidates,1.0,2025-12-17T15:05:15Z
511,4035,backup host,host,126,host,head_parent_candidates,1.0,2025-12-17T15:05:15Z
512,4039,slurm jobcomp configuration,configuration,3,configuration,head_parent_candidates,1.0,2025-12-17T15:05:15Z
513,4040,flat file,file,105,file,head_parent_candidates,1.0,2025-12-17T15:05:15Z
514,4049,slurm accounting configuration,configuration,3,configuration,head_parent_candidates,1.0,2025-12-17T15:05:15Z
515,4054,upgrade guide,guide,1830,guide,head_parent_candidates,1.0,2025-12-17T15:05:15Z
516,4055,place upgrade,upgrade,1751,upgrade,head_parent_candidates,1.0,2025-12-17T15:05:15Z
517,4073,large slurm database,database,349,database,head_parent_candidates,1.0,2025-12-17T15:05:15Z
518,4109,mysql database,database,349,database,head_parent_candidates,1.0,2025-12-17T15:05:15Z
519,4132,minute limit,limit,111,limit,head_parent_candidates,1.0,2025-12-17T15:05:15Z
520,4133,option set,set,70,set,head_parent_candidates,1.0,2025-12-17T15:05:15Z
521,4135,optional partition,partition,416,partition,head_parent_candidates,1.0,2025-12-17T15:05:15Z
522,4136,default behavior,behavior,1868,behavior,head_parent_candidates,1.0,2025-12-17T15:05:15Z
523,4137,external slurmdbd,slurmdbd,182,slurmdbd,head_parent_candidates,1.0,2025-12-17T15:05:15Z
524,4139,accounting datum,datum,1232,datum,head_parent_candidates,1.0,2025-12-17T15:05:15Z
525,4151,slurm component,component,550,component,head_parent_candidates,1.0,2025-12-17T15:05:15Z
526,4159,slurmdbd daemon execute,execute,4265,execute,head_parent_candidates,1.0,2025-12-17T15:05:15Z
527,4160,slurmctld execute,execute,4265,execute,head_parent_candidates,1.0,2025-12-17T15:05:15Z
528,4162,large system,system,119,system,head_parent_candidates,1.0,2025-12-17T15:05:15Z
529,4163,separate machine,machine,1832,machine,head_parent_candidates,1.0,2025-12-17T15:05:15Z
530,4201,init.d slurmdbd start,start,866,start,head_parent_candidates,1.0,2025-12-17T15:05:15Z
531,4203,grep slurmdbd,slurmdbd,182,slurmdbd,head_parent_candidates,1.0,2025-12-17T15:05:15Z
532,4229,archive slurmdbd,slurmdbd,182,slurmdbd,head_parent_candidates,1.0,2025-12-17T15:05:15Z
533,4239,slurmdbd daemon,daemon,1268,daemon,head_parent_candidates,1.0,2025-12-17T15:05:15Z
534,4251,execute line,line,1875,line,head_parent_candidates,1.0,2025-12-17T15:05:15Z
535,4271,default account,account,10,account,head_parent_candidates,1.0,2025-12-17T15:05:15Z
536,4278,bank account,account,10,account,head_parent_candidates,1.0,2025-12-17T15:05:15Z
537,4284,accounting database,database,349,database,head_parent_candidates,1.0,2025-12-17T15:05:15Z
538,4285,slurm partition,partition,416,partition,head_parent_candidates,1.0,2025-12-17T15:05:15Z
539,4304,slurm accounting,accounting,305,accounting,head_parent_candidates,1.0,2025-12-17T15:05:15Z
540,4307,user process,process,465,process,head_parent_candidates,1.0,2025-12-17T15:05:15Z
541,4308,parallel task,task,222,task,head_parent_candidates,1.0,2025-12-17T15:05:15Z
542,4353,job_container.conf file,file,105,file,head_parent_candidates,1.0,2025-12-17T15:05:15Z
543,4376,central slurmctld daemon,daemon,1268,daemon,head_parent_candidates,1.0,2025-12-17T15:05:15Z
544,4384,job size limit,limit,111,limit,head_parent_candidates,1.0,2025-12-17T15:05:15Z
545,4391,job script,script,197,script,head_parent_candidates,1.0,2025-12-17T15:05:15Z
546,4392,late execution,execution,76,execution,head_parent_candidates,1.0,2025-12-17T15:05:15Z
547,4396,slurm state,state,395,state,head_parent_candidates,1.0,2025-12-17T15:05:15Z
548,4397,scontrol command,command,1336,command,head_parent_candidates,1.0,2025-12-17T15:05:15Z
549,4400,maximum node count,count,1026,count,head_parent_candidates,1.0,2025-12-17T15:05:15Z
550,4405,sinfo command,command,1336,command,head_parent_candidates,1.0,2025-12-17T15:05:15Z
551,4436,node range expression,expression,1038,expression,head_parent_candidates,1.0,2025-12-17T15:05:15Z
552,4466,single slurm job,job,50,job,head_parent_candidates,1.0,2025-12-17T15:05:15Z
553,4511,additional option,option,215,option,head_parent_candidates,1.0,2025-12-17T15:05:15Z
554,4517,output file,file,105,file,head_parent_candidates,1.0,2025-12-17T15:05:15Z
555,4524,regular expression,expression,1038,expression,head_parent_candidates,1.0,2025-12-17T15:05:15Z
556,4527,current job,job,50,job,head_parent_candidates,1.0,2025-12-17T15:05:15Z
557,4570,high exit code,code,1788,code,head_parent_candidates,1.0,2025-12-17T15:05:15Z
558,4595,slurm configure time,time,42,time,head_parent_candidates,1.0,2025-12-17T15:05:15Z
559,4598,mcs plugin,plugin,179,plugin,head_parent_candidates,1.0,2025-12-17T15:05:15Z
560,4599,current slurm functionality,functionality,129,functionality,head_parent_candidates,1.0,2025-12-17T15:05:15Z
561,4603,slurm job submission client,client,1235,client,head_parent_candidates,1.0,2025-12-17T15:05:15Z
562,4604,exclusiveuser slurm.conf parameter,parameter,268,parameter,head_parent_candidates,1.0,2025-12-17T15:05:15Z
563,4612,privatedata slurm.conf parameter,parameter,268,parameter,head_parent_candidates,1.0,2025-12-17T15:05:15Z
564,4616,node information,information,348,information,head_parent_candidates,1.0,2025-12-17T15:05:15Z
565,4620,mcs label,label,1706,label,head_parent_candidates,1.0,2025-12-17T15:05:15Z
566,4626,user group,group,584,group,head_parent_candidates,1.0,2025-12-17T15:05:15Z
567,4629,arbitrary string,string,681,string,head_parent_candidates,1.0,2025-12-17T15:05:15Z
568,4632,scontrol show node,node,409,node,head_parent_candidates,1.0,2025-12-17T15:05:15Z
569,4673,single script,script,197,script,head_parent_candidates,1.0,2025-12-17T15:05:15Z
570,4674,slurm documentation,documentation,3650,documentation,head_parent_candidates,1.0,2025-12-17T15:05:15Z
571,4680,interactive mode,mode,724,mode,head_parent_candidates,1.0,2025-12-17T15:05:15Z
572,4682,slurm backfill scheduler,scheduler,335,scheduler,head_parent_candidates,1.0,2025-12-17T15:05:15Z
573,4683,force terminated job,job,50,job,head_parent_candidates,1.0,2025-12-17T15:05:15Z
574,4685,managing job,job,50,job,head_parent_candidates,1.0,2025-12-17T15:05:15Z
575,4686,hold state,state,395,state,head_parent_candidates,1.0,2025-12-17T15:05:15Z
576,4688,completing state,state,395,state,head_parent_candidates,1.0,2025-12-17T15:05:15Z
577,4694,slurm emulate node,node,409,node,head_parent_candidates,1.0,2025-12-17T15:05:15Z
578,4697,slurm rpm,rpm,1839,rpm,head_parent_candidates,1.0,2025-12-17T15:05:15Z
579,4698,patch file,file,105,file,head_parent_candidates,1.0,2025-12-17T15:05:15Z
580,4700,slurm source,source,1001,source,head_parent_candidates,1.0,2025-12-17T15:05:15Z
581,4701,automatic update,update,1749,update,head_parent_candidates,1.0,2025-12-17T15:05:15Z
582,4704,scheduling job,job,50,job,head_parent_candidates,1.0,2025-12-17T15:05:15Z
583,4706,maintenance period,period,2311,period,head_parent_candidates,1.0,2025-12-17T15:05:15Z
584,4707,slurm cluster configuration,configuration,3,configuration,head_parent_candidates,1.0,2025-12-17T15:05:15Z
585,4719,major slurm update,update,1749,update,head_parent_candidates,1.0,2025-12-17T15:05:15Z
586,4723,control group,group,584,group,head_parent_candidates,1.0,2025-12-17T15:05:15Z
587,4729,job suspend,suspend,1178,suspend,head_parent_candidates,1.0,2025-12-17T15:05:15Z
588,4733,cpu frequency,frequency,337,frequency,head_parent_candidates,1.0,2025-12-17T15:05:15Z
589,4737,core file,file,105,file,head_parent_candidates,1.0,2025-12-17T15:05:15Z
590,4741,invalid job credential,credential,2222,credential,head_parent_candidates,1.0,2025-12-17T15:05:15Z
591,4745,duplicate entry,entry,1144,entry,head_parent_candidates,1.0,2025-12-17T15:05:15Z
592,4750,slurmâ source code,code,1788,code,head_parent_candidates,1.0,2025-12-17T15:05:15Z
593,4783,slurm workload manager,manager,,manager,head_parent_candidates,1.0,2025-12-17T15:05:15Z
594,4825,slurm process,process,465,process,head_parent_candidates,1.0,2025-12-17T15:05:15Z
595,4826,spawned process,process,465,process,head_parent_candidates,1.0,2025-12-17T15:05:15Z
596,4857,partition configuration,configuration,3,configuration,head_parent_candidates,1.0,2025-12-17T15:05:15Z
597,4868,slurm job allocation,allocation,1160,allocation,head_parent_candidates,1.0,2025-12-17T15:05:15Z
598,4885,task plugin,plugin,179,plugin,head_parent_candidates,1.0,2025-12-17T15:05:15Z
599,4898,cd slurm,slurm,82,slurm,head_parent_candidates,1.0,2025-12-17T15:05:15Z
600,4900,vi slurm,slurm,82,slurm,head_parent_candidates,1.0,2025-12-17T15:05:15Z
601,4907,x11 slurm,slurm,82,slurm,head_parent_candidates,1.0,2025-12-17T15:05:15Z
602,4913,scheduler type,type,363,type,head_parent_candidates,1.0,2025-12-17T15:05:15Z
603,4921,full list,list,373,list,head_parent_candidates,1.0,2025-12-17T15:05:15Z
604,4948,job size,size,278,size,head_parent_candidates,1.0,2025-12-17T15:05:15Z
605,4950,slurm_job_id environment variable,variable,135,variable,head_parent_candidates,1.0,2025-12-17T15:05:15Z
606,4979,non killable process,process,465,process,head_parent_candidates,1.0,2025-12-17T15:05:15Z
607,5011,slurm file,file,105,file,head_parent_candidates,1.0,2025-12-17T15:05:15Z
608,5023,resident set size,size,278,size,head_parent_candidates,1.0,2025-12-17T15:05:15Z
609,5025,locked memory limit,limit,111,limit,head_parent_candidates,1.0,2025-12-17T15:05:15Z
610,5051,slurmd n hostname,hostname,716,hostname,head_parent_candidates,1.0,2025-12-17T15:05:15Z
611,5091,slurm package,package,2480,package,head_parent_candidates,1.0,2025-12-17T15:05:15Z
612,5098,current slurm.conf file,file,105,file,head_parent_candidates,1.0,2025-12-17T15:05:15Z
613,5100,incorrect slurmctldhost parameter,parameter,268,parameter,head_parent_candidates,1.0,2025-12-17T15:05:15Z
614,5103,slurm log file,file,105,file,head_parent_candidates,1.0,2025-12-17T15:05:15Z
615,5111,resource reservation,reservation,386,reservation,head_parent_candidates,1.0,2025-12-17T15:05:15Z
616,5123,slurm.conf configuration file,file,105,file,head_parent_candidates,1.0,2025-12-17T15:05:15Z
617,5138,slurm environment,environment,175,environment,head_parent_candidates,1.0,2025-12-17T15:05:15Z
618,5147,job submit plugin,plugin,179,plugin,head_parent_candidates,1.0,2025-12-17T15:05:15Z
619,5170,node slurm,slurm,82,slurm,head_parent_candidates,1.0,2025-12-17T15:05:15Z
620,5173,slurmctld log file,file,105,file,head_parent_candidates,1.0,2025-12-17T15:05:15Z
621,5204,slurmctld daemon execute,execute,4265,execute,head_parent_candidates,1.0,2025-12-17T15:05:15Z
622,5206,current time,time,42,time,head_parent_candidates,1.0,2025-12-17T15:05:15Z
623,5210,slurmdtimeout configuration parameter,parameter,268,parameter,head_parent_candidates,1.0,2025-12-17T15:05:15Z
624,5212,drain state,state,395,state,head_parent_candidates,1.0,2025-12-17T15:05:15Z
625,5223,slurmstepd_oom_adj environment variable,variable,135,variable,head_parent_candidates,1.0,2025-12-17T15:05:15Z
626,5230,head node,node,409,node,head_parent_candidates,1.0,2025-12-17T15:05:15Z
627,5231,systemctl restart slurmd,slurmd,654,slurmd,head_parent_candidates,1.0,2025-12-17T15:05:15Z
628,5262,pam_slurm_adopt module,module,3711,module,head_parent_candidates,1.0,2025-12-17T15:05:15Z
629,5293,system job,job,50,job,head_parent_candidates,1.0,2025-12-17T15:05:15Z
630,5329,cgroup plugin,plugin,179,plugin,head_parent_candidates,1.0,2025-12-17T15:05:15Z
631,5361,tmpf plugin,plugin,179,plugin,head_parent_candidates,1.0,2025-12-17T15:05:15Z
632,5392,linux distribution,distribution,1976,distribution,head_parent_candidates,1.0,2025-12-17T15:05:15Z
633,5399,slurm job epilog script,script,197,script,head_parent_candidates,1.0,2025-12-17T15:05:15Z
634,5427,hard limit,limit,111,limit,head_parent_candidates,1.0,2025-12-17T15:05:15Z
635,5451,pidof slurmctld,slurmctld,201,slurmctld,head_parent_candidates,1.0,2025-12-17T15:05:15Z
636,5459,prolog script,script,197,script,head_parent_candidates,1.0,2025-12-17T15:05:15Z
637,5465,slurm configuration file slurm.conf,slurm.conf,1593,slurm.conf,head_parent_candidates,1.0,2025-12-17T15:05:15Z
638,5488,systemd unit file,file,105,file,head_parent_candidates,1.0,2025-12-17T15:05:15Z
639,5490,slurmctlddebug configuration parameter,parameter,268,parameter,head_parent_candidates,1.0,2025-12-17T15:05:15Z
640,5527,case slurm,slurm,82,slurm,head_parent_candidates,1.0,2025-12-17T15:05:15Z
641,5550,slurm operation,operation,1023,operation,head_parent_candidates,1.0,2025-12-17T15:05:15Z
642,5578,slurmstepd daemon,daemon,1268,daemon,head_parent_candidates,1.0,2025-12-17T15:05:15Z
643,5589,node configuration,configuration,3,configuration,head_parent_candidates,1.0,2025-12-17T15:05:15Z
644,5598,minimum number,number,123,number,head_parent_candidates,1.0,2025-12-17T15:05:15Z
645,5633,job option,option,215,option,head_parent_candidates,1.0,2025-12-17T15:05:15Z
646,5642,individual component,component,550,component,head_parent_candidates,1.0,2025-12-17T15:05:15Z
647,5650,persistent burst buffer,buffer,4185,buffer,head_parent_candidates,1.0,2025-12-17T15:05:15Z
648,5651,datawarp plugin,plugin,179,plugin,head_parent_candidates,1.0,2025-12-17T15:05:15Z
649,5675,heterogeneous job allocation,allocation,1160,allocation,head_parent_candidates,1.0,2025-12-17T15:05:15Z
650,5676,group option,option,215,option,head_parent_candidates,1.0,2025-12-17T15:05:15Z
651,5685,slurm mpi plugin,plugin,179,plugin,head_parent_candidates,1.0,2025-12-17T15:05:15Z
652,5686,entire cluster,cluster,272,cluster,head_parent_candidates,1.0,2025-12-17T15:05:15Z
653,5688,heterogeneous job step,step,432,step,head_parent_candidates,1.0,2025-12-17T15:05:15Z
654,5706,slurm environment variable,variable,135,variable,head_parent_candidates,1.0,2025-12-17T15:05:15Z
655,5713,grep slurm,slurm,82,slurm,head_parent_candidates,1.0,2025-12-17T15:05:15Z
656,5720,slurm_procid environment variable,variable,135,variable,head_parent_candidates,1.0,2025-12-17T15:05:15Z
657,5724,total count,count,1026,count,head_parent_candidates,1.0,2025-12-17T15:05:15Z
658,5729,magnetic reservation,reservation,386,reservation,head_parent_candidates,1.0,2025-12-17T15:05:15Z
659,5747,slurm behavior,behavior,1868,behavior,head_parent_candidates,1.0,2025-12-17T15:05:15Z
660,5772,slurm prep plugin,plugin,179,plugin,head_parent_candidates,1.0,2025-12-17T15:05:15Z
661,5775,epilogslurmctld script,script,197,script,head_parent_candidates,1.0,2025-12-17T15:05:15Z
662,5778,additional plugin,plugin,179,plugin,head_parent_candidates,1.0,2025-12-17T15:05:15Z
663,5783,epilogslurmctld option,option,215,option,head_parent_candidates,1.0,2025-12-17T15:05:15Z
664,5793,separate processing thread,thread,160,thread,head_parent_candidates,1.0,2025-12-17T15:05:15Z
665,5794,slurmctld lock,lock,291,lock,head_parent_candidates,1.0,2025-12-17T15:05:15Z
666,5801,asynchronous operation,operation,1023,operation,head_parent_candidates,1.0,2025-12-17T15:05:15Z
667,5805,launch credential,credential,2222,credential,head_parent_candidates,1.0,2025-12-17T15:05:15Z
668,5824,statu command,command,1336,command,head_parent_candidates,1.0,2025-12-17T15:05:15Z
669,5825,burst buffer state,state,395,state,head_parent_candidates,1.0,2025-12-17T15:05:15Z
670,5826,slurm burst buffer plugin,plugin,179,plugin,head_parent_candidates,1.0,2025-12-17T15:05:15Z
671,5841,burst buffer api,api,1208,api,head_parent_candidates,1.0,2025-12-17T15:05:15Z
672,5848,slurm track burst buffer resource,resource,830,resource,head_parent_candidates,1.0,2025-12-17T15:05:15Z
673,5850,burst buffer requirement,requirement,1469,requirement,head_parent_candidates,1.0,2025-12-17T15:05:15Z
674,5880,additional information,information,348,information,head_parent_candidates,1.0,2025-12-17T15:05:15Z
675,5883,system limit,limit,111,limit,head_parent_candidates,1.0,2025-12-17T15:05:15Z
676,5885,system call,call,1054,call,head_parent_candidates,1.0,2025-12-17T15:05:15Z
677,5886,c api,api,1208,api,head_parent_candidates,1.0,2025-12-17T15:05:15Z
678,5889,slurmctld performance,performance,181,performance,head_parent_candidates,1.0,2025-12-17T15:05:15Z
679,5892,slurm_bb_path function,function,64,function,head_parent_candidates,1.0,2025-12-17T15:05:15Z
680,5895,lightweight slurm daemon,daemon,1268,daemon,head_parent_candidates,1.0,2025-12-17T15:05:15Z
681,5933,burst buffer size specification slurm,slurm,82,slurm,head_parent_candidates,1.0,2025-12-17T15:05:15Z
682,5938,burst buffer script,script,197,script,head_parent_candidates,1.0,2025-12-17T15:05:15Z
683,5966,slurm_bb_job_process function,function,64,function,head_parent_candidates,1.0,2025-12-17T15:05:15Z
684,5991,equivalent script,script,197,script,head_parent_candidates,1.0,2025-12-17T15:05:15Z
685,6028,slurm_bb_get_statu function,function,64,function,head_parent_candidates,1.0,2025-12-17T15:05:15Z
686,6059,authentication system,system,119,system,head_parent_candidates,1.0,2025-12-17T15:05:15Z
687,6069,slurm jwt,jwt,1899,jwt,head_parent_candidates,1.0,2025-12-17T15:05:15Z
688,6085,x slurm,slurm,82,slurm,head_parent_candidates,1.0,2025-12-17T15:05:15Z
689,6098,jwt key,key,1323,key,head_parent_candidates,1.0,2025-12-17T15:05:15Z
690,6105,restart slurmctld,slurmctld,201,slurmctld,head_parent_candidates,1.0,2025-12-17T15:05:15Z
691,6108,slurmuser account,account,10,account,head_parent_candidates,1.0,2025-12-17T15:05:15Z
692,6114,jwk file,file,105,file,head_parent_candidates,1.0,2025-12-17T15:05:15Z
693,6146,point slurm,slurm,82,slurm,head_parent_candidates,1.0,2025-12-17T15:05:15Z
694,6156,slurm default,default,118,default,head_parent_candidates,1.0,2025-12-17T15:05:15Z
695,6159,change slurm,slurm,82,slurm,head_parent_candidates,1.0,2025-12-17T15:05:15Z
696,6205,pam_slurm rpm,rpm,1839,rpm,head_parent_candidates,1.0,2025-12-17T15:05:15Z
697,6222,pam module,module,3711,module,head_parent_candidates,1.0,2025-12-17T15:05:15Z
698,6226,pam_slurm_adopt.so file,file,105,file,head_parent_candidates,1.0,2025-12-17T15:05:15Z
699,6258,pam_slurm adopt,adopt,,adopt,head_parent_candidates,1.0,2025-12-17T15:05:15Z
700,6262,pam_listfile module,module,3711,module,head_parent_candidates,1.0,2025-12-17T15:05:15Z
701,6274,pam_slurm_adopt line,line,1875,line,head_parent_candidates,1.0,2025-12-17T15:05:15Z
702,6290,local slurmd,slurmd,654,slurmd,head_parent_candidates,1.0,2025-12-17T15:05:15Z
703,6308,slurmd port,port,319,port,head_parent_candidates,1.0,2025-12-17T15:05:15Z
704,6330,release note,note,267,note,head_parent_candidates,1.0,2025-12-17T15:05:15Z
705,6333,openapi plugin,plugin,179,plugin,head_parent_candidates,1.0,2025-12-17T15:05:15Z
706,6337,normal operation,operation,1023,operation,head_parent_candidates,1.0,2025-12-17T15:05:15Z
707,6339,target slurmrestd daemon,daemon,1268,daemon,head_parent_candidates,1.0,2025-12-17T15:05:15Z
708,6343,bit integer number,number,123,number,head_parent_candidates,1.0,2025-12-17T15:05:15Z
709,6345,point number,number,123,number,head_parent_candidates,1.0,2025-12-17T15:05:15Z
710,6358,maximum size,size,278,size,head_parent_candidates,1.0,2025-12-17T15:05:15Z
711,6402,reservation description,description,380,description,head_parent_candidates,1.0,2025-12-17T15:05:15Z
712,6436,modified field,field,1645,field,head_parent_candidates,1.0,2025-12-17T15:05:15Z
713,6456,dbv0.0.39 plugin,plugin,179,plugin,head_parent_candidates,1.0,2025-12-17T15:05:15Z
714,6470,dbv0.0.38 plugin,plugin,179,plugin,head_parent_candidates,1.0,2025-12-17T15:05:15Z
715,6481,slurmctld plugin,plugin,179,plugin,head_parent_candidates,1.0,2025-12-17T15:05:15Z
716,6482,v0.0.39 plugin,plugin,179,plugin,head_parent_candidates,1.0,2025-12-17T15:05:15Z
717,6507,missing field,field,1645,field,head_parent_candidates,1.0,2025-12-17T15:05:15Z
718,6557,prior version,version,985,version,head_parent_candidates,1.0,2025-12-17T15:05:15Z
719,6575,input parameter,parameter,268,parameter,head_parent_candidates,1.0,2025-12-17T15:05:15Z
720,6643,state flag,flag,357,flag,head_parent_candidates,1.0,2025-12-17T15:05:15Z
721,6666,local cluster,cluster,272,cluster,head_parent_candidates,1.0,2025-12-17T15:05:15Z
722,6671,origin cluster,cluster,272,cluster,head_parent_candidates,1.0,2025-12-17T15:05:15Z
723,6672,viable cluster,cluster,272,cluster,head_parent_candidates,1.0,2025-12-17T15:05:15Z
724,6730,scontrol option,option,215,option,head_parent_candidates,1.0,2025-12-17T15:05:15Z
725,6737,remote cluster,cluster,272,cluster,head_parent_candidates,1.0,2025-12-17T15:05:15Z
726,6741,single slurmctld daemon,daemon,1268,daemon,head_parent_candidates,1.0,2025-12-17T15:05:15Z
727,6747,slurm client command,command,1336,command,head_parent_candidates,1.0,2025-12-17T15:05:15Z
728,6750,multi cluster configuration,configuration,3,configuration,head_parent_candidates,1.0,2025-12-17T15:05:15Z
729,6754,slurm federated scheduling guide,guide,1830,guide,head_parent_candidates,1.0,2025-12-17T15:05:15Z
730,6761,inet service mode,mode,724,mode,head_parent_candidates,1.0,2025-12-17T15:05:15Z
731,6765,slurm database command,command,1336,command,head_parent_candidates,1.0,2025-12-17T15:05:15Z
732,6772,slurmrestd.8 man page,page,1808,page,head_parent_candidates,1.0,2025-12-17T15:05:15Z
733,6774,late version,version,985,version,head_parent_candidates,1.0,2025-12-17T15:05:15Z
734,6776,slurmrestd documentation,documentation,3650,documentation,head_parent_candidates,1.0,2025-12-17T15:05:15Z
735,6777,plugin life cycle,cycle,,cycle,head_parent_candidates,1.0,2025-12-17T15:05:15Z
736,6785,slurm major release,release,1754,release,head_parent_candidates,1.0,2025-12-17T15:05:15Z
737,6790,previous slurm version,version,985,version,head_parent_candidates,1.0,2025-12-17T15:05:15Z
738,6792,slurmdbd server,server,1238,server,head_parent_candidates,1.0,2025-12-17T15:05:15Z
739,6793,slurm 20.11 release,release,1754,release,head_parent_candidates,1.0,2025-12-17T15:05:15Z
740,6801,slurmrestd machine,machine,1832,machine,head_parent_candidates,1.0,2025-12-17T15:05:15Z
741,6803,slurm rest api,api,1208,api,head_parent_candidates,1.0,2025-12-17T15:05:15Z
742,6815,system resource,resource,830,resource,head_parent_candidates,1.0,2025-12-17T15:05:15Z
743,6833,relevant slurm daemon,daemon,1268,daemon,head_parent_candidates,1.0,2025-12-17T15:05:15Z
744,6835,slurmrestd support,support,2440,support,head_parent_candidates,1.0,2025-12-17T15:05:15Z
745,6841,invalid slurm_jwt environment variable,variable,135,variable,head_parent_candidates,1.0,2025-12-17T15:05:15Z
746,6867,remote license,license,400,license,head_parent_candidates,1.0,2025-12-17T15:05:15Z
747,6879,license server,server,1238,server,head_parent_candidates,1.0,2025-12-17T15:05:15Z
748,6891,configuring slurm,slurm,82,slurm,head_parent_candidates,1.0,2025-12-17T15:05:15Z
749,6901,matlab rlm_host license,license,400,license,head_parent_candidates,1.0,2025-12-17T15:05:15Z
750,6908,server resource,resource,830,resource,head_parent_candidates,1.0,2025-12-17T15:05:15Z
751,6933,slurm job accounting log,log,213,log,head_parent_candidates,1.0,2025-12-17T15:05:15Z
752,6934,slurm account information,information,348,information,head_parent_candidates,1.0,2025-12-17T15:05:15Z
753,6937,slurm job step,step,432,step,head_parent_candidates,1.0,2025-12-17T15:05:15Z
754,6939,slurm crontab file,file,105,file,head_parent_candidates,1.0,2025-12-17T15:05:15Z
755,6945,slurm scheduling queue,queue,308,queue,head_parent_candidates,1.0,2025-12-17T15:05:15Z
756,6947,slurm accounting datum,datum,1232,datum,head_parent_candidates,1.0,2025-12-17T15:05:15Z
757,6948,clear slurm trigger information,information,348,information,head_parent_candidates,1.0,2025-12-17T15:05:15Z
758,6950,acct_gather.confslurm configuration file,file,105,file,head_parent_candidates,1.0,2025-12-17T15:05:15Z
759,6954,cgroup.confslurm configuration file,file,105,file,head_parent_candidates,1.0,2025-12-17T15:05:15Z
760,6956,gres.confslurm configuration file,file,105,file,head_parent_candidates,1.0,2025-12-17T15:05:15Z
761,6958,helpers.confslurm configuration file,file,105,file,head_parent_candidates,1.0,2025-12-17T15:05:15Z
762,6961,knl.confslurm configuration file,file,105,file,head_parent_candidates,1.0,2025-12-17T15:05:15Z
763,6963,mpi.confslurm configuration file,file,105,file,head_parent_candidates,1.0,2025-12-17T15:05:15Z
764,6965,oci.confslurm configuration file,file,105,file,head_parent_candidates,1.0,2025-12-17T15:05:15Z
765,6968,slurm.confslurm configuration file,file,105,file,head_parent_candidates,1.0,2025-12-17T15:05:15Z
766,6969,slurmdbd.confslurm database daemon,daemon,1268,daemon,head_parent_candidates,1.0,2025-12-17T15:05:15Z
767,6970,network topology,topology,982,topology,head_parent_candidates,1.0,2025-12-17T15:05:15Z
768,6971,topology.yamlslurm configuration file,file,105,file,head_parent_candidates,1.0,2025-12-17T15:05:15Z
769,6973,sackdslurm auth,auth,1596,auth,head_parent_candidates,1.0,2025-12-17T15:05:15Z
770,6976,slurmdbdslurm database daemon,daemon,1268,daemon,head_parent_candidates,1.0,2025-12-17T15:05:15Z
771,6977,slurmrestdthe slurm rest api daemon,daemon,1268,daemon,head_parent_candidates,1.0,2025-12-17T15:05:15Z
772,6978,slurmstepdthe job step manager,manager,,manager,head_parent_candidates,1.0,2025-12-17T15:05:15Z
773,6979,spankslurm plug,plug,,plug,head_parent_candidates,1.0,2025-12-17T15:05:15Z
774,7017,gpu device,device,2176,device,head_parent_candidates,1.0,2025-12-17T15:05:15Z
775,7028,slurm_job_account account,account,10,account,head_parent_candidates,1.0,2025-12-17T15:05:15Z
776,7029,slurm_job_comment comment,comment,667,comment,head_parent_candidates,1.0,2025-12-17T15:05:15Z
777,7030,slurm_job_constraint feature,feature,328,feature,head_parent_candidates,1.0,2025-12-17T15:05:15Z
778,7033,slurm_job_extra extra field,field,1645,field,head_parent_candidates,1.0,2025-12-17T15:05:15Z
779,7038,slurm_job_group group,group,584,group,head_parent_candidates,1.0,2025-12-17T15:05:15Z
780,7043,slurm_job_nodelist node,node,409,node,head_parent_candidates,1.0,2025-12-17T15:05:15Z
781,7044,slurm hostlist expression,expression,1038,expression,head_parent_candidates,1.0,2025-12-17T15:05:15Z
782,7046,slurm_job_num_nodes number,number,123,number,head_parent_candidates,1.0,2025-12-17T15:05:15Z
783,7049,slurm_job_partition partition,partition,416,partition,head_parent_candidates,1.0,2025-12-17T15:05:15Z
784,7050,slurm_job_reservation reservation,reservation,386,reservation,head_parent_candidates,1.0,2025-12-17T15:05:15Z
785,7051,slurm_job_stderr job,job,50,job,head_parent_candidates,1.0,2025-12-17T15:05:15Z
786,7053,slurm_job_stdin job,job,50,job,head_parent_candidates,1.0,2025-12-17T15:05:15Z
787,7055,slurm_job_stdout job,job,50,job,head_parent_candidates,1.0,2025-12-17T15:05:15Z
788,7058,slurm_job_user user,user,166,user,head_parent_candidates,1.0,2025-12-17T15:05:15Z
789,7059,slurm_job_work_dir job,job,50,job,head_parent_candidates,1.0,2025-12-17T15:05:15Z
790,7060,slurm_local_globals_file global file,file,105,file,head_parent_candidates,1.0,2025-12-17T15:05:15Z
791,7064,slurm_prio_process scheduling priority,priority,13,priority,head_parent_candidates,1.0,2025-12-17T15:05:15Z
792,7069,slurm_rlimit_a resource limit,limit,111,limit,head_parent_candidates,1.0,2025-12-17T15:05:15Z
793,7071,slurm_rlimit_fsize resource limit,limit,111,limit,head_parent_candidates,1.0,2025-12-17T15:05:15Z
794,7072,slurm_rlimit_memlock resource limit,limit,111,limit,head_parent_candidates,1.0,2025-12-17T15:05:15Z
795,7074,slurm_rlimit_nofile resource limit,limit,111,limit,head_parent_candidates,1.0,2025-12-17T15:05:15Z
796,7075,slurm_rlimit_nproc resource limit,limit,111,limit,head_parent_candidates,1.0,2025-12-17T15:05:15Z
797,7077,slurm_rlimit_rss resource limit,limit,111,limit,head_parent_candidates,1.0,2025-12-17T15:05:15Z
798,7079,slurm_rlimit_stack resource limit,limit,111,limit,head_parent_candidates,1.0,2025-12-17T15:05:15Z
799,7090,slurm_submit_dir directory,directory,1496,directory,head_parent_candidates,1.0,2025-12-17T15:05:15Z
800,7091,slurm_submit_host host,host,126,host,head_parent_candidates,1.0,2025-12-17T15:05:15Z
801,7092,slurm_tasks_per_node number,number,123,number,head_parent_candidates,1.0,2025-12-17T15:05:15Z
802,7101,https: www.schedmd.com download slurm,slurm,82,slurm,head_parent_candidates,1.0,2025-12-17T15:05:15Z
803,7103,authentication plugin,plugin,179,plugin,head_parent_candidates,1.0,2025-12-17T15:05:15Z
804,7133,hostlist function,function,64,function,head_parent_candidates,1.0,2025-12-17T15:05:15Z
805,7153,slurm source code,code,1788,code,head_parent_candidates,1.0,2025-12-17T15:05:15Z
806,7154,slurm‘ spank.h header file,file,105,file,head_parent_candidates,1.0,2025-12-17T15:05:15Z
807,7160,slurm job launch,launch,,launch,head_parent_candidates,1.0,2025-12-17T15:05:15Z
808,7180,slurm tool,tool,1466,tool,head_parent_candidates,1.0,2025-12-17T15:05:15Z
809,7205,power saving mode,mode,724,mode,head_parent_candidates,1.0,2025-12-17T15:05:15Z
810,7219,power saving operation,operation,1023,operation,head_parent_candidates,1.0,2025-12-17T15:05:15Z
811,7233,hostlist expression format,format,464,format,head_parent_candidates,1.0,2025-12-17T15:05:15Z
812,7250,node option,option,215,option,head_parent_candidates,1.0,2025-12-17T15:05:15Z
813,7253,slurmctld option,option,215,option,head_parent_candidates,1.0,2025-12-17T15:05:15Z
814,7255,cloud node,node,409,node,head_parent_candidates,1.0,2025-12-17T15:05:15Z
815,7269,node state,state,395,state,head_parent_candidates,1.0,2025-12-17T15:05:15Z
816,7289,additional job,job,50,job,head_parent_candidates,1.0,2025-12-17T15:05:15Z
817,7292,high time,time,42,time,head_parent_candidates,1.0,2025-12-17T15:05:15Z
818,7310,slurmctld daemon run,run,1492,run,head_parent_candidates,1.0,2025-12-17T15:05:15Z
819,7322,slurm_resume_file temporary file,file,105,file,head_parent_candidates,1.0,2025-12-17T15:05:15Z
820,7334,active feature,feature,328,feature,head_parent_candidates,1.0,2025-12-17T15:05:15Z
821,7357,scontrol update,update,1749,update,head_parent_candidates,1.0,2025-12-17T15:05:15Z
822,7358,cloud information,information,348,information,head_parent_candidates,1.0,2025-12-17T15:05:15Z
823,7376,optional slurmdbd,slurmdbd,182,slurmdbd,head_parent_candidates,1.0,2025-12-17T15:05:15Z
824,7377,optional slurmrestd,slurmrestd,1825,slurmrestd,head_parent_candidates,1.0,2025-12-17T15:05:15Z
825,7378,slurm rest api daemon,daemon,1268,daemon,head_parent_candidates,1.0,2025-12-17T15:05:15Z
826,7390,authentication mechanism,mechanism,1185,mechanism,head_parent_candidates,1.0,2025-12-17T15:05:15Z
827,7394,job step credential,credential,2222,credential,head_parent_candidates,1.0,2025-12-17T15:05:15Z
828,7429,compatibility window,window,8873,window,head_parent_candidates,1.0,2025-12-17T15:05:15Z
829,7431,pre release version,version,985,version,head_parent_candidates,1.0,2025-12-17T15:05:15Z
830,7436,customized slurm plugin,plugin,179,plugin,head_parent_candidates,1.0,2025-12-17T15:05:15Z
831,7438,slurm version number,number,123,number,head_parent_candidates,1.0,2025-12-17T15:05:15Z
832,7439,major slurm release,release,1754,release,head_parent_candidates,1.0,2025-12-17T15:05:15Z
833,7485,upgrade slurmdbd,slurmdbd,182,slurmdbd,head_parent_candidates,1.0,2025-12-17T15:05:15Z
834,7486,upgrade slurmd,slurmd,654,slurmd,head_parent_candidates,1.0,2025-12-17T15:05:15Z
835,7490,slurmd system,system,119,system,head_parent_candidates,1.0,2025-12-17T15:05:15Z
836,7491,deb package,package,2480,package,head_parent_candidates,1.0,2025-12-17T15:05:15Z
837,7499,optional slurm component,component,550,component,head_parent_candidates,1.0,2025-12-17T15:05:15Z
838,7533,slurmrestd web client,client,1235,client,head_parent_candidates,1.0,2025-12-17T15:05:15Z
839,7551,grep statesavelocationentire slurm configuration directory,directory,1496,directory,head_parent_candidates,1.0,2025-12-17T15:05:15Z
840,7562,backup slurmdbd host,host,126,host,head_parent_candidates,1.0,2025-12-17T15:05:15Z
841,7567,non slurmdbd functionality,functionality,129,functionality,head_parent_candidates,1.0,2025-12-17T15:05:15Z
842,7568,slurmdbd agent queue,queue,308,queue,head_parent_candidates,1.0,2025-12-17T15:05:15Z
843,7581,primary slurmdbd daemon,daemon,1268,daemon,head_parent_candidates,1.0,2025-12-17T15:05:15Z
844,7585,backup slurmdbd daemon,daemon,1268,daemon,head_parent_candidates,1.0,2025-12-17T15:05:15Z
845,7593,slurmctld host,host,126,host,head_parent_candidates,1.0,2025-12-17T15:05:15Z
846,7599,slurmd node,node,409,node,head_parent_candidates,1.0,2025-12-17T15:05:15Z
847,7602,core slurm component,component,550,component,head_parent_candidates,1.0,2025-12-17T15:05:15Z
848,7616,slurm build process,process,465,process,head_parent_candidates,1.0,2025-12-17T15:05:15Z
849,7627,single key setup,setup,1365,setup,head_parent_candidates,1.0,2025-12-17T15:05:15Z
850,7630,slurm authentication type,type,363,type,head_parent_candidates,1.0,2025-12-17T15:05:15Z
851,7633,slurmctld run,run,1492,run,head_parent_candidates,1.0,2025-12-17T15:05:15Z
852,7634,slurm run,run,1492,run,head_parent_candidates,1.0,2025-12-17T15:05:15Z
853,7635,slurm.jwks file,file,105,file,head_parent_candidates,1.0,2025-12-17T15:05:15Z
854,7659,default key,key,1323,key,head_parent_candidates,1.0,2025-12-17T15:05:15Z
855,7661,slurm.key file,file,105,file,head_parent_candidates,1.0,2025-12-17T15:05:15Z
856,7665,slurm authentication mechanism,mechanism,1185,mechanism,head_parent_candidates,1.0,2025-12-17T15:05:15Z
857,7669,slurm auth,auth,1596,auth,head_parent_candidates,1.0,2025-12-17T15:05:15Z
858,7673,slurm client,client,1235,client,head_parent_candidates,1.0,2025-12-17T15:05:15Z
859,7686,mcdram mode,mode,724,mode,head_parent_candidates,1.0,2025-12-17T15:05:15Z
860,7687,knl processor,processor,2047,processor,head_parent_candidates,1.0,2025-12-17T15:05:15Z
861,7689,sufficient resource,resource,830,resource,head_parent_candidates,1.0,2025-12-17T15:05:15Z
862,7717,numa node,node,409,node,head_parent_candidates,1.0,2025-12-17T15:05:15Z
863,7739,dragonfly network,network,846,network,head_parent_candidates,1.0,2025-12-17T15:05:15Z
864,7774,numa mode,mode,724,mode,head_parent_candidates,1.0,2025-12-17T15:05:15Z
865,7777,slurm data structure,structure,2190,structure,head_parent_candidates,1.0,2025-12-17T15:05:15Z
866,7792,sample slurm.conf,slurm.conf,1593,slurm.conf,head_parent_candidates,1.0,2025-12-17T15:05:15Z
867,7809,slurm license,license,400,license,head_parent_candidates,1.0,2025-12-17T15:05:15Z
868,7816,default slurm partition,partition,416,partition,head_parent_candidates,1.0,2025-12-17T15:05:15Z
869,7845,maintenance reservation,reservation,386,reservation,head_parent_candidates,1.0,2025-12-17T15:05:15Z
870,7892,slurmdbd.conf file,file,105,file,head_parent_candidates,1.0,2025-12-17T15:05:15Z
871,7900,hierarchical resource,resource,830,resource,head_parent_candidates,1.0,2025-12-17T15:05:15Z
872,7911,resources.yaml file,file,105,file,head_parent_candidates,1.0,2025-12-17T15:05:15Z
873,7941,step record,record,210,record,head_parent_candidates,1.0,2025-12-17T15:05:15Z
874,7945,slurm accounting_storage plugin,plugin,179,plugin,head_parent_candidates,1.0,2025-12-17T15:05:15Z
875,7949,comment string,string,681,string,head_parent_candidates,1.0,2025-12-17T15:05:15Z
876,7971,computing resource,resource,830,resource,head_parent_candidates,1.0,2025-12-17T15:05:15Z
877,7974,age factor,factor,2842,factor,head_parent_candidates,1.0,2025-12-17T15:05:15Z
878,7996,priority factor,factor,2842,factor,head_parent_candidates,1.0,2025-12-17T15:05:15Z
879,8005,association factor,factor,2842,factor,head_parent_candidates,1.0,2025-12-17T15:05:15Z
880,8006,integer priority,priority,13,priority,head_parent_candidates,1.0,2025-12-17T15:05:15Z
881,8007,job size factor,factor,2842,factor,head_parent_candidates,1.0,2025-12-17T15:05:15Z
882,8008,small job,job,50,job,head_parent_candidates,1.0,2025-12-17T15:05:15Z
883,8019,partition factor,factor,2842,factor,head_parent_candidates,1.0,2025-12-17T15:05:15Z
884,8020,qos factor,factor,2842,factor,head_parent_candidates,1.0,2025-12-17T15:05:15Z
885,8038,billable tre,tre,603,tre,head_parent_candidates,1.0,2025-12-17T15:05:15Z
886,8085,global tre,tre,603,tre,head_parent_candidates,1.0,2025-12-17T15:05:15Z
887,8097,sample slurm.conf file setting,setting,1301,setting,head_parent_candidates,1.0,2025-12-17T15:05:15Z
888,8113,tree topology,topology,982,topology,head_parent_candidates,1.0,2025-12-17T15:05:15Z
889,8114,hierarchical network,network,846,network,head_parent_candidates,1.0,2025-12-17T15:05:15Z
890,8116,block topology,topology,982,topology,head_parent_candidates,1.0,2025-12-17T15:05:15Z
891,8124,fit algorithm,algorithm,1081,algorithm,head_parent_candidates,1.0,2025-12-17T15:05:15Z
892,8132,future slurm code,code,1788,code,head_parent_candidates,1.0,2025-12-17T15:05:15Z
893,8148,s0 node,node,409,node,head_parent_candidates,1.0,2025-12-17T15:05:15Z
894,8149,s1 node,node,409,node,head_parent_candidates,1.0,2025-12-17T15:05:15Z
895,8151,s3 node,node,409,node,head_parent_candidates,1.0,2025-12-17T15:05:15Z
896,8165,topology.conf file,file,105,file,head_parent_candidates,1.0,2025-12-17T15:05:15Z
897,8173,configure slurm,slurm,82,slurm,head_parent_candidates,1.0,2025-12-17T15:05:15Z
898,8175,tree plugin,plugin,179,plugin,head_parent_candidates,1.0,2025-12-17T15:05:15Z
899,8186,https: github.com aws samples ec2 topology aware for slurm,slurm,82,slurm,head_parent_candidates,1.0,2025-12-17T15:05:15Z
900,8240,gres.conf file,file,105,file,head_parent_candidates,1.0,2025-12-17T15:05:15Z
901,8256,gpu frequency,frequency,337,frequency,head_parent_candidates,1.0,2025-12-17T15:05:15Z
902,8269,nvml library,library,2537,library,head_parent_candidates,1.0,2025-12-17T15:05:15Z
903,8273,gpu configuration,configuration,3,configuration,head_parent_candidates,1.0,2025-12-17T15:05:15Z
904,8278,slurm.conf configuration,configuration,3,configuration,head_parent_candidates,1.0,2025-12-17T15:05:15Z
905,8279,relevant slurmd,slurmd,654,slurmd,head_parent_candidates,1.0,2025-12-17T15:05:15Z
906,8285,gpu type,type,363,type,head_parent_candidates,1.0,2025-12-17T15:05:15Z
907,8292,gpu resource,resource,830,resource,head_parent_candidates,1.0,2025-12-17T15:05:15Z
908,8317,file parameter,parameter,268,parameter,head_parent_candidates,1.0,2025-12-17T15:05:15Z
909,8332,mps configuration,configuration,3,configuration,head_parent_candidates,1.0,2025-12-17T15:05:15Z
910,8334,mp resource,resource,830,resource,head_parent_candidates,1.0,2025-12-17T15:05:15Z
911,8335,count parameter,parameter,268,parameter,head_parent_candidates,1.0,2025-12-17T15:05:15Z
912,8352,mps server,server,1238,server,head_parent_candidates,1.0,2025-12-17T15:05:15Z
913,8355,slurm_job_uid environment variable,variable,135,variable,head_parent_candidates,1.0,2025-12-17T15:05:15Z
914,8401,shard configuration,configuration,3,configuration,head_parent_candidates,1.0,2025-12-17T15:05:15Z
915,8403,shard resource,resource,830,resource,head_parent_candidates,1.0,2025-12-17T15:05:15Z
916,8404,shard count,count,1026,count,head_parent_candidates,1.0,2025-12-17T15:05:15Z
917,8413,cpu management,management,4468,management,head_parent_candidates,1.0,2025-12-17T15:05:15Z
918,8418,srun oversubscribe option,option,215,option,head_parent_candidates,1.0,2025-12-17T15:05:15Z
919,8426,cpu usage,usage,53,usage,head_parent_candidates,1.0,2025-12-17T15:05:15Z
920,8437,force partition,partition,416,partition,head_parent_candidates,1.0,2025-12-17T15:05:15Z
921,8445,job memory requirement,requirement,1469,requirement,head_parent_candidates,1.0,2025-12-17T15:05:15Z
922,8488,decay factor,factor,2842,factor,head_parent_candidates,1.0,2025-12-17T15:05:15Z
923,8516,child account,account,10,account,head_parent_candidates,1.0,2025-12-17T15:05:15Z
924,8517,actual usage,usage,53,usage,head_parent_candidates,1.0,2025-12-17T15:05:15Z
925,8546,preemptor job,job,50,job,head_parent_candidates,1.0,2025-12-17T15:05:15Z
926,8551,slurm job preemption logic,logic,309,logic,head_parent_candidates,1.0,2025-12-17T15:05:15Z
927,8552,memory management parameter,parameter,268,parameter,head_parent_candidates,1.0,2025-12-17T15:05:15Z
928,8557,preemption grace time,time,42,time,head_parent_candidates,1.0,2025-12-17T15:05:15Z
929,8564,preemptable job,job,50,job,head_parent_candidates,1.0,2025-12-17T15:05:15Z
930,8569,preempted job,job,50,job,head_parent_candidates,1.0,2025-12-17T15:05:15Z
931,8642,billing tre,tre,603,tre,head_parent_candidates,1.0,2025-12-17T15:05:15Z
932,8677,install slurm,slurm,82,slurm,head_parent_candidates,1.0,2025-12-17T15:05:15Z
933,8693,installing slurm,slurm,82,slurm,head_parent_candidates,1.0,2025-12-17T15:05:15Z
934,8779,slurmd daemon execute,execute,4265,execute,head_parent_candidates,1.0,2025-12-17T15:05:15Z
935,8788,basic slurm functionality,functionality,129,functionality,head_parent_candidates,1.0,2025-12-17T15:05:15Z
936,8798,slurmctldhost entry,entry,1144,entry,head_parent_candidates,1.0,2025-12-17T15:05:15Z
937,8837,slurmdlogfile location,location,1224,location,head_parent_candidates,1.0,2025-12-17T15:05:15Z
938,8841,slurm pam module,module,3711,module,head_parent_candidates,1.0,2025-12-17T15:05:15Z
939,8850,slurm performance,performance,181,performance,head_parent_candidates,1.0,2025-12-17T15:05:15Z
940,8855,ip address slurm,slurm,82,slurm,head_parent_candidates,1.0,2025-12-17T15:05:15Z
941,8888,current slurm configuration,configuration,3,configuration,head_parent_candidates,1.0,2025-12-17T15:05:15Z
942,8899,late stable slurm,slurm,82,slurm,head_parent_candidates,1.0,2025-12-17T15:05:15Z
943,8901,pkg install slurm,slurm,82,slurm,head_parent_candidates,1.0,2025-12-17T15:05:15Z
944,8970,slurmdbd accounting,accounting,305,accounting,head_parent_candidates,1.0,2025-12-17T15:05:15Z
945,8971,slurmdb path,path,1458,path,head_parent_candidates,1.0,2025-12-17T15:05:15Z
946,8977,original slurmrestd,slurmrestd,1825,slurmrestd,head_parent_candidates,1.0,2025-12-17T15:05:15Z
947,8985,null slurmrestd,slurmrestd,1825,slurmrestd,head_parent_candidates,1.0,2025-12-17T15:05:15Z
948,8986,v0.0.41 s slurmdbd,slurmdbd,182,slurmdbd,head_parent_candidates,1.0,2025-12-17T15:05:15Z
949,9008,slurm authentication plugin,plugin,179,plugin,head_parent_candidates,1.0,2025-12-17T15:05:15Z
950,9009,slurm accounting storage plugin,plugin,179,plugin,head_parent_candidates,1.0,2025-12-17T15:05:15Z
951,9013,slurmdbd execution,execution,76,execution,head_parent_candidates,1.0,2025-12-17T15:05:15Z
952,9023,age priority,priority,13,priority,head_parent_candidates,1.0,2025-12-17T15:05:15Z
953,9027,submission request,request,146,request,head_parent_candidates,1.0,2025-12-17T15:05:15Z
954,9089,individual socket,socket,142,socket,head_parent_candidates,1.0,2025-12-17T15:05:15Z
955,9090,consumable resource type,type,363,type,head_parent_candidates,1.0,2025-12-17T15:05:15Z
956,9092,logical cpu,cpu,805,cpu,head_parent_candidates,1.0,2025-12-17T15:05:15Z
957,9134,cpu ids,ids,,ids,head_parent_candidates,1.0,2025-12-17T15:05:15Z
958,9135,slurm abstract cpu ids,ids,,ids,head_parent_candidates,1.0,2025-12-17T15:05:15Z
959,9153,unique cpu,cpu,805,cpu,head_parent_candidates,1.0,2025-12-17T15:05:15Z
960,9173,block allocation method,method,843,method,head_parent_candidates,1.0,2025-12-17T15:05:15Z
961,9175,block distribution method,method,843,method,head_parent_candidates,1.0,2025-12-17T15:05:15Z
962,9178,cyclic distribution method,method,843,method,head_parent_candidates,1.0,2025-12-17T15:05:15Z
963,9195,default port,port,319,port,head_parent_candidates,1.0,2025-12-17T15:05:15Z
964,9196,incoming request,request,146,request,head_parent_candidates,1.0,2025-12-17T15:05:15Z
965,9197,slurmctldport slurm.conf parameter,parameter,268,parameter,head_parent_candidates,1.0,2025-12-17T15:05:15Z
966,9200,slurmdbd section,section,1552,section,head_parent_candidates,1.0,2025-12-17T15:05:15Z
967,9201,slurmd section,section,1552,section,head_parent_candidates,1.0,2025-12-17T15:05:15Z
968,9207,dbdport slurmdbd.conf parameter,parameter,268,parameter,head_parent_candidates,1.0,2025-12-17T15:05:15Z
969,9210,storageport slurmdbd.conf parameter,parameter,268,parameter,head_parent_candidates,1.0,2025-12-17T15:05:15Z
970,9211,slurmctld section,section,1552,section,head_parent_candidates,1.0,2025-12-17T15:05:15Z
971,9212,slurmdport slurm.conf parameter,parameter,268,parameter,head_parent_candidates,1.0,2025-12-17T15:05:15Z
972,9216,slurmctld grant allocation,allocation,1160,allocation,head_parent_candidates,1.0,2025-12-17T15:05:15Z
973,9222,slurmstepd notifie srun,srun,1227,srun,head_parent_candidates,1.0,2025-12-17T15:05:15Z
974,9223,srun notifie slurmctld,slurmctld,201,slurmctld,head_parent_candidates,1.0,2025-12-17T15:05:15Z
975,9224,slurmctld verifie termination,termination,764,termination,head_parent_candidates,1.0,2025-12-17T15:05:15Z
976,9226,secondary slurmctld,slurmctld,201,slurmctld,head_parent_candidates,1.0,2025-12-17T15:05:15Z
977,9245,dynamic node,node,409,node,head_parent_candidates,1.0,2025-12-17T15:05:15Z
978,9285,hdf5 file,file,105,file,head_parent_candidates,1.0,2025-12-17T15:05:15Z
979,9290,step file,file,105,file,head_parent_candidates,1.0,2025-12-17T15:05:15Z
980,9292,acct_gather.conf file,file,105,file,head_parent_candidates,1.0,2025-12-17T15:05:15Z
981,9300,datum type,type,363,type,head_parent_candidates,1.0,2025-12-17T15:05:15Z
982,9346,task datum,datum,1232,datum,head_parent_candidates,1.0,2025-12-17T15:05:15Z
983,9367,date time,time,42,time,head_parent_candidates,1.0,2025-12-17T15:05:15Z
984,9390,local slurmstepd process,process,465,process,head_parent_candidates,1.0,2025-12-17T15:05:15Z
985,9400,slurm build directory,directory,1496,directory,head_parent_candidates,1.0,2025-12-17T15:05:15Z
986,9410,tim wickberg: home,home,1713,home,head_parent_candidates,1.0,2025-12-17T15:05:15Z
987,9413,nss slurm configuration,configuration,3,configuration,head_parent_candidates,1.0,2025-12-17T15:05:15Z
988,9416,nss slurm,slurm,82,slurm,head_parent_candidates,1.0,2025-12-17T15:05:15Z
989,9423,tim@blackhole srun getent s slurm group,group,584,group,head_parent_candidates,1.0,2025-12-17T15:05:15Z
990,9427,cloud node name resolution slurm,slurm,82,slurm,head_parent_candidates,1.0,2025-12-17T15:05:15Z
991,9439,single slurmd,slurmd,654,slurmd,head_parent_candidates,1.0,2025-12-17T15:05:15Z
992,9440,slurmdspooldir parameter,parameter,268,parameter,head_parent_candidates,1.0,2025-12-17T15:05:15Z
993,9441,nss_slurm.conf file,file,105,file,head_parent_candidates,1.0,2025-12-17T15:05:15Z
994,9444,slurmctld machine,machine,1832,machine,head_parent_candidates,1.0,2025-12-17T15:05:15Z
995,9450,slurm job submit plugin,plugin,179,plugin,head_parent_candidates,1.0,2025-12-17T15:05:15Z
996,9457,job submission parameter,parameter,268,parameter,head_parent_candidates,1.0,2025-12-17T15:05:15Z
997,9467,submit time slurm,slurm,82,slurm,head_parent_candidates,1.0,2025-12-17T15:05:15Z
998,9470,job parameter,parameter,268,parameter,head_parent_candidates,1.0,2025-12-17T15:05:15Z
999,9471,global datum structure,structure,2190,structure,head_parent_candidates,1.0,2025-12-17T15:05:15Z
1000,9507,slurm header file,file,105,file,head_parent_candidates,1.0,2025-12-17T15:05:15Z
1001,9519,build slurm,slurm,82,slurm,head_parent_candidates,1.0,2025-12-17T15:05:15Z
1002,9525,cp slurm,slurm,82,slurm,head_parent_candidates,1.0,2025-12-17T15:05:15Z
1003,9546,slurm scheduler api,api,1208,api,head_parent_candidates,1.0,2025-12-17T15:05:15Z
1004,9549,slurm functionality,functionality,129,functionality,head_parent_candidates,1.0,2025-12-17T15:05:15Z
1005,9566,slurm plugin library,library,2537,library,head_parent_candidates,1.0,2025-12-17T15:05:15Z
1006,9576,slurm log,log,213,log,head_parent_candidates,1.0,2025-12-17T15:05:15Z
1007,9582,situation slurm,slurm,82,slurm,head_parent_candidates,1.0,2025-12-17T15:05:15Z
1008,9593,slurm.h.in file,file,105,file,head_parent_candidates,1.0,2025-12-17T15:05:15Z
1009,9623,slurm_step_layout_t data structure,structure,2190,structure,head_parent_candidates,1.0,2025-12-17T15:05:15Z
1010,9633,slurm_step_launch_params_t data structure,structure,2190,structure,head_parent_candidates,1.0,2025-12-17T15:05:15Z
1011,9659,slurm_step_layout_req_t data structure,structure,2190,structure,head_parent_candidates,1.0,2025-12-17T15:05:15Z
1012,9661,resource specialization,specialization,,specialization,head_parent_candidates,1.0,2025-12-17T15:05:15Z
1013,9662,slurm cgroup plugin,plugin,179,plugin,head_parent_candidates,1.0,2025-12-17T15:05:15Z
1014,9681,future slurm version,version,985,version,head_parent_candidates,1.0,2025-12-17T15:05:15Z
1015,9696,slurm cgroup,cgroup,2163,cgroup,head_parent_candidates,1.0,2025-12-17T15:05:15Z
1016,9701,freezer controller,controller,709,controller,head_parent_candidates,1.0,2025-12-17T15:05:15Z
1017,9717,confine job,job,50,job,head_parent_candidates,1.0,2025-12-17T15:05:15Z
1018,9816,slurm openapi plugin release note,note,267,note,head_parent_candidates,1.0,2025-12-17T15:05:15Z
1019,9827,taskpluginparam configuration parameter,parameter,268,parameter,head_parent_candidates,1.0,2025-12-17T15:05:15Z
1020,9853,active slurmctld daemon,daemon,1268,daemon,head_parent_candidates,1.0,2025-12-17T15:05:15Z
1021,9855,grep slurmctld,slurmctld,201,slurmctld,head_parent_candidates,1.0,2025-12-17T15:05:15Z
1022,9856,slurm start,start,866,start,head_parent_candidates,1.0,2025-12-17T15:05:15Z
1023,9865,slurm.conf documentation,documentation,3650,documentation,head_parent_candidates,1.0,2025-12-17T15:05:15Z
1024,9867,slurmddebug level,level,22,level,head_parent_candidates,1.0,2025-12-17T15:05:15Z
1025,9868,slurmd.log file,file,105,file,head_parent_candidates,1.0,2025-12-17T15:05:15Z
1026,9875,change slurm.conf,slurm.conf,1593,slurm.conf,head_parent_candidates,1.0,2025-12-17T15:05:15Z
1027,9877,slurmctld msg time,time,42,time,head_parent_candidates,1.0,2025-12-17T15:05:15Z
1028,9878,consistent slurm.conf,slurm.conf,1593,slurm.conf,head_parent_candidates,1.0,2025-12-17T15:05:15Z
1029,9886,version 17.11.x slurmdbd,slurmdbd,182,slurmdbd,head_parent_candidates,1.0,2025-12-17T15:05:15Z
1030,9909,base state,state,395,state,head_parent_candidates,1.0,2025-12-17T15:05:15Z
