canonical_id,canonical_term,term_type,synonyms_json,abbreviations_json,member_term_ids_json,representative_original,original_terms_json,generic_score,is_generic,generic_reasons_json,freq_total,freq_docs,created_at,updated_at
1,slurm,,[],[],[1],Slurm,"[""Slurm""]",0.0,0,[],21,2,2026-01-26T12:31:15,2026-01-26T12:31:15
2,accounting record,,"[""Accounting records""]",[],[2],Accounting records,"[""Accounting records""]",4.0,1,"[""headword='record' is generic-ish"", ""no domain anchor in variants""]",4,1,2026-01-26T12:31:15,2026-01-26T12:31:15
6,job,,"[""jobs""]",[],[6],jobs,"[""jobs""]",2.0,0,"[""no domain anchor in variants""]",93,4,2026-01-26T12:31:15,2026-01-26T12:31:15
9,sreport,command,[],[],[9],sreport,"[""sreport""]",-1.5,0,"[""technical type reduces generic score""]",3,1,2026-01-26T12:31:15,2026-01-26T12:31:15
14,slurm configuration parameter,,"[""Slurm configuration parameters""]",[],[14],Slurm configuration parameters,"[""Slurm configuration parameters""]",2.0,0,"[""headword='parameter' is generic-ish""]",2,1,2026-01-26T12:31:15,2026-01-26T12:31:15
15,plugin,,"[""plugins""]",[],[15],plugins,"[""plugins""]",2.0,0,"[""no domain anchor in variants""]",4,1,2026-01-26T12:31:15,2026-01-26T12:31:15
22,node,,"[""nodes""]",[],[22],nodes,"[""nodes""]",2.0,0,"[""no domain anchor in variants""]",25,2,2026-01-26T12:31:15,2026-01-26T12:31:15
24,sacct,command,[],[],[24],sacct,"[""sacct""]",-1.5,0,"[""technical type reduces generic score""]",4,1,2026-01-26T12:31:15,2026-01-26T12:31:15
25,information,,[],[],[25],information,"[""information""]",6.5,1,"[""headword='information' is generic-ish"", ""no domain anchor in variants"", ""very common abstract concept (information/data)""]",23,3,2026-01-26T12:31:15,2026-01-26T12:31:15
31,file,,"[""files""]",[],[31],files,"[""files""]",5.0,1,"[""headword='file' is generic-ish"", ""short single-token generic"", ""no domain anchor in variants""]",26,2,2026-01-26T12:31:15,2026-01-26T12:31:15
32,datum,,"[""data""]",[],[32],data,"[""data""]",7.5,1,"[""headword='datum' is generic-ish"", ""short single-token generic"", ""no domain anchor in variants"", ""very common abstract concept (information/data)""]",7,1,2026-01-26T12:31:15,2026-01-26T12:31:15
36,service,,"[""services""]",[],[36],services,"[""services""]",2.0,0,"[""no domain anchor in variants""]",6,2,2026-01-26T12:31:15,2026-01-26T12:31:15
37,slurmdbd,,[],[],[37],SlurmDBD,"[""SlurmDBD""]",0.0,0,[],16,1,2026-01-26T12:31:15,2026-01-26T12:31:15
38,configuration,,[],[],[38],configuration,"[""configuration""]",4.0,1,"[""headword='configuration' is generic-ish"", ""no domain anchor in variants""]",10,2,2026-01-26T12:31:15,2026-01-26T12:31:15
39,host slurmdbd,,[],[],[39],host SlurmDBD,"[""host SlurmDBD""]",0.0,0,[],2,1,2026-01-26T12:31:15,2026-01-26T12:31:15
43,cluster,,[],[],[43],cluster,"[""cluster""]",2.0,0,"[""no domain anchor in variants""]",27,3,2026-01-26T12:31:15,2026-01-26T12:31:15
46,slurmdbd switch,,[],[],[46],slurmdbd switch,"[""slurmdbd switch""]",0.0,0,[],1,1,2026-01-26T12:31:15,2026-01-26T12:31:15
47,version slurm,,[],[],[47],version Slurm,"[""version Slurm""]",0.0,0,[],1,1,2026-01-26T12:31:15,2026-01-26T12:31:15
48,slurmctld,,[],[],[48],slurmctld,"[""slurmctld""]",0.0,0,[],5,2,2026-01-26T12:31:15,2026-01-26T12:31:15
49,internal cache slurmdbd,,[],[],[49],internal cache SlurmDBD,"[""internal cache SlurmDBD""]",0.0,0,[],1,1,2026-01-26T12:31:15,2026-01-26T12:31:15
54,number,,[],[],[54],number,"[""number""]",5.0,1,"[""headword='number' is generic-ish"", ""short single-token generic"", ""no domain anchor in variants""]",8,2,2026-01-26T12:31:15,2026-01-26T12:31:15
55,record,,"[""records""]",[],[55],records,"[""records""]",5.0,1,"[""headword='record' is generic-ish"", ""short single-token generic"", ""no domain anchor in variants""]",4,1,2026-01-26T12:31:15,2026-01-26T12:31:15
57,accounting,,[],[],[57],Accounting,"[""Accounting""]",2.0,0,"[""no domain anchor in variants""]",3,1,2026-01-26T12:31:15,2026-01-26T12:31:15
59,user,,[],[],[59],user,"[""user""]",2.0,0,"[""no domain anchor in variants""]",20,3,2026-01-26T12:31:15,2026-01-26T12:31:15
61,slurmdbd user,,"[""SlurmDBD users""]",[],[61],SlurmDBD users,"[""SlurmDBD users""]",0.0,0,[],1,1,2026-01-26T12:31:15,2026-01-26T12:31:15
62,slurmuser id cluster,,"[""SlurmUser ID clusters""]",[],[62],SlurmUser ID clusters,"[""SlurmUser ID clusters""]",0.0,0,[],1,1,2026-01-26T12:31:15,2026-01-26T12:31:15
65,parameter,,"[""Parameters""]",[],[65],Parameters,"[""Parameters""]",4.0,1,"[""headword='parameter' is generic-ish"", ""no domain anchor in variants""]",5,2,2026-01-26T12:31:15,2026-01-26T12:31:15
66,slurmdbd conf,file,"[""slurmdbd.conf""]",[],[66],slurmdbd.conf,"[""slurmdbd.conf""]",0.0,0,[],4,1,2026-01-26T12:31:15,2026-01-26T12:31:15
70,communication slurmdbd,,"[""communications SlurmDBD""]",[],[70],communications SlurmDBD,"[""communications SlurmDBD""]",0.0,0,[],1,1,2026-01-26T12:31:15,2026-01-26T12:31:15
73,node slurm,,"[""nodes Slurm""]",[],[73],nodes Slurm,"[""nodes Slurm""]",0.0,0,[],1,1,2026-01-26T12:31:15,2026-01-26T12:31:15
74,machine slurmdbd,,[],[],[74],machine SlurmDBD,"[""machine SlurmDBD""]",0.0,0,[],1,1,2026-01-26T12:31:15,2026-01-26T12:31:15
78,daemon,,"[""daemons""]",[],[78],daemons,"[""daemons""]",2.0,0,"[""no domain anchor in variants""]",7,2,2026-01-26T12:31:15,2026-01-26T12:31:15
83,option,,[],[],[83],option,"[""option""]",5.0,1,"[""headword='option' is generic-ish"", ""short single-token generic"", ""no domain anchor in variants""]",16,3,2026-01-26T12:31:15,2026-01-26T12:31:15
86,slurmdbd uid user,,"[""SlurmDBD UIDs users""]",[],[86],SlurmDBD UIDs users,"[""SlurmDBD UIDs users""]",0.0,0,[],1,1,2026-01-26T12:31:15,2026-01-26T12:31:15
92,backup instance slurmdbd,,[],[],[92],backup instance slurmdbd,"[""backup instance slurmdbd""]",0.0,0,[],1,1,2026-01-26T12:31:15,2026-01-26T12:31:15
94,primary instance slurmdbd,,[],[],[94],primary instance slurmdbd,"[""primary instance slurmdbd""]",0.0,0,[],1,1,2026-01-26T12:31:15,2026-01-26T12:31:15
95,slurm jobcomp configuration,,[],[],[95],Slurm JobComp Configuration,"[""Slurm JobComp Configuration""]",2.0,0,"[""headword='configuration' is generic-ish""]",1,1,2026-01-26T12:31:15,2026-01-26T12:31:15
103,database,,[],[],[103],database,"[""database""]",2.0,0,"[""no domain anchor in variants""]",10,1,2026-01-26T12:31:15,2026-01-26T12:31:15
104,password,,[],[],[104],password,"[""password""]",2.0,0,"[""no domain anchor in variants""]",7,2,2026-01-26T12:31:15,2026-01-26T12:31:15
110,accounting_storage slurmdbd,,[],[],[110],accounting_storage slurmdbd,"[""accounting_storage slurmdbd""]",0.0,0,[],2,1,2026-01-26T12:31:15,2026-01-26T12:31:15
112,association,,"[""associations""]",[],[112],associations,"[""associations""]",2.0,0,"[""no domain anchor in variants""]",5,1,2026-01-26T12:31:15,2026-01-26T12:31:15
114,partition,,[],[],[114],partition,"[""partition""]",2.0,0,"[""no domain anchor in variants""]",5,2,2026-01-26T12:31:15,2026-01-26T12:31:15
115,mysql,,[],[],[115],MySQL,"[""MySQL""]",2.0,0,"[""no domain anchor in variants""]",12,1,2026-01-26T12:31:15,2026-01-26T12:31:15
121,slurm configure script,,[],[],[121],slurm configure script,"[""slurm configure script""]",0.0,0,[],1,1,2026-01-26T12:31:15,2026-01-26T12:31:15
123,slurm build,,[],[],[123],slurm build,"[""slurm build""]",0.0,0,[],1,1,2026-01-26T12:31:15,2026-01-26T12:31:15
126,innodb_buffer_pool_size,,[],[],[126],innodb_buffer_pool_size,"[""innodb_buffer_pool_size""]",2.0,0,"[""no domain anchor in variants""]",3,1,2026-01-26T12:31:15,2026-01-26T12:31:15
128,problem,,"[""problems""]",[],[128],problems,"[""problems""]",2.0,0,"[""no domain anchor in variants""]",9,2,2026-01-26T12:31:15,2026-01-26T12:31:15
129,large slurm database,,"[""large Slurm databases""]",[],[129],large Slurm databases,"[""large Slurm databases""]",0.0,0,[],1,1,2026-01-26T12:31:15,2026-01-26T12:31:15
137,query,,"[""queries""]",[],[137],queries,"[""queries""]",2.0,0,"[""no domain anchor in variants""]",5,1,2026-01-26T12:31:15,2026-01-26T12:31:15
140,sec,,[],[],[140],sec,"[""sec""]",2.0,0,"[""no domain anchor in variants""]",6,1,2026-01-26T12:31:15,2026-01-26T12:31:15
147,table,,"[""tables""]",[],[147],tables,"[""tables""]",2.0,0,"[""no domain anchor in variants""]",18,3,2026-01-26T12:31:15,2026-01-26T12:31:15
151,row,,"[""rows""]",[],[151],rows,"[""rows""]",2.0,0,"[""no domain anchor in variants""]",6,1,2026-01-26T12:31:15,2026-01-26T12:31:15
159,time,,[],[],[159],time,"[""time""]",2.0,0,"[""no domain anchor in variants""]",7,2,2026-01-26T12:31:15,2026-01-26T12:31:15
173,archiving information slurmdbd,,[],[],[173],archiving information SlurmDBD,"[""archiving information SlurmDBD""]",0.0,0,[],1,1,2026-01-26T12:31:15,2026-01-26T12:31:15
185,limit,,"[""limits""]",[],[185],limits,"[""limits""]",2.0,0,"[""no domain anchor in variants""]",5,2,2026-01-26T12:31:15,2026-01-26T12:31:15
187,option association option,,"[""option associations option""]",[],[187],option associations option,"[""option associations option""]",4.0,1,"[""headword='option' is generic-ish"", ""no domain anchor in variants""]",3,1,2026-01-26T12:31:15,2026-01-26T12:31:15
189,qos,,[],[],[189],qos,"[""qos""]",2.0,0,"[""no domain anchor in variants""]",3,1,2026-01-26T12:31:15,2026-01-26T12:31:15
208,slurm cluster,,[],[],[208],Slurm cluster,"[""Slurm cluster""]",0.0,0,[],1,1,2026-01-26T12:31:15,2026-01-26T12:31:15
209,list external slurmdbd,,"[""list external slurmdbds""]",[],[209],list external slurmdbds,"[""list external slurmdbds""]",0.0,0,[],1,1,2026-01-26T12:31:15,2026-01-26T12:31:15
212,external slurmdbd,,[],[],[212],external slurmdbd,"[""external slurmdbd""]",0.0,0,[],1,1,2026-01-26T12:31:15,2026-01-26T12:31:15
214,external slurmdbd slurmctld,,[],[],[214],external slurmdbd slurmctld,"[""external slurmdbd slurmctld""]",0.0,0,[],1,1,2026-01-26T12:31:15,2026-01-26T12:31:15
215,address host slurmdbd,,[],[],[215],address host SlurmDBD,"[""address host SlurmDBD""]",0.0,0,[],1,1,2026-01-26T12:31:15,2026-01-26T12:31:15
223,unique slurm,,[],[],[223],unique Slurm,"[""unique Slurm""]",0.0,0,[],1,1,2026-01-26T12:31:15,2026-01-26T12:31:15
228,slurmdbd configuration,,[],[],[228],SlurmDBD Configuration,"[""SlurmDBD Configuration""]",2.0,0,"[""headword='configuration' is generic-ish""]",1,1,2026-01-26T12:31:15,2026-01-26T12:31:15
229,configuration file,,[],[],[229],configuration file,"[""configuration file""]",4.0,1,"[""headword='file' is generic-ish"", ""no domain anchor in variants""]",17,2,2026-01-26T12:31:15,2026-01-26T12:31:15
230,file computer slurmdbd,,[],[],[230],file computer SlurmDBD,"[""file computer SlurmDBD""]",0.0,0,[],1,1,2026-01-26T12:31:15,2026-01-26T12:31:15
247,slurm plugin,,"[""Slurm plugins""]",[],[247],Slurm plugins,"[""Slurm plugins""]",0.0,0,[],1,1,2026-01-26T12:31:15,2026-01-26T12:31:15
252,lib slurm,,[],[],[252],lib slurm,"[""lib slurm""]",0.0,0,[],1,1,2026-01-26T12:31:15,2026-01-26T12:31:15
255,slurmuser cluster,,"[""SlurmUser clusters""]",[],[255],SlurmUser clusters,"[""SlurmUser clusters""]",0.0,0,[],1,1,2026-01-26T12:31:15,2026-01-26T12:31:15
256,slurmdbd note,,[],[],[256],SlurmDBD NOTE,"[""SlurmDBD NOTE""]",0.0,0,[],1,1,2026-01-26T12:31:15,2026-01-26T12:31:15
261,storageloc,,[],[],[261],StorageLoc,"[""StorageLoc""]",2.0,0,"[""no domain anchor in variants""]",3,1,2026-01-26T12:31:15,2026-01-26T12:31:15
275,root,,[],[],[275],root,"[""root""]",2.0,0,"[""no domain anchor in variants""]",6,2,2026-01-26T12:31:15,2026-01-26T12:31:15
281,command,,"[""Commands""]",[],[281],Commands,"[""Commands""]",2.0,0,"[""no domain anchor in variants""]",45,2,2026-01-26T12:31:15,2026-01-26T12:31:15
288,user slurm'@'localhost,,[],[],[288],user slurm'@'localhost,"[""user slurm'@'localhost""]",0.0,0,[],1,1,2026-01-26T12:31:15,2026-01-26T12:31:15
289,slurm_acct_db,,[],[],[289],slurm_acct_db,"[""slurm_acct_db""]",0.0,0,[],4,1,2026-01-26T12:31:15,2026-01-26T12:31:15
291,slurm'@'system,,[],[],[291],slurm'@'system,"[""slurm'@'system""]",0.0,0,[],2,1,2026-01-26T12:31:15,2026-01-26T12:31:15
297,comment,,[],[],[297],Comment,"[""Comment""]",2.0,0,"[""no domain anchor in variants""]",15,2,2026-01-26T12:31:15,2026-01-26T12:31:15
300,database slurm_acct_db,,[],[],[300],database slurm_acct_db,"[""database slurm_acct_db""]",0.0,0,[],1,1,2026-01-26T12:31:15,2026-01-26T12:31:15
303,slurmdbd slurm daemon,,"[""SlurmDBD Slurm daemons""]",[],[303],SlurmDBD Slurm daemons,"[""SlurmDBD Slurm daemons""]",0.0,0,[],1,1,2026-01-26T12:31:15,2026-01-26T12:31:15
304,sbin slurmdbd,,[],[],[304],sbin slurmdbd,"[""sbin slurmdbd""]",0.0,0,[],1,1,2026-01-26T12:31:15,2026-01-26T12:31:15
305,init d slurmdbd start,,"[""init.d slurmdbd start""]",[],[305],init.d slurmdbd start,"[""init.d slurmdbd start""]",0.0,0,[],1,1,2026-01-26T12:31:15,2026-01-26T12:31:15
307,grep slurmdbd,,[],[],[307],grep slurmdbd,"[""grep slurmdbd""]",0.0,0,[],1,1,2026-01-26T12:31:15,2026-01-26T12:31:15
308,slurmdbd detailed information,,[],[],[308],SlurmDBD detailed information,"[""SlurmDBD detailed information""]",4.5,1,"[""headword='information' is generic-ish"", ""very common abstract concept (information/data)""]",1,1,2026-01-26T12:31:15,2026-01-26T12:31:15
310,slurmdbd archive purge,,[],[],[310],SlurmDBD Archive Purge,"[""SlurmDBD Archive Purge""]",0.0,0,[],1,1,2026-01-26T12:31:15,2026-01-26T12:31:15
311,slurm database,,[],[],[311],slurm database,"[""slurm database""]",0.0,0,[],2,1,2026-01-26T12:31:15,2026-01-26T12:31:15
314,slurmdbd sacctmgr,,[],[],[314],slurmdbd sacctmgr,"[""slurmdbd sacctmgr""]",0.0,0,[],1,1,2026-01-26T12:31:15,2026-01-26T12:31:15
326,archive slurmdbd,,[],[],[326],archive slurmdbd,"[""archive slurmdbd""]",0.0,0,[],1,1,2026-01-26T12:31:15,2026-01-26T12:31:15
327,mysqldump,,[],[],[327],mysqldump,"[""mysqldump""]",2.0,0,"[""no domain anchor in variants""]",4,1,2026-01-26T12:31:15,2026-01-26T12:31:15
337,datum slurmdbd daemon,,"[""data SlurmDBD daemon""]",[],[337],data SlurmDBD daemon,"[""data SlurmDBD daemon""]",0.0,0,[],1,1,2026-01-26T12:31:15,2026-01-26T12:31:15
348,performance metric slurm,,"[""performance metrics Slurm""]",[],[348],performance metrics Slurm,"[""performance metrics Slurm""]",0.0,0,[],1,1,2026-01-26T12:31:15,2026-01-26T12:31:15
353,account,,"[""accounts""]",[],[353],accounts,"[""accounts""]",2.0,0,"[""no domain anchor in variants""]",7,1,2026-01-26T12:31:15,2026-01-26T12:31:15
359,test,,[],[],[359],test,"[""test""]",2.0,0,"[""no domain anchor in variants""]",3,1,2026-01-26T12:31:15,2026-01-26T12:31:15
360,sacctmgr,,[],[],[360],sacctmgr,"[""sacctmgr""]",2.0,0,"[""no domain anchor in variants""]",4,1,2026-01-26T12:31:15,2026-01-26T12:31:15
393,slurmctld user,,"[""slurmctld users""]",[],[393],slurmctld users,"[""slurmctld users""]",0.0,0,[],1,1,2026-01-26T12:31:15,2026-01-26T12:31:15
402,entity,,"[""entities""]",[],[402],entities,"[""entities""]",2.0,0,"[""no domain anchor in variants""]",4,1,2026-01-26T12:31:15,2026-01-26T12:31:15
404,slurm daemon,,"[""Slurm daemons""]",[],[404],Slurm daemons,"[""Slurm daemons""]",0.0,0,[],1,1,2026-01-26T12:31:15,2026-01-26T12:31:15
412,slurm accounting,,[],[],[412],Slurm accounting,"[""Slurm accounting""]",0.0,0,[],2,2,2026-01-26T12:31:15,2026-01-26T12:31:15
428,task,,"[""tasks""]",[],[428],tasks,"[""tasks""]",2.0,0,"[""no domain anchor in variants""]",49,4,2026-01-26T12:31:15,2026-01-26T12:31:15
444,lsf cluster overview,,[],[],[444],LSF cluster overview,"[""LSF cluster overview""]",0.0,0,[],2,1,2026-01-26T12:31:15,2026-01-26T12:31:15
445,lsf,,"[""default LSF""]","[""LSF""]","[445, 607]",LSF,"[""LSF"", ""default LSF""]",0.0,0,[],57,2,2026-01-26T12:31:15,2026-01-26T12:31:15
446,lsf statu,,"[""LSF status""]",[],[446],LSF status,"[""LSF status""]",0.0,0,[],4,1,2026-01-26T12:31:15,2026-01-26T12:31:15
447,lsf job,,"[""LSF jobs""]",[],[447],LSF jobs,"[""LSF jobs""]",0.0,0,[],5,1,2026-01-26T12:31:15,2026-01-26T12:31:15
448,lsf problem,,"[""LSF problems"", ""common LSF problems""]",[],"[448, 449]",LSF problems,"[""LSF problems"", ""common LSF problems""]",0.0,0,[],11,1,2026-01-26T12:31:15,2026-01-26T12:31:15
450,lsf error message,,"[""LSF error messages""]",[],[450],LSF error messages,"[""LSF error messages""]",0.0,0,[],4,1,2026-01-26T12:31:15,2026-01-26T12:31:15
453,lsf term concept,,"[""LSF terms concepts""]",[],[453],LSF terms concepts,"[""LSF terms concepts""]",0.0,0,[],2,1,2026-01-26T12:31:15,2026-01-26T12:31:15
456,lsf configuration,,[],[],[456],LSF configuration,"[""LSF configuration""]",2.0,0,"[""headword='configuration' is generic-ish""]",4,1,2026-01-26T12:31:15,2026-01-26T12:31:15
467,lsf system,,[],[],[467],LSF system,"[""LSF system""]",2.0,0,"[""headword='system' is generic-ish""]",3,1,2026-01-26T12:31:15,2026-01-26T12:31:15
469,error,,"[""errors""]",[],[469],errors,"[""errors""]",2.0,0,"[""no domain anchor in variants""]",28,1,2026-01-26T12:31:15,2026-01-26T12:31:15
470,mbatchd daemon,,[],[],[470],mbatchd daemon,"[""mbatchd daemon""]",2.0,0,"[""no domain anchor in variants""]",7,1,2026-01-26T12:31:15,2026-01-26T12:31:15
475,kill signal lsf,,[],[],[475],kill signal LSF,"[""kill signal LSF""]",0.0,0,[],1,1,2026-01-26T12:31:15,2026-01-26T12:31:15
481,remove_hung_jobs_for,config,[],"[""REMOVE_HUNG_JOBS_FOR""]",[481],REMOVE_HUNG_JOBS_FOR,"[""REMOVE_HUNG_JOBS_FOR""]",0.0,0,[],1,1,2026-01-26T12:31:15,2026-01-26T12:31:15
482,job lsf,,[],[],[482],job LSF,"[""job LSF""]",0.0,0,[],4,1,2026-01-26T12:31:15,2026-01-26T12:31:15
488,procedure,,[],[],[488],procedure,"[""procedure""]",2.0,0,"[""no domain anchor in variants""]",30,2,2026-01-26T12:31:15,2026-01-26T12:31:15
489,host,,[],[],[489],Host,"[""Host""]",2.0,0,"[""no domain anchor in variants""]",49,1,2026-01-26T12:31:15,2026-01-26T12:31:15
496,lsf schedule control,,"[""LSF schedules controls""]",[],[496],LSF schedules controls,"[""LSF schedules controls""]",0.0,0,[],1,1,2026-01-26T12:31:15,2026-01-26T12:31:15
499,queue lsf,,[],[],[499],queue LSF,"[""queue LSF""]",0.0,0,[],1,1,2026-01-26T12:31:15,2026-01-26T12:31:15
509,resource,,"[""resources""]",[],[509],resources,"[""resources""]",2.0,0,"[""no domain anchor in variants""]",30,2,2026-01-26T12:31:15,2026-01-26T12:31:15
511,load,,[],[],[511],load,"[""load""]",2.0,0,"[""no domain anchor in variants""]",3,1,2026-01-26T12:31:15,2026-01-26T12:31:15
516,host lsf,,"[""Hosts LSF""]",[],[516],Hosts LSF,"[""Hosts LSF""]",0.0,0,[],4,1,2026-01-26T12:31:15,2026-01-26T12:31:15
517,host type,,[],[],[517],Host type,"[""Host type""]",4.0,1,"[""headword='type' is generic-ish"", ""no domain anchor in variants""]",8,1,2026-01-26T12:31:15,2026-01-26T12:31:15
522,cpu factor,,[],[],[522],CPU factor,"[""CPU factor""]",2.0,0,"[""no domain anchor in variants""]",3,1,2026-01-26T12:31:15,2026-01-26T12:31:15
527,lsf system resource,,"[""LSF system resources""]",[],[527],LSF system resources,"[""LSF system resources""]",0.0,0,[],1,1,2026-01-26T12:31:15,2026-01-26T12:31:15
533,load index,,"[""Load indices""]",[],[533],Load indices,"[""Load indices""]",2.0,0,"[""no domain anchor in variants""]",7,1,2026-01-26T12:31:15,2026-01-26T12:31:15
534,lim,,[],"[""LIM""]",[534],LIM,"[""LIM""]",2.0,0,"[""no domain anchor in variants""]",36,1,2026-01-26T12:31:15,2026-01-26T12:31:15
538,lsf administrator,,[],[],[538],LSF administrator,"[""LSF administrator""]",0.0,0,[],6,1,2026-01-26T12:31:15,2026-01-26T12:31:15
539,elim,,[],"[""ELIM""]",[539],ELIM,"[""ELIM""]",2.0,0,"[""no domain anchor in variants""]",10,1,2026-01-26T12:31:15,2026-01-26T12:31:15
540,static resource,,"[""Static resources""]",[],[540],Static resources,"[""Static resources""]",2.0,0,"[""no domain anchor in variants""]",3,1,2026-01-26T12:31:15,2026-01-26T12:31:15
565,lsf host,,"[""LSF hosts""]",[],[565],LSF hosts,"[""LSF hosts""]",0.0,0,[],2,1,2026-01-26T12:31:15,2026-01-26T12:31:15
566,lsf server host,,"[""LSF server hosts""]",[],[566],LSF server hosts,"[""LSF server hosts""]",0.0,0,[],3,1,2026-01-26T12:31:15,2026-01-26T12:31:15
567,lsf_confdir lsf.cluster.cluster_name file,,[],[],[567],LSF_CONFDIR lsf.cluster.cluster_name file,"[""LSF_CONFDIR lsf.cluster.cluster_name file""]",2.0,0,"[""headword='file' is generic-ish""]",4,1,2026-01-26T12:31:15,2026-01-26T12:31:15
568,lsf client host,,"[""LSF client hosts""]",[],[568],LSF client hosts,"[""LSF client hosts""]",0.0,0,[],2,1,2026-01-26T12:31:15,2026-01-26T12:31:15
573,unix system lsf,,"[""UNIX systems LSF""]",[],[573],UNIX systems LSF,"[""UNIX systems LSF""]",0.0,0,[],1,1,2026-01-26T12:31:15,2026-01-26T12:31:15
581,lsf file,,"[""LSF files""]",[],[581],LSF files,"[""LSF files""]",2.0,0,"[""headword='file' is generic-ish""]",1,1,2026-01-26T12:31:15,2026-01-26T12:31:15
583,lsf network,,"[""LSF networks""]",[],[583],LSF networks,"[""LSF networks""]",0.0,0,[],2,1,2026-01-26T12:31:15,2026-01-26T12:31:15
592,figure,,[],[],[592],figure,"[""figure""]",2.0,0,"[""no domain anchor in variants""]",4,1,2026-01-26T12:31:15,2026-01-26T12:31:15
594,lsf_confdir lsf.conf,file,[],[],[594],LSF_CONFDIR lsf.conf,"[""LSF_CONFDIR lsf.conf""]",-1.5,0,"[""technical type reduces generic score""]",2,1,2026-01-26T12:31:15,2026-01-26T12:31:15
595,lsf_confdir lsf.cluster.cluster_name,,[],[],[595],LSF_CONFDIR lsf.cluster.cluster_name,"[""LSF_CONFDIR lsf.cluster.cluster_name""]",0.0,0,[],1,1,2026-01-26T12:31:15,2026-01-26T12:31:15
596,lsf_confdir,config,[],"[""LSF_CONFDIR""]",[596],LSF_CONFDIR,"[""LSF_CONFDIR""]",0.0,0,[],2,1,2026-01-26T12:31:15,2026-01-26T12:31:15
603,lsf conf,file,"[""lsf.conf""]",[],[603],lsf.conf,"[""lsf.conf""]",0.0,0,[],2,1,2026-01-26T12:31:15,2026-01-26T12:31:15
604,important file lsf,,[],[],[604],important file LSF,"[""important file LSF""]",0.0,0,[],1,1,2026-01-26T12:31:15,2026-01-26T12:31:15
605,location lsf conf file,,"[""location lsf.conf file""]",[],[605],location lsf.conf file,"[""location lsf.conf file""]",2.0,0,"[""headword='file' is generic-ish""]",1,1,2026-01-26T12:31:15,2026-01-26T12:31:15
606,lsf_envdir variable,,[],[],[606],LSF_ENVDIR variable,"[""LSF_ENVDIR variable""]",0.0,0,[],1,1,2026-01-26T12:31:15,2026-01-26T12:31:15
608,directory,,[],[],[608],directory,"[""directory""]",4.0,1,"[""headword='directory' is generic-ish"", ""no domain anchor in variants""]",9,1,2026-01-26T12:31:15,2026-01-26T12:31:15
609,lsf conf file,,"[""lsf.conf file""]",[],[609],lsf.conf file,"[""lsf.conf file""]",2.0,0,"[""headword='file' is generic-ish""]",6,2,2026-01-26T12:31:15,2026-01-26T12:31:15
610,lsf_envdir lsf,,[],[],[610],LSF_ENVDIR LSF,"[""LSF_ENVDIR LSF""]",0.0,0,[],1,1,2026-01-26T12:31:15,2026-01-26T12:31:15
611,lsf cluster cluster_name,,"[""lsf.cluster.cluster_name""]",[],[611],lsf.cluster.cluster_name,"[""lsf.cluster.cluster_name""]",0.0,0,[],1,1,2026-01-26T12:31:15,2026-01-26T12:31:15
615,keyword,,"[""keywords""]",[],[615],keywords,"[""keywords""]",2.0,0,"[""no domain anchor in variants""]",3,1,2026-01-26T12:31:15,2026-01-26T12:31:15
619,kernel ego conf,file,"[""kernel ego.conf""]",[],[619],kernel ego.conf,"[""kernel ego.conf""]",0.0,0,[],1,1,2026-01-26T12:31:15,2026-01-26T12:31:15
630,lsf_logdir lsf_confdir lsf.conf,file,[],[],[630],LSF_LOGDIR LSF_CONFDIR lsf.conf,"[""LSF_LOGDIR LSF_CONFDIR lsf.conf""]",-1.5,0,"[""technical type reduces generic score""]",1,1,2026-01-26T12:31:15,2026-01-26T12:31:15
631,lsf_logdir,config,[],"[""LSF_LOGDIR""]",[631],LSF_LOGDIR,"[""LSF_LOGDIR""]",0.0,0,[],1,1,2026-01-26T12:31:15,2026-01-26T12:31:15
632,lsf server,,[],[],[632],LSF server,"[""LSF server""]",0.0,0,[],1,1,2026-01-26T12:31:15,2026-01-26T12:31:15
633,work lsf,,[],[],[633],Work LSF,"[""Work LSF""]",0.0,0,[],1,1,2026-01-26T12:31:15,2026-01-26T12:31:15
635,lsf administration,,[],[],[635],LSF administration,"[""LSF administration""]",0.0,0,[],6,1,2026-01-26T12:31:15,2026-01-26T12:31:15
636,lsadmin badmin,,[],[],[636],lsadmin badmin,"[""lsadmin badmin""]",2.0,0,"[""no domain anchor in variants""]",3,1,2026-01-26T12:31:15,2026-01-26T12:31:15
638,bjob,,"[""bjobs""]",[],[638],bjobs,"[""bjobs""]",0.0,0,[],8,1,2026-01-26T12:31:15,2026-01-26T12:31:15
641,configure lsf startup,,[],[],[641],Configure LSF startup,"[""Configure LSF startup""]",0.0,0,[],3,1,2026-01-26T12:31:15,2026-01-26T12:31:15
642,lsf daemon,,"[""LSF daemons""]",[],[642],LSF daemons,"[""LSF daemons""]",0.0,0,[],19,1,2026-01-26T12:31:15,2026-01-26T12:31:15
643,lsadmin command,,[],[],[643],lsadmin command,"[""lsadmin command""]",2.0,0,"[""no domain anchor in variants""]",3,1,2026-01-26T12:31:15,2026-01-26T12:31:15
647,lsfinstall command,,[],[],[647],lsfinstall command,"[""lsfinstall command""]",0.0,0,[],3,1,2026-01-26T12:31:15,2026-01-26T12:31:15
651,lsf sudoer file,,"[""lsf.sudoers file""]",[],[651],lsf.sudoers file,"[""lsf.sudoers file""]",2.0,0,"[""headword='file' is generic-ish""]",6,1,2026-01-26T12:31:15,2026-01-26T12:31:15
653,lsadmin badmin command,,"[""lsadmin badmin commands""]",[],[653],lsadmin badmin commands,"[""lsadmin badmin commands""]",2.0,0,"[""no domain anchor in variants""]",7,1,2026-01-26T12:31:15,2026-01-26T12:31:15
656,lsf environment,,[],[],[656],LSF environment,"[""LSF environment""]",0.0,0,[],5,1,2026-01-26T12:31:15,2026-01-26T12:31:15
660,file cshrc lsf,,"[""files cshrc.lsf""]",[],[660],files cshrc.lsf,"[""files cshrc.lsf""]",0.0,0,[],1,1,2026-01-26T12:31:15,2026-01-26T12:31:15
661,installation lsfinstall command,,[],[],[661],installation lsfinstall command,"[""installation lsfinstall command""]",0.0,0,[],1,1,2026-01-26T12:31:15,2026-01-26T12:31:15
662,lsf operating environment,,[],[],[662],LSF operating environment,"[""LSF operating environment""]",0.0,0,[],1,1,2026-01-26T12:31:15,2026-01-26T12:31:15
663,primary lsf administrator,,[],[],[663],primary LSF administrator,"[""primary LSF administrator""]",0.0,0,[],4,1,2026-01-26T12:31:15,2026-01-26T12:31:15
664,lsf management host,,[],[],[664],LSF management host,"[""LSF management host""]",0.0,0,[],3,1,2026-01-26T12:31:15,2026-01-26T12:31:15
665,step lsf host,,"[""steps LSF hosts""]",[],[665],steps LSF hosts,"[""steps LSF hosts""]",0.0,0,[],2,1,2026-01-26T12:31:15,2026-01-26T12:31:15
666,lsf cluster,,[],[],[666],LSF cluster,"[""LSF cluster""]",0.0,0,[],5,2,2026-01-26T12:31:15,2026-01-26T12:31:15
667,bctrld,,[],[],[667],bctrld,"[""bctrld""]",2.0,0,"[""no domain anchor in variants""]",5,1,2026-01-26T12:31:15,2026-01-26T12:31:15
670,lsf command,,"[""LSF commands""]",[],[670],LSF commands,"[""LSF commands""]",0.0,0,[],6,1,2026-01-26T12:31:15,2026-01-26T12:31:15
676,lsf configuration file,,"[""LSF configuration files""]",[],[676],LSF configuration files,"[""LSF configuration files""]",2.0,0,"[""headword='file' is generic-ish""]",2,1,2026-01-26T12:31:15,2026-01-26T12:31:15
677,lsadmin reconfig,,[],[],[677],lsadmin reconfig,"[""lsadmin reconfig""]",2.0,0,"[""no domain anchor in variants""]",4,1,2026-01-26T12:31:15,2026-01-26T12:31:15
678,mbatchd,,[],[],[678],mbatchd,"[""mbatchd""]",2.0,0,"[""no domain anchor in variants""]",5,1,2026-01-26T12:31:15,2026-01-26T12:31:15
681,command output,,[],[],[681],command output,"[""command output""]",2.0,0,"[""no domain anchor in variants""]",3,1,2026-01-26T12:31:15,2026-01-26T12:31:15
683,command lsf host,,"[""commands LSF host""]",[],[683],commands LSF host,"[""commands LSF host""]",0.0,0,[],1,1,2026-01-26T12:31:15,2026-01-26T12:31:15
684,operation lsf cluster,,[],[],[684],operation LSF cluster,"[""operation LSF cluster""]",0.0,0,[],2,1,2026-01-26T12:31:15,2026-01-26T12:31:15
685,lsf daemon lim,,"[""LSF daemons lim""]",[],[685],LSF daemons lim,"[""LSF daemons lim""]",0.0,0,[],4,1,2026-01-26T12:31:15,2026-01-26T12:31:15
686,lsid command,,[],[],[686],lsid command,"[""lsid command""]",2.0,0,"[""no domain anchor in variants""]",5,1,2026-01-26T12:31:15,2026-01-26T12:31:15
687,lsload command,,[],[],[687],lsload command,"[""lsload command""]",2.0,0,"[""no domain anchor in variants""]",3,1,2026-01-26T12:31:15,2026-01-26T12:31:15
689,bhost,,"[""bhosts""]",[],[689],bhosts,"[""bhosts""]",2.0,0,"[""no domain anchor in variants""]",5,1,2026-01-26T12:31:15,2026-01-26T12:31:15
690,bqueue command,,"[""bqueues command""]",[],[690],bqueues command,"[""bqueues command""]",0.0,0,[],5,1,2026-01-26T12:31:15,2026-01-26T12:31:15
695,message,,"[""messages""]",[],[695],messages,"[""messages""]",2.0,0,"[""no domain anchor in variants""]",19,1,2026-01-26T12:31:15,2026-01-26T12:31:15
696,problem lsf,,"[""problems LSF""]",[],[696],problems LSF,"[""problems LSF""]",0.0,0,[],1,1,2026-01-26T12:31:15,2026-01-26T12:31:15
698,v,,"[""-v""]",[],[698],-v,"[""-v""]",2.0,0,"[""no domain anchor in variants""]",3,1,2026-01-26T12:31:15,2026-01-26T12:31:15
703,lsf conf lsf conf,file,"[""lsf conf lsf.conf""]",[],[703],lsf conf lsf.conf,"[""lsf conf lsf.conf""]",0.0,0,[],1,1,2026-01-26T12:31:15,2026-01-26T12:31:15
704,aug,,[],[],[704],Aug,"[""Aug""]",2.0,0,"[""no domain anchor in variants""]",8,1,2026-01-26T12:31:15,2026-01-26T12:31:15
716,cshrc lsf,,"[""cshrc.lsf""]",[],[716],cshrc.lsf,"[""cshrc.lsf""]",0.0,0,[],2,1,2026-01-26T12:31:15,2026-01-26T12:31:15
717,profile lsf file,,"[""profile.lsf file""]",[],[717],profile.lsf file,"[""profile.lsf file""]",2.0,0,"[""headword='file' is generic-ish""]",2,1,2026-01-26T12:31:15,2026-01-26T12:31:15
724,hosta,,[],[],[724],hosta,"[""hosta""]",2.0,0,"[""no domain anchor in variants""]",8,1,2026-01-26T12:31:15,2026-01-26T12:31:15
732,troubleshooting lsf problem,,"[""Troubleshooting LSF problems""]",[],[732],Troubleshooting LSF problems,"[""Troubleshooting LSF problems""]",0.0,0,[],1,1,2026-01-26T12:31:15,2026-01-26T12:31:15
736,badmin ckconfig command,,[],[],[736],badmin ckconfig command,"[""badmin ckconfig command""]",2.0,0,"[""no domain anchor in variants""]",3,1,2026-01-26T12:31:15,2026-01-26T12:31:15
751,hostb,,[],[],[751],hostb,"[""hostb""]",2.0,0,"[""no domain anchor in variants""]",4,1,2026-01-26T12:31:15,2026-01-26T12:31:15
752,hostc,,[],[],[752],hostc,"[""hostc""]",2.0,0,"[""no domain anchor in variants""]",5,1,2026-01-26T12:31:15,2026-01-26T12:31:15
756,lsf queue,,"[""LSF queues""]",[],[756],LSF queues,"[""LSF queues""]",0.0,0,[],3,2,2026-01-26T12:31:15,2026-01-26T12:31:15
757,queue,,[],[],[757],queue,"[""queue""]",2.0,0,"[""no domain anchor in variants""]",22,2,2026-01-26T12:31:15,2026-01-26T12:31:15
762,license,,[],[],[762],license,"[""license""]",2.0,0,"[""no domain anchor in variants""]",10,1,2026-01-26T12:31:15,2026-01-26T12:31:15
765,l,,"[""-l""]",[],[765],-l,"[""-l""]",2.0,0,"[""no domain anchor in variants""]",5,1,2026-01-26T12:31:15,2026-01-26T12:31:15
775,threshold lsf,,[],[],[775],threshold LSF,"[""threshold LSF""]",0.0,0,[],1,1,2026-01-26T12:31:15,2026-01-26T12:31:15
776,loadstop threshold lsf,,[],[],[776],loadStop threshold LSF,"[""loadStop threshold LSF""]",0.0,0,[],1,1,2026-01-26T12:31:15,2026-01-26T12:31:15
779,bsub,,[],[],[779],bsub,"[""bsub""]",0.0,0,[],5,1,2026-01-26T12:31:15,2026-01-26T12:31:15
781,lsrun command,,[],[],[781],lsrun command,"[""lsrun command""]",2.0,0,"[""no domain anchor in variants""]",3,1,2026-01-26T12:31:15,2026-01-26T12:31:15
787,application lsf,,"[""applications LSF""]",[],[787],applications LSF,"[""applications LSF""]",0.0,0,[],3,1,2026-01-26T12:31:15,2026-01-26T12:31:15
789,lsf job execution,,[],[],[789],LSF Job Execution,"[""LSF Job Execution""]",0.0,0,[],1,1,2026-01-26T12:31:15,2026-01-26T12:31:15
790,lsf command reference,,[],[],[790],LSF Command Reference,"[""LSF Command Reference""]",0.0,0,[],1,1,2026-01-26T12:31:15,2026-01-26T12:31:15
791,q,,"[""-q""]",[],[791],-q,"[""-q""]",2.0,0,"[""no domain anchor in variants""]",6,1,2026-01-26T12:31:15,2026-01-26T12:31:15
793,lsf job output,,[],[],[793],LSF job output,"[""LSF job output""]",0.0,0,[],1,1,2026-01-26T12:31:15,2026-01-26T12:31:15
795,e,,"[""-e""]",[],[795],-e,"[""-e""]",2.0,0,"[""no domain anchor in variants""]",3,1,2026-01-26T12:31:15,2026-01-26T12:31:15
801,interactive job lsf,,[],[],[801],interactive job LSF,"[""interactive job LSF""]",0.0,0,[],1,1,2026-01-26T12:31:15,2026-01-26T12:31:15
806,statu lsf job,,"[""status LSF job""]",[],[806],status LSF job,"[""status LSF job""]",0.0,0,[],1,1,2026-01-26T12:31:15,2026-01-26T12:31:15
807,job_name,config,[],"[""JOB_NAME""]",[807],JOB_NAME,"[""JOB_NAME""]",0.0,0,[],4,1,2026-01-26T12:31:15,2026-01-26T12:31:15
808,jun,,[],[],[808],Jun,"[""Jun""]",2.0,0,"[""no domain anchor in variants""]",3,1,2026-01-26T12:31:15,2026-01-26T12:31:15
816,running job,,[],[],[816],running job,"[""running job""]",2.0,0,"[""no domain anchor in variants""]",3,1,2026-01-26T12:31:15,2026-01-26T12:31:15
822,job lsf administrator,,"[""jobs LSF administrators""]",[],[822],jobs LSF administrators,"[""jobs LSF administrators""]",0.0,0,[],1,1,2026-01-26T12:31:15,2026-01-26T12:31:15
828,lsf local host,,[],[],[828],LSF local host,"[""LSF local host""]",0.0,0,[],1,1,2026-01-26T12:31:15,2026-01-26T12:31:15
829,root lsf,,[],[],[829],root lsf,"[""root lsf""]",0.0,0,[],2,1,2026-01-26T12:31:15,2026-01-26T12:31:15
832,lsfadmin lsf,,[],[],[832],lsfadmin lsf,"[""lsfadmin lsf""]",0.0,0,[],1,1,2026-01-26T12:31:15,2026-01-26T12:31:15
834,nov,,[],[],[834],Nov,"[""Nov""]",2.0,0,"[""no domain anchor in variants""]",3,1,2026-01-26T12:31:15,2026-01-26T12:31:15
835,profile lsf,,"[""profile.lsf""]",[],[835],profile.lsf,"[""profile.lsf""]",0.0,0,[],1,1,2026-01-26T12:31:15,2026-01-26T12:31:15
846,application,,[],[],[846],application,"[""application""]",2.0,0,"[""no domain anchor in variants""]",3,1,2026-01-26T12:31:15,2026-01-26T12:31:15
850,script,,[],[],[850],script,"[""script""]",2.0,0,"[""no domain anchor in variants""]",3,1,2026-01-26T12:31:15,2026-01-26T12:31:15
851,job abc_real lsf,,[],[],[851],job abc_real LSF,"[""job abc_real LSF""]",0.0,0,[],1,1,2026-01-26T12:31:15,2026-01-26T12:31:15
860,lsf user,,"[""LSF users""]",[],[860],LSF users,"[""LSF users""]",0.0,0,[],2,1,2026-01-26T12:31:15,2026-01-26T12:31:15
861,cshrc lsf profile lsf file,,"[""cshrc.lsf profile.lsf file""]",[],[861],cshrc.lsf profile.lsf file,"[""cshrc.lsf profile.lsf file""]",2.0,0,"[""headword='file' is generic-ish""]",2,1,2026-01-26T12:31:15,2026-01-26T12:31:15
862,host cluster,,[],[],[862],host cluster,"[""host cluster""]",2.0,0,"[""no domain anchor in variants""]",9,1,2026-01-26T12:31:15,2026-01-26T12:31:15
866,queue definition,,[],[],[866],queue definition,"[""queue definition""]",2.0,0,"[""no domain anchor in variants""]",6,1,2026-01-26T12:31:15,2026-01-26T12:31:15
868,lsf environment user,,"[""LSF environment users""]",[],[868],LSF environment users,"[""LSF environment users""]",0.0,0,[],1,1,2026-01-26T12:31:15,2026-01-26T12:31:15
870,lsf_confdir cshrc.lsf,,[],[],[870],LSF_CONFDIR cshrc.lsf,"[""LSF_CONFDIR cshrc.lsf""]",0.0,0,[],1,1,2026-01-26T12:31:15,2026-01-26T12:31:15
871,lsf_confdir profile.lsf,,[],[],[871],LSF_CONFDIR profile.lsf,"[""LSF_CONFDIR profile.lsf""]",0.0,0,[],1,1,2026-01-26T12:31:15,2026-01-26T12:31:15
872,cshrc lsf file,,"[""cshrc.lsf file""]",[],[872],cshrc.lsf file,"[""cshrc.lsf file""]",2.0,0,"[""headword='file' is generic-ish""]",1,1,2026-01-26T12:31:15,2026-01-26T12:31:15
875,line,,[],[],[875],line,"[""line""]",2.0,0,"[""no domain anchor in variants""]",8,1,2026-01-26T12:31:15,2026-01-26T12:31:15
886,step,,"[""steps""]",[],[886],steps,"[""steps""]",2.0,0,"[""no domain anchor in variants""]",14,3,2026-01-26T12:31:15,2026-01-26T12:31:15
887,lsfinstall,,[],[],[887],lsfinstall,"[""lsfinstall""]",0.0,0,[],1,1,2026-01-26T12:31:15,2026-01-26T12:31:15
891,lsf_getting_started html file,,"[""lsf_getting_started.html file""]",[],[891],lsf_getting_started.html file,"[""lsf_getting_started.html file""]",2.0,0,"[""headword='file' is generic-ish""]",1,1,2026-01-26T12:31:15,2026-01-26T12:31:15
892,lsfinstall script,,[],[],[892],lsfinstall script,"[""lsfinstall script""]",0.0,0,[],1,1,2026-01-26T12:31:15,2026-01-26T12:31:15
900,change lsf_confdir lsf cluster cluster_name,,"[""changes LSF_CONFDIR lsf.cluster.cluster_name""]",[],[900],changes LSF_CONFDIR lsf.cluster.cluster_name,"[""changes LSF_CONFDIR lsf.cluster.cluster_name""]",0.0,0,[],1,1,2026-01-26T12:31:15,2026-01-26T12:31:15
902,lim host,,"[""LIMs hosts""]",[],[902],LIMs hosts,"[""LIMs hosts""]",2.0,0,"[""no domain anchor in variants""]",4,1,2026-01-26T12:31:15,2026-01-26T12:31:15
903,restart lim,,[],[],[903],Restart LIM,"[""Restart LIM""]",2.0,0,"[""no domain anchor in variants""]",5,1,2026-01-26T12:31:15,2026-01-26T12:31:15
904,unrecoverable error,,"[""unrecoverable errors""]",[],[904],unrecoverable errors,"[""unrecoverable errors""]",2.0,0,"[""no domain anchor in variants""]",12,1,2026-01-26T12:31:15,2026-01-26T12:31:15
906,reconfiguration exit,,"[""reconfiguration exits""]",[],[906],reconfiguration exits,"[""reconfiguration exits""]",2.0,0,"[""no domain anchor in variants""]",6,1,2026-01-26T12:31:15,2026-01-26T12:31:15
908,reconfiguration,,[],[],[908],Reconfiguration,"[""Reconfiguration""]",2.0,0,"[""no domain anchor in variants""]",7,1,2026-01-26T12:31:15,2026-01-26T12:31:15
917,management host lsf,,[],[],[917],management host LSF,"[""management host LSF""]",0.0,0,[],1,1,2026-01-26T12:31:15,2026-01-26T12:31:15
918,lsf cluster cluster_name file,,"[""lsf.cluster.cluster_name file""]",[],[918],lsf.cluster.cluster_name file,"[""lsf.cluster.cluster_name file""]",2.0,0,"[""headword='file' is generic-ish""]",1,1,2026-01-26T12:31:15,2026-01-26T12:31:15
921,lsf host root,,[],[],[921],LSF host root,"[""LSF host root""]",0.0,0,[],1,1,2026-01-26T12:31:15,2026-01-26T12:31:15
928,automatic lsf startup,,[],[],[928],automatic LSF startup,"[""automatic LSF startup""]",0.0,0,[],3,1,2026-01-26T12:31:15,2026-01-26T12:31:15
931,badmin reconfig command,,[],[],[931],badmin reconfig command,"[""badmin reconfig command""]",2.0,0,"[""no domain anchor in variants""]",3,1,2026-01-26T12:31:15,2026-01-26T12:31:15
932,configuration error,,"[""configuration errors""]",[],[932],configuration errors,"[""configuration errors""]",2.0,0,"[""no domain anchor in variants""]",3,1,2026-01-26T12:31:15,2026-01-26T12:31:15
938,job queue,,"[""jobs queue""]",[],[938],jobs queue,"[""jobs queue""]",2.0,0,"[""no domain anchor in variants""]",4,1,2026-01-26T12:31:15,2026-01-26T12:31:15
942,bswitch,,[],[],[942],bswitch,"[""bswitch""]",2.0,0,"[""no domain anchor in variants""]",3,1,2026-01-26T12:31:15,2026-01-26T12:31:15
949,lsf daemon lsf.sudoer,,"[""LSF daemons lsf.sudoers""]",[],[949],LSF daemons lsf.sudoers,"[""LSF daemons lsf.sudoers""]",0.0,0,[],2,1,2026-01-26T12:31:15,2026-01-26T12:31:15
950,configure lsf daemon,,"[""Configure LSF daemons""]",[],[950],Configure LSF daemons,"[""Configure LSF daemons""]",0.0,0,[],2,1,2026-01-26T12:31:15,2026-01-26T12:31:15
951,lsf unix linux,,[],[],[951],LSF UNIX Linux,"[""LSF UNIX Linux""]",0.0,0,[],1,1,2026-01-26T12:31:15,2026-01-26T12:31:15
953,lsf sudoer,,"[""lsf.sudoers""]",[],[953],lsf.sudoers,"[""lsf.sudoers""]",0.0,0,[],2,1,2026-01-26T12:31:15,2026-01-26T12:31:15
956,lsf_startup_user lsf_startup_path parameter,,"[""LSF_STARTUP_USERS LSF_STARTUP_PATH parameters""]",[],[956],LSF_STARTUP_USERS LSF_STARTUP_PATH parameters,"[""LSF_STARTUP_USERS LSF_STARTUP_PATH parameters""]",2.0,0,"[""headword='parameter' is generic-ish""]",1,1,2026-01-26T12:31:15,2026-01-26T12:31:15
957,lsf_startup_path,config,[],"[""LSF_STARTUP_PATH""]",[957],LSF_STARTUP_PATH,"[""LSF_STARTUP_PATH""]",0.0,0,[],1,1,2026-01-26T12:31:15,2026-01-26T12:31:15
958,lsf_confdir lsf.conf file,,[],[],[958],LSF_CONFDIR lsf.conf file,"[""LSF_CONFDIR lsf.conf file""]",2.0,0,"[""headword='file' is generic-ish""]",2,1,2026-01-26T12:31:15,2026-01-26T12:31:15
961,setuid,,"[""--setuid""]",[],[961],--setuid,"[""--setuid""]",2.0,0,"[""no domain anchor in variants""]",3,1,2026-01-26T12:31:15,2026-01-26T12:31:15
971,lsf_top 10 1 install directory,,"[""LSF_TOP/10.1 install directory""]",[],[971],LSF_TOP/10.1 install directory,"[""LSF_TOP/10.1 install directory""]",2.0,0,"[""headword='directory' is generic-ish""]",1,1,2026-01-26T12:31:15,2026-01-26T12:31:15
973,lsfrestart,,[],[],[973],lsfrestart,"[""lsfrestart""]",0.0,0,[],1,1,2026-01-26T12:31:15,2026-01-26T12:31:15
975,software license,,"[""software licenses""]",[],[975],software licenses,"[""software licenses""]",2.0,0,"[""no domain anchor in variants""]",3,1,2026-01-26T12:31:15,2026-01-26T12:31:15
977,group lsf host,,"[""group LSF hosts""]",[],[977],group LSF hosts,"[""group LSF hosts""]",0.0,0,[],1,1,2026-01-26T12:31:15,2026-01-26T12:31:15
981,license lsf,,"[""licenses LSF""]",[],[981],licenses LSF,"[""licenses LSF""]",0.0,0,[],1,1,2026-01-26T12:31:15,2026-01-26T12:31:15
985,external load index,,"[""external load indexes""]",[],[985],external load indexes,"[""external load indexes""]",2.0,0,"[""no domain anchor in variants""]",4,1,2026-01-26T12:31:15,2026-01-26T12:31:15
986,lsf update,,"[""LSF updates""]",[],[986],LSF updates,"[""LSF updates""]",0.0,0,[],2,2,2026-01-26T12:31:15,2026-01-26T12:31:15
987,index,,"[""indexes""]",[],[987],indexes,"[""indexes""]",2.0,0,"[""no domain anchor in variants""]",4,1,2026-01-26T12:31:15,2026-01-26T12:31:15
991,lsf_serverdir directory,,[],[],[991],LSF_SERVERDIR directory,"[""LSF_SERVERDIR directory""]",2.0,0,"[""headword='directory' is generic-ish""]",2,1,2026-01-26T12:31:15,2026-01-26T12:31:15
992,lsf shared file,,"[""lsf.shared file""]",[],[992],lsf.shared file,"[""lsf.shared file""]",2.0,0,"[""headword='file' is generic-ish""]",8,1,2026-01-26T12:31:15,2026-01-26T12:31:15
1019,elim program,,[],[],[1019],ELIM program,"[""ELIM program""]",2.0,0,"[""no domain anchor in variants""]",3,1,2026-01-26T12:31:15,2026-01-26T12:31:15
1023,lsf resource,,[],[],[1023],LSF resource,"[""LSF resource""]",0.0,0,[],1,1,2026-01-26T12:31:15,2026-01-26T12:31:15
1030,lsf following command,,"[""LSF following commands""]",[],[1030],LSF following commands,"[""LSF following commands""]",0.0,0,[],1,1,2026-01-26T12:31:15,2026-01-26T12:31:15
1035,minute lsf time,,[],[],[1035],minute LSF time,"[""minute LSF time""]",0.0,0,[],1,1,2026-01-26T12:31:15,2026-01-26T12:31:15
1040,license available lsf,,"[""licenses available LSF""]",[],[1040],licenses available LSF,"[""licenses available LSF""]",0.0,0,[],1,1,2026-01-26T12:31:15,2026-01-26T12:31:15
1041,license use lsf,,"[""licenses use LSF""]",[],[1041],licenses use LSF,"[""licenses use LSF""]",0.0,0,[],1,1,2026-01-26T12:31:15,2026-01-26T12:31:15
1046,ibm support,,[],[],[1046],IBM Support,"[""IBM Support""]",2.0,0,"[""no domain anchor in variants""]",4,1,2026-01-26T12:31:15,2026-01-26T12:31:15
1049,error message,,"[""error messages""]",[],[1049],error messages,"[""error messages""]",2.0,0,"[""no domain anchor in variants""]",6,1,2026-01-26T12:31:15,2026-01-26T12:31:15
1051,lsf error,,[],[],[1051],LSF error,"[""LSF error""]",0.0,0,[],2,1,2026-01-26T12:31:15,2026-01-26T12:31:15
1052,lsf_logdir parameter lsf.conf,file,[],[],[1052],LSF_LOGDIR parameter lsf.conf,"[""LSF_LOGDIR parameter lsf.conf""]",-1.5,0,"[""technical type reduces generic score""]",1,1,2026-01-26T12:31:15,2026-01-26T12:31:15
1053,lsf_logdir root,,[],[],[1053],LSF_LOGDIR root,"[""LSF_LOGDIR root""]",0.0,0,[],1,1,2026-01-26T12:31:15,2026-01-26T12:31:15
1054,lsf_logdir error log,,"[""LSF_LOGDIR error logs""]",[],[1054],LSF_LOGDIR error logs,"[""LSF_LOGDIR error logs""]",0.0,0,[],1,1,2026-01-26T12:31:15,2026-01-26T12:31:15
1063,lsf_master_list parameter,,[],[],[1063],LSF_MASTER_LIST parameter,"[""LSF_MASTER_LIST parameter""]",2.0,0,"[""headword='parameter' is generic-ish""]",1,1,2026-01-26T12:31:15,2026-01-26T12:31:15
1066,lsf environment cshrc.lsf,,[],[],[1066],LSF environment cshrc.lsf,"[""LSF environment cshrc.lsf""]",0.0,0,[],1,1,2026-01-26T12:31:15,2026-01-26T12:31:15
1068,csrhc lsf profile lsf script,,"[""csrhc.lsf profile.lsf script""]",[],[1068],csrhc.lsf profile.lsf script,"[""csrhc.lsf profile.lsf script""]",0.0,0,[],1,1,2026-01-26T12:31:15,2026-01-26T12:31:15
1069,lsf lim daemon,,[],[],[1069],LSF LIM daemon,"[""LSF LIM daemon""]",0.0,0,[],1,1,2026-01-26T12:31:15,2026-01-26T12:31:15
1075,lim lsf_server_host,,"[""LIM LSF_SERVER_HOSTS""]",[],[1075],LIM LSF_SERVER_HOSTS,"[""LIM LSF_SERVER_HOSTS""]",0.0,0,[],1,1,2026-01-26T12:31:15,2026-01-26T12:31:15
1080,lsf_master_list,config,[],"[""LSF_MASTER_LIST""]",[1080],LSF_MASTER_LIST,"[""LSF_MASTER_LIST""]",0.0,0,[],1,1,2026-01-26T12:31:15,2026-01-26T12:31:15
1081,management host lim,,[],[],[1081],Management host LIM,"[""Management host LIM""]",2.0,0,"[""no domain anchor in variants""]",7,1,2026-01-26T12:31:15,2026-01-26T12:31:15
1085,lsf client lim,,[],[],[1085],LSF client LIM,"[""LSF client LIM""]",0.0,0,[],1,1,2026-01-26T12:31:15,2026-01-26T12:31:15
1095,remote host,,[],[],[1095],remote host,"[""remote host""]",2.0,0,"[""no domain anchor in variants""]",4,1,2026-01-26T12:31:15,2026-01-26T12:31:15
1104,lsf_use_hostequiv,config,[],"[""LSF_USE_HOSTEQUIV""]",[1104],LSF_USE_HOSTEQUIV,"[""LSF_USE_HOSTEQUIV""]",0.0,0,[],1,1,2026-01-26T12:31:15,2026-01-26T12:31:15
1106,character,,"[""characters""]",[],[1106],characters,"[""characters""]",2.0,0,"[""no domain anchor in variants""]",3,1,2026-01-26T12:31:15,2026-01-26T12:31:15
1108,parameter lsf_master_list,,[],[],[1108],parameter LSF_MASTER_LIST,"[""parameter LSF_MASTER_LIST""]",0.0,0,[],1,1,2026-01-26T12:31:15,2026-01-26T12:31:15
1109,lsf conf file job,,"[""lsf.conf file jobs""]",[],[1109],lsf.conf file jobs,"[""lsf.conf file jobs""]",0.0,0,[],1,1,2026-01-26T12:31:15,2026-01-26T12:31:15
1111,parameter lsf,,[],[],[1111],parameter LSF,"[""parameter LSF""]",0.0,0,[],1,1,2026-01-26T12:31:15,2026-01-26T12:31:15
1124,sbatchd daemon,,[],[],[1124],sbatchd daemon,"[""sbatchd daemon""]",2.0,0,"[""no domain anchor in variants""]",3,1,2026-01-26T12:31:15,2026-01-26T12:31:15
1127,process group,,"[""process groups""]",[],[1127],process groups,"[""process groups""]",2.0,0,"[""no domain anchor in variants""]",4,1,2026-01-26T12:31:15,2026-01-26T12:31:15
1146,lshost,,"[""lshosts""]",[],[1146],lshosts,"[""lshosts""]",2.0,0,"[""no domain anchor in variants""]",5,1,2026-01-26T12:31:15,2026-01-26T12:31:15
1163,t,,"[""-t""]",[],[1163],-t,"[""-t""]",2.0,0,"[""no domain anchor in variants""]",5,1,2026-01-26T12:31:15,2026-01-26T12:31:15
1187,change lsf shared file,,"[""changes lsf.shared file""]",[],[1187],changes lsf.shared file,"[""changes lsf.shared file""]",2.0,0,"[""headword='file' is generic-ish""]",1,1,2026-01-26T12:31:15,2026-01-26T12:31:15
1210,request,,[],[],[1210],request,"[""request""]",2.0,0,"[""no domain anchor in variants""]",4,1,2026-01-26T12:31:15,2026-01-26T12:31:15
1212,lsf binary file,,"[""LSF binary files""]",[],[1212],LSF binary files,"[""LSF binary files""]",2.0,0,"[""headword='file' is generic-ish""]",1,1,2026-01-26T12:31:15,2026-01-26T12:31:15
1218,lsf_use_hostequiv parameter,,[],[],[1218],LSF_USE_HOSTEQUIV parameter,"[""LSF_USE_HOSTEQUIV parameter""]",2.0,0,"[""headword='parameter' is generic-ish""]",1,1,2026-01-26T12:31:15,2026-01-26T12:31:15
1219,lsf conf file host,,"[""lsf.conf file host""]",[],[1219],lsf.conf file host,"[""lsf.conf file host""]",0.0,0,[],1,1,2026-01-26T12:31:15,2026-01-26T12:31:15
1225,read lsf guide,,[],[],[1225],Read LSF Guide,"[""Read LSF Guide""]",0.0,0,[],1,1,2026-01-26T12:31:15,2026-01-26T12:31:15
1227,lsf service,,"[""LSF services""]",[],[1227],LSF services,"[""LSF services""]",0.0,0,[],1,1,2026-01-26T12:31:15,2026-01-26T12:31:15
1232,res,,[],"[""RES""]",[1232],RES,"[""RES""]",2.0,0,"[""no domain anchor in variants""]",3,1,2026-01-26T12:31:15,2026-01-26T12:31:15
1234,section,,[],[],[1234],section,"[""section""]",2.0,0,"[""no domain anchor in variants""]",5,1,2026-01-26T12:31:15,2026-01-26T12:31:15
1278,job lsf_root_rex,,[],[],[1278],job LSF_ROOT_REX,"[""job LSF_ROOT_REX""]",0.0,0,[],1,1,2026-01-26T12:31:15,2026-01-26T12:31:15
1280,lsf_root_rex parameter,,[],[],[1280],LSF_ROOT_REX parameter,"[""LSF_ROOT_REX parameter""]",2.0,0,"[""headword='parameter' is generic-ish""]",1,1,2026-01-26T12:31:15,2026-01-26T12:31:15
1306,lsf command message,,"[""LSF command messages""]",[],[1306],LSF command messages,"[""LSF command messages""]",0.0,0,[],1,1,2026-01-26T12:31:15,2026-01-26T12:31:15
1311,time lsf,,"[""times LSF""]",[],[1311],times LSF,"[""times LSF""]",0.0,0,[],1,1,2026-01-26T12:31:15,2026-01-26T12:31:15
1313,lsf_lim_api_ntrie parameter,,"[""LSF_LIM_API_NTRIES parameter""]",[],[1313],LSF_LIM_API_NTRIES parameter,"[""LSF_LIM_API_NTRIES parameter""]",2.0,0,"[""headword='parameter' is generic-ish""]",1,1,2026-01-26T12:31:15,2026-01-26T12:31:15
1315,lsb_api_verbose,config,[],"[""LSB_API_VERBOSE""]",[1315],LSB_API_VERBOSE,"[""LSB_API_VERBOSE""]",0.0,0,[],1,1,2026-01-26T12:31:15,2026-01-26T12:31:15
1321,lsb_mbd_port lsb_query_portlsf,,[],[],[1321],LSB_MBD_PORT LSB_QUERY_PORTLSF,"[""LSB_MBD_PORT LSB_QUERY_PORTLSF""]",0.0,0,[],1,1,2026-01-26T12:31:15,2026-01-26T12:31:15
1334,note lsf,,[],[],[1334],Note LSF,"[""Note LSF""]",0.0,0,[],1,1,2026-01-26T12:31:15,2026-01-26T12:31:15
1337,lsf conf file lsf_envdir_old,,"[""lsf.conf file LSF_ENVDIR_old""]",[],[1337],lsf.conf file LSF_ENVDIR_old,"[""lsf.conf file LSF_ENVDIR_old""]",0.0,0,[],1,1,2026-01-26T12:31:15,2026-01-26T12:31:15
1338,lsf conf file lsf_envdir_new,,"[""lsf.conf file LSF_ENVDIR_new""]",[],[1338],lsf.conf file LSF_ENVDIR_new,"[""lsf.conf file LSF_ENVDIR_new""]",0.0,0,[],1,1,2026-01-26T12:31:15,2026-01-26T12:31:15
1339,lsf_envdir_new\passwd lsfuser,,"[""LSF_ENVDIR_new\\passwd.lsfuser""]",[],[1339],LSF_ENVDIR_new\passwd.lsfuser,"[""LSF_ENVDIR_new\\passwd.lsfuser""]",0.0,0,[],1,1,2026-01-26T12:31:15,2026-01-26T12:31:15
1348,ibm spectrum lsf,,[],[],[1348],IBM Spectrum LSF,"[""IBM Spectrum LSF""]",0.0,0,[],1,1,2026-01-26T12:31:15,2026-01-26T12:31:15
1353,slurm user administrator,,"[""Slurm users administrators""]",[],[1353],Slurm users administrators,"[""Slurm users administrators""]",0.0,0,[],1,1,2026-01-26T12:31:15,2026-01-26T12:31:15
1355,command line,,"[""command lines""]",[],[1355],command lines,"[""command lines""]",2.0,0,"[""no domain anchor in variants""]",7,1,2026-01-26T12:31:15,2026-01-26T12:31:15
1362,job step,,[],[],[1362],job step,"[""job step""]",2.0,0,"[""no domain anchor in variants""]",3,1,2026-01-26T12:31:15,2026-01-26T12:31:15
1363,selecttype,,[],[],[1363],SelectType,"[""SelectType""]",2.0,0,"[""no domain anchor in variants""]",3,1,2026-01-26T12:31:15,2026-01-26T12:31:15
1365,consumable resource type,,[],[],[1365],consumable resource type,"[""consumable resource type""]",4.0,1,"[""headword='type' is generic-ish"", ""no domain anchor in variants""]",3,1,2026-01-26T12:31:15,2026-01-26T12:31:15
1366,selecttypeparameter,,"[""SelectTypeParameters""]",[],[1366],SelectTypeParameters,"[""SelectTypeParameters""]",2.0,0,"[""no domain anchor in variants""]",3,1,2026-01-26T12:31:15,2026-01-26T12:31:15
1367,slurmctld select plugin,,[],[],[1367],slurmctld select plugin,"[""slurmctld select plugin""]",0.0,0,[],2,1,2026-01-26T12:31:15,2026-01-26T12:31:15
1368,slurm conf option,,"[""slurm.conf options""]",[],[1368],slurm.conf options,"[""slurm.conf options""]",2.0,0,"[""headword='option' is generic-ish""]",8,1,2026-01-26T12:31:15,2026-01-26T12:31:15
1370,partitionname,,[],[],[1370],PartitionName,"[""PartitionName""]",2.0,0,"[""no domain anchor in variants""]",3,1,2026-01-26T12:31:15,2026-01-26T12:31:15
1380,node selection node,,"[""node selection nodes""]",[],[1380],node selection nodes,"[""node selection nodes""]",2.0,0,"[""no domain anchor in variants""]",4,1,2026-01-26T12:31:15,2026-01-26T12:31:15
1382,core,,"[""cores""]",[],[1382],cores,"[""cores""]",2.0,0,"[""no domain anchor in variants""]",5,1,2026-01-26T12:31:15,2026-01-26T12:31:15
1384,number cpu,,"[""number CPUs""]",[],[1384],number CPUs,"[""number CPUs""]",2.0,0,"[""no domain anchor in variants""]",3,1,2026-01-26T12:31:15,2026-01-26T12:31:15
1391,number task,,"[""number tasks""]",[],[1391],number tasks,"[""number tasks""]",2.0,0,"[""no domain anchor in variants""]",3,1,2026-01-26T12:31:15,2026-01-26T12:31:15
1397,step 2slurm conf,file,"[""Step 2slurm.conf""]",[],[1397],Step 2slurm.conf,"[""Step 2slurm.conf""]",0.0,0,[],1,1,2026-01-26T12:31:15,2026-01-26T12:31:15
1399,distribution,,"[""--distribution""]",[],"[1399, 1401]",distribution,"[""--distribution"", ""distribution""]",2.0,0,"[""no domain anchor in variants""]",12,1,2026-01-26T12:31:15,2026-01-26T12:31:15
1403,task node,,"[""tasks nodes""]",[],[1403],tasks nodes,"[""tasks nodes""]",2.0,0,"[""no domain anchor in variants""]",5,1,2026-01-26T12:31:15,2026-01-26T12:31:15
1414,socket,,[],[],[1414],socket,"[""socket""]",2.0,0,"[""no domain anchor in variants""]",10,1,2026-01-26T12:31:15,2026-01-26T12:31:15
1418,slurmd task plugin,,[],[],[1418],slurmd task plugin,"[""slurmd task plugin""]",0.0,0,[],1,1,2026-01-26T12:31:15,2026-01-26T12:31:15
1420,task affinity,,[],[],[1420],task affinity,"[""task affinity""]",2.0,0,"[""no domain anchor in variants""]",5,1,2026-01-26T12:31:15,2026-01-26T12:31:15
1425,cpu,,"[""CPUs""]",[],[1425],CPUs,"[""CPUs""]",2.0,0,"[""no domain anchor in variants""]",27,1,2026-01-26T12:31:15,2026-01-26T12:31:15
1429,cpu node,,"[""CPUs node""]",[],[1429],CPUs node,"[""CPUs node""]",2.0,0,"[""no domain anchor in variants""]",5,1,2026-01-26T12:31:15,2026-01-26T12:31:15
1440,cpu ids,,[],[],[1440],CPU ids,"[""CPU ids""]",2.0,0,"[""no domain anchor in variants""]",15,1,2026-01-26T12:31:15,2026-01-26T12:31:15
1447,node definition slurm conf,file,"[""node definitions slurm.conf""]",[],[1447],node definitions slurm.conf,"[""node definitions slurm.conf""]",0.0,0,[],1,1,2026-01-26T12:31:15,2026-01-26T12:31:15
1448,reason slurm,,[],[],[1448],reason Slurm,"[""reason Slurm""]",0.0,0,[],1,1,2026-01-26T12:31:15,2026-01-26T12:31:15
1452,cpu resource slurm,,"[""CPU resources Slurm""]",[],[1452],CPU resources Slurm,"[""CPU resources Slurm""]",0.0,0,[],1,1,2026-01-26T12:31:15,2026-01-26T12:31:15
1461,srun,command,[],[],[1461],srun,"[""srun""]",-1.5,0,"[""technical type reduces generic score""]",4,1,2026-01-26T12:31:15,2026-01-26T12:31:15
1464,srun option,,[],[],[1464],srun option,"[""srun option""]",4.0,1,"[""headword='option' is generic-ish"", ""no domain anchor in variants""]",4,1,2026-01-26T12:31:15,2026-01-26T12:31:15
1465,cpu task overcommitment,,"[""CPUs task overcommitment""]",[],[1465],CPUs task overcommitment,"[""CPUs task overcommitment""]",2.0,0,"[""no domain anchor in variants""]",8,1,2026-01-26T12:31:15,2026-01-26T12:31:15
1466,ntasks=2,,"[""--ntasks=2""]",[],[1466],--ntasks=2,"[""--ntasks=2""]",2.0,0,"[""no domain anchor in variants""]",3,1,2026-01-26T12:31:15,2026-01-26T12:31:15
1471,pattern allocation job,,[],[],[1471],pattern allocation job,"[""pattern allocation job""]",2.0,0,"[""no domain anchor in variants""]",3,1,2026-01-26T12:31:15,2026-01-26T12:31:15
1472,nodenamen0n1n,,[],[],[1472],Nodenamen0n1n,"[""Nodenamen0n1n""]",2.0,0,"[""no domain anchor in variants""]",8,1,2026-01-26T12:31:15,2026-01-26T12:31:15
1473,node default partition,,"[""nodes default partition""]",[],[1473],nodes default partition,"[""nodes default partition""]",2.0,0,"[""no domain anchor in variants""]",3,1,2026-01-26T12:31:15,2026-01-26T12:31:15
1474,condition job,,"[""conditions job""]",[],[1474],conditions job,"[""conditions job""]",2.0,0,"[""no domain anchor in variants""]",5,1,2026-01-26T12:31:15,2026-01-26T12:31:15
1475,unique cpu task,,"[""unique CPUs task""]",[],[1475],unique CPUs task,"[""unique CPUs task""]",2.0,0,"[""no domain anchor in variants""]",5,1,2026-01-26T12:31:15,2026-01-26T12:31:15
1476,condition slurm,,"[""conditions Slurm""]",[],[1476],conditions Slurm,"[""conditions Slurm""]",0.0,0,[],4,1,2026-01-26T12:31:15,2026-01-26T12:31:15
1487,ntasks=6,,"[""--ntasks=6""]",[],[1487],--ntasks=6,"[""--ntasks=6""]",2.0,0,"[""no domain anchor in variants""]",4,1,2026-01-26T12:31:15,2026-01-26T12:31:15
1493,cpu task,,"[""CPUs tasks""]",[],[1493],CPUs tasks,"[""CPUs tasks""]",2.0,0,"[""no domain anchor in variants""]",3,1,2026-01-26T12:31:15,2026-01-26T12:31:15
1495,nodelist,,"[""--nodelist""]",[],[1495],--nodelist,"[""--nodelist""]",2.0,0,"[""no domain anchor in variants""]",3,1,2026-01-26T12:31:15,2026-01-26T12:31:15
1502,task overcommitment,,"[""tasks overcommitment""]",[],[1502],tasks overcommitment,"[""tasks overcommitment""]",2.0,0,"[""no domain anchor in variants""]",5,1,2026-01-26T12:31:15,2026-01-26T12:31:15
1504,cr_cpu,config,[],"[""CR_CPU""]",[1504],CR_CPU,"[""CR_CPU""]",0.0,0,[],1,1,2026-01-26T12:31:15,2026-01-26T12:31:15
1513,nodenamen,,[],[],[1513],Nodenamen,"[""Nodenamen""]",2.0,0,"[""no domain anchor in variants""]",6,1,2026-01-26T12:31:15,2026-01-26T12:31:15
1514,socket id,,[],[],[1514],Socket id,"[""Socket id""]",2.0,0,"[""no domain anchor in variants""]",6,1,2026-01-26T12:31:15,2026-01-26T12:31:15
1515,number allocated cpus,,[],[],[1515],Number Allocated CPUs,"[""Number Allocated CPUs""]",2.0,0,"[""no domain anchor in variants""]",6,1,2026-01-26T12:31:15,2026-01-26T12:31:15
1516,cpu socket,,"[""CPUs socket""]",[],[1516],CPUs socket,"[""CPUs socket""]",2.0,0,"[""no domain anchor in variants""]",8,1,2026-01-26T12:31:15,2026-01-26T12:31:15
1517,pattern allocation distribution,,[],[],[1517],pattern allocation distribution,"[""pattern allocation distribution""]",2.0,0,"[""no domain anchor in variants""]",7,1,2026-01-26T12:31:15,2026-01-26T12:31:15
1519,binding task,,"[""Binding Tasks""]",[],[1519],Binding Tasks,"[""Binding Tasks""]",2.0,0,"[""no domain anchor in variants""]",5,1,2026-01-26T12:31:15,2026-01-26T12:31:15
1520,case,,[],[],[1520],Case,"[""Case""]",2.0,0,"[""no domain anchor in variants""]",3,1,2026-01-26T12:31:15,2026-01-26T12:31:15
1521,task ids,,[],[],[1521],Task ids,"[""Task ids""]",2.0,0,"[""no domain anchor in variants""]",3,1,2026-01-26T12:31:15,2026-01-26T12:31:15
1525,socket d,,[],[],[1525],socket d,"[""socket d""]",2.0,0,"[""no domain anchor in variants""]",3,1,2026-01-26T12:31:15,2026-01-26T12:31:15
1526,task d,,[],[],[1526],task d,"[""task d""]",2.0,0,"[""no domain anchor in variants""]",5,1,2026-01-26T12:31:15,2026-01-26T12:31:15
1535,taskplugin,,[],[],[1535],TaskPlugin,"[""TaskPlugin""]",2.0,0,"[""no domain anchor in variants""]",3,1,2026-01-26T12:31:15,2026-01-26T12:31:15
