term_id,doc_id,sent_idx,token_start,token_end,cleaned_version
1,doc_4387,1,0,0,1
2,doc_4387,2,0,1,1
3,doc_4387,3,4,5,1
4,doc_4387,4,0,1,1
5,doc_4387,4,3,4,1
6,doc_4387,4,7,7,1
7,doc_4387,4,13,15,1
8,doc_4387,5,0,1,1
6,doc_4387,5,5,5,1
9,doc_4387,7,0,0,1
10,doc_4387,7,2,2,1
6,doc_4387,7,4,4,1
11,doc_4387,7,6,8,1
12,doc_4387,8,0,2,1
13,doc_4387,8,4,5,1
14,doc_4387,9,0,2,1
15,doc_4387,9,5,5,1
16,doc_4387,9,8,8,1
17,doc_4387,10,0,0,1
18,doc_4387,10,5,5,1
19,doc_4387,10,7,8,1
20,doc_4387,12,0,0,1
21,doc_4387,12,2,4,1
22,doc_4387,13,7,7,1
15,doc_4387,13,20,20,1
23,doc_4387,13,22,24,1
24,doc_4387,15,0,1,1
25,doc_4387,15,10,10,1
26,doc_4387,16,0,3,1
25,doc_4387,16,5,5,1
24,doc_4387,17,0,1,1
25,doc_4387,17,14,14,1
15,doc_4387,19,1,2,1
20,doc_4387,19,4,4,1
27,doc_4387,19,6,7,1
28,doc_4387,19,9,10,1
29,doc_4387,20,1,3,1
30,doc_4387,20,5,6,1
31,doc_4387,20,15,15,1
32,doc_4387,21,1,1,1
33,doc_4387,21,19,21,1
34,doc_4387,22,12,14,1
35,doc_4387,22,16,18,1
32,doc_4387,22,20,20,1
36,doc_4387,23,5,5,1
37,doc_4387,24,0,0,1
38,doc_4387,25,0,0,1
37,doc_4387,25,3,3,1
25,doc_4387,26,1,1,1
37,doc_4387,27,1,1,1
39,doc_4387,27,15,16,1
40,doc_4387,28,2,3,1
41,doc_4387,28,10,12,1
42,doc_4387,28,20,22,1
43,doc_4387,29,0,0,1
44,doc_4387,29,2,3,1
45,doc_4387,29,10,10,1
46,doc_4387,29,15,16,1
47,doc_4387,29,19,21,1
37,doc_4387,30,0,0,1
48,doc_4387,30,4,4,1
49,doc_4387,30,6,8,1
36,doc_4387,30,10,10,1
50,doc_4387,31,0,1,1
51,doc_4387,31,8,8,1
52,doc_4387,32,12,14,1
37,doc_4387,32,16,16,1
48,doc_4387,33,5,5,1
53,doc_4387,33,7,7,1
37,doc_4387,33,10,10,1
36,doc_4387,33,12,12,1
54,doc_4387,33,16,16,1
55,doc_4387,33,18,18,1
56,doc_4387,34,0,0,1
57,doc_4387,36,0,0,1
58,doc_4387,36,2,4,1
59,doc_4387,36,6,6,1
60,doc_4387,36,8,10,1
61,doc_4387,36,18,19,1
62,doc_4387,36,24,26,1
63,doc_4387,36,39,41,1
64,doc_4387,37,0,2,1
65,doc_4387,37,5,5,1
66,doc_4387,37,8,8,1
67,doc_4387,37,10,12,1
68,doc_4387,38,0,1,1
69,doc_4387,38,3,4,1
70,doc_4387,38,6,7,1
71,doc_4387,38,9,11,1
1,doc_4387,38,13,13,1
72,doc_4387,39,0,0,1
73,doc_4387,39,2,3,1
43,doc_4387,39,5,5,1
74,doc_4387,39,7,8,1
75,doc_4387,40,0,0,1
76,doc_4387,40,7,9,1
77,doc_4387,41,0,1,1
78,doc_4387,41,9,10,1
38,doc_4387,41,12,13,1
79,doc_4387,41,15,16,1
80,doc_4387,41,18,19,1
81,doc_4387,41,26,27,1
82,doc_4387,41,29,29,1
83,doc_4387,41,30,30,1
84,doc_4387,42,12,12,1
85,doc_4387,43,1,2,1
86,doc_4387,43,4,7,1
87,doc_4387,43,24,24,1
88,doc_4387,43,26,27,1
72,doc_4387,45,0,0,1
89,doc_4387,46,3,5,1
90,doc_4387,46,8,9,1
25,doc_4387,46,13,13,1
91,doc_4387,47,0,2,1
92,doc_4387,47,4,6,1
93,doc_4387,47,9,9,1
66,doc_4387,47,12,12,1
94,doc_4387,48,5,7,1
95,doc_4387,51,0,2,1
96,doc_4387,51,5,6,1
37,doc_4387,51,8,8,1
97,doc_4387,53,2,3,1
98,doc_4387,53,6,6,1
99,doc_4387,54,0,0,1
100,doc_4387,54,7,9,1
101,doc_4387,55,0,0,1
102,doc_4387,55,2,4,1
103,doc_4387,55,6,6,1
104,doc_4387,56,0,0,1
25,doc_4387,56,4,4,1
103,doc_4387,56,6,6,1
105,doc_4387,57,0,0,1
106,doc_4387,57,7,7,1
107,doc_4387,59,0,0,1
103,doc_4387,59,2,2,1
59,doc_4387,60,0,0,1
103,doc_4387,60,2,2,1
108,doc_4387,61,0,0,1
37,doc_4387,63,1,1,1
109,doc_4387,63,3,4,1
110,doc_4387,63,6,7,1
111,doc_4387,64,1,3,1
112,doc_4387,64,5,5,1
113,doc_4387,64,7,9,1
114,doc_4387,64,11,11,1
115,doc_4387,65,0,0,1
116,doc_4387,65,2,3,1
117,doc_4387,66,1,2,1
118,doc_4387,66,4,6,1
119,doc_4387,66,9,9,1
1,doc_4387,67,0,0,1
120,doc_4387,68,0,3,1
121,doc_4387,69,0,2,1
25,doc_4387,69,6,6,1
122,doc_4387,69,9,10,1
123,doc_4387,70,8,9,1
124,doc_4387,71,0,2,1
125,doc_4387,71,11,13,1
126,doc_4387,73,0,0,1
127,doc_4387,73,11,11,1
128,doc_4387,73,16,16,1
129,doc_4387,73,18,20,1
55,doc_4387,73,22,23,1
130,doc_4387,74,3,4,1
131,doc_4387,74,6,6,1
132,doc_4387,74,8,10,1
133,doc_4387,74,12,12,1
134,doc_4387,75,0,0,1
135,doc_4387,75,4,5,1
130,doc_4387,76,2,3,1
136,doc_4387,77,0,0,1
137,doc_4387,77,7,7,1
115,doc_4387,79,3,3,1
138,doc_4387,79,5,5,1
126,doc_4387,79,7,7,1
126,doc_4387,80,4,6,1
139,doc_4387,80,11,12,1
140,doc_4387,80,14,14,1
141,doc_4387,80,17,18,1
142,doc_4387,81,0,0,1
143,doc_4387,81,13,14,1
144,doc_4387,81,17,19,1
145,doc_4387,81,21,21,1
146,doc_4387,81,23,24,1
147,doc_4387,81,26,26,1
148,doc_4387,82,0,1,1
149,doc_4387,82,3,3,1
150,doc_4387,83,0,2,1
151,doc_4387,83,4,4,1
152,doc_4387,83,7,7,1
151,doc_4387,84,5,5,1
153,doc_4387,84,7,8,1
154,doc_4387,84,10,12,1
155,doc_4387,85,3,4,1
156,doc_4387,85,12,13,1
157,doc_4387,85,16,17,1
158,doc_4387,85,19,20,1
159,doc_4387,85,22,22,1
160,doc_4387,85,29,29,1
161,doc_4387,86,1,1,1
162,doc_4387,86,3,4,1
144,doc_4387,88,0,2,1
163,doc_4387,88,4,5,1
115,doc_4387,88,7,7,1
138,doc_4387,88,9,9,1
164,doc_4387,89,1,1,1
164,doc_4387,90,4,8,1
149,doc_4387,90,4,8,1
139,doc_4387,90,11,12,1
140,doc_4387,90,14,14,1
147,doc_4387,91,0,0,1
66,doc_4387,91,10,10,1
115,doc_4387,91,12,12,1
165,doc_4387,91,14,16,1
1,doc_4387,91,18,18,1
37,doc_4387,92,6,6,1
166,doc_4387,92,8,10,1
167,doc_4387,93,8,10,1
115,doc_4387,93,12,12,1
168,doc_4387,93,14,15,1
169,doc_4387,93,45,46,1
170,doc_4387,93,49,49,1
37,doc_4387,93,51,51,1
171,doc_4387,94,1,1,1
172,doc_4387,94,5,6,1
14,doc_4387,95,0,2,1
173,doc_4387,95,5,7,1
174,doc_4387,96,5,6,1
175,doc_4387,96,16,17,1
176,doc_4387,96,20,21,1
177,doc_4387,96,23,23,1
25,doc_4387,96,25,25,1
178,doc_4387,97,0,1,1
179,doc_4387,97,3,3,1
180,doc_4387,97,5,6,1
181,doc_4387,97,9,11,1
182,doc_4387,97,13,13,1
112,doc_4387,97,15,15,1
59,doc_4387,97,17,17,1
183,doc_4387,97,19,21,1
83,doc_4387,98,0,0,1
59,doc_4387,98,2,2,1
184,doc_4387,98,4,5,1
185,doc_4387,98,7,7,1
186,doc_4387,98,11,12,1
187,doc_4387,99,1,3,1
188,doc_4387,100,0,1,1
189,doc_4387,100,3,3,1
190,doc_4387,100,8,9,1
191,doc_4387,100,11,13,1
57,doc_4387,100,15,15,1
192,doc_4387,101,1,1,1
192,doc_4387,102,0,0,1
193,doc_4387,103,0,1,1
57,doc_4387,103,3,3,1
185,doc_4387,104,6,6,1
194,doc_4387,104,8,8,1
189,doc_4387,105,0,0,1
6,doc_4387,105,2,2,1
189,doc_4387,106,0,1,1
195,doc_4387,106,3,4,1
187,doc_4387,107,1,3,1
188,doc_4387,108,1,2,1
196,doc_4387,108,6,7,1
6,doc_4387,109,2,2,1
197,doc_4387,109,13,13,1
198,doc_4387,110,0,2,1
199,doc_4387,110,5,5,1
200,doc_4387,110,7,9,1
6,doc_4387,110,11,11,1
185,doc_4387,110,14,14,1
201,doc_4387,110,22,23,1
186,doc_4387,110,27,28,1
202,doc_4387,111,0,0,1
59,doc_4387,111,2,2,1
203,doc_4387,111,4,6,1
187,doc_4387,112,0,2,1
204,doc_4387,113,0,1,1
205,doc_4387,115,0,0,1
206,doc_4387,115,2,4,1
207,doc_4387,115,7,7,1
208,doc_4387,115,9,10,1
179,doc_4387,116,1,1,1
209,doc_4387,116,3,5,1
210,doc_4387,117,1,1,1
211,doc_4387,117,3,3,1
43,doc_4387,117,5,5,1
212,doc_4387,117,7,8,1
213,doc_4387,117,19,21,1
214,doc_4387,117,23,25,1
215,doc_4387,118,1,3,1
104,doc_4387,118,7,7,1
216,doc_4387,118,9,10,1
217,doc_4387,118,12,13,1
218,doc_4387,120,8,9,1
219,doc_4387,120,19,20,1
220,doc_4387,121,0,1,1
221,doc_4387,122,0,2,1
106,doc_4387,123,5,5,1
110,doc_4387,124,2,3,1
222,doc_4387,125,0,0,1
223,doc_4387,125,2,3,1
224,doc_4387,125,5,7,1
225,doc_4387,126,0,1,1
226,doc_4387,128,0,2,1
227,doc_4387,128,5,6,1
6,doc_4387,129,0,0,1
2,doc_4387,129,6,8,1
202,doc_4387,129,10,10,1
228,doc_4387,130,0,1,1
37,doc_4387,130,3,3,1
229,doc_4387,130,5,6,1
66,doc_4387,130,8,8,1
230,doc_4387,131,0,2,1
231,doc_4387,131,4,5,1
37,doc_4387,131,7,7,1
1,doc_4387,131,9,9,1
31,doc_4387,132,0,0,1
232,doc_4387,132,2,3,1
97,doc_4387,133,0,1,1
233,doc_4387,133,10,10,1
234,doc_4387,133,12,13,1
235,doc_4387,133,15,15,1
236,doc_4387,133,17,19,1
237,doc_4387,134,0,0,1
238,doc_4387,135,0,2,1
239,doc_4387,136,5,6,1
240,doc_4387,137,0,0,1
241,doc_4387,137,4,5,1
242,doc_4387,138,7,9,1
243,doc_4387,138,12,14,1
244,doc_4387,140,0,0,1
240,doc_4387,141,0,1,1
245,doc_4387,141,4,4,1
246,doc_4387,142,1,1,1
247,doc_4387,142,3,4,1
248,doc_4387,143,0,0,1
249,doc_4387,143,2,3,1
250,doc_4387,144,0,2,1
251,doc_4387,144,4,5,1
252,doc_4387,144,7,8,1
253,doc_4387,145,6,6,1
254,doc_4387,145,20,22,1
255,doc_4387,146,0,1,1
256,doc_4387,146,3,4,1
257,doc_4387,148,0,0,1
258,doc_4387,148,2,3,1
32,doc_4387,148,7,7,1
39,doc_4387,149,0,1,1
259,doc_4387,149,3,4,1
260,doc_4387,149,7,9,1
261,doc_4387,150,0,0,1
262,doc_4387,150,2,4,1
240,doc_4387,152,1,1,1
263,doc_4387,153,0,0,1
104,doc_4387,153,2,2,1
216,doc_4387,153,4,5,1
264,doc_4387,153,7,9,1
265,doc_4387,154,0,0,1
266,doc_4387,154,2,3,1
267,doc_4387,155,1,3,1
268,doc_4387,157,0,2,1
2,doc_4387,157,4,5,1
269,doc_4387,157,7,9,1
270,doc_4387,157,11,13,1
271,doc_4387,158,0,0,1
59,doc_4387,158,2,2,1
103,doc_4387,158,5,5,1
264,doc_4387,158,7,9,1
272,doc_4387,159,0,1,1
1,doc_4387,159,3,3,1
273,doc_4387,159,5,6,1
271,doc_4387,159,9,10,1
261,doc_4387,159,24,24,1
274,doc_4387,160,2,2,1
275,doc_4387,161,1,1,1
276,doc_4387,164,3,3,1
1,doc_4387,165,1,1,1
277,doc_4387,165,7,8,1
261,doc_4387,166,1,1,1
278,doc_4387,167,0,1,1
279,doc_4387,167,3,4,1
280,doc_4387,167,6,8,1
281,doc_4387,168,0,0,1
282,doc_4387,169,0,2,1
283,doc_4387,169,5,6,1
284,doc_4387,169,8,8,1
285,doc_4387,170,0,1,1
286,doc_4387,170,3,5,1
287,doc_4387,170,7,7,1
115,doc_4387,171,0,0,1
288,doc_4387,171,3,4,1
104,doc_4387,171,6,6,1
137,doc_4387,171,8,9,1
151,doc_4387,171,11,11,1
140,doc_4387,171,14,14,1
289,doc_4387,171,19,19,1
137,doc_4387,172,2,3,1
151,doc_4387,172,5,5,1
140,doc_4387,172,8,8,1
290,doc_4387,173,1,3,1
115,doc_4387,173,7,7,1
289,doc_4387,173,10,10,1
291,doc_4387,174,0,0,1
137,doc_4387,174,2,3,1
151,doc_4387,174,5,5,1
140,doc_4387,174,8,8,1
104,doc_4387,175,0,0,1
115,doc_4387,175,2,2,1
289,doc_4387,175,5,5,1
292,doc_4387,176,4,6,1
137,doc_4387,177,0,1,1
151,doc_4387,177,3,3,1
140,doc_4387,177,6,6,1
293,doc_4387,178,0,2,1
115,doc_4387,178,4,4,1
289,doc_4387,178,7,7,1
291,doc_4387,179,0,0,1
292,doc_4387,179,4,6,1
294,doc_4387,180,1,2,1
115,doc_4387,180,4,4,1
295,doc_4387,180,6,6,1
296,doc_4387,180,8,20,1
297,doc_4387,180,8,20,1
298,doc_4387,180,8,20,1
299,doc_4387,180,8,20,1
161,doc_4387,181,7,11,1
240,doc_4387,181,7,11,1
103,doc_4387,183,8,8,1
115,doc_4387,183,10,10,1
300,doc_4387,183,13,14,1
59,doc_4387,183,17,17,1
301,doc_4387,183,19,19,1
37,doc_4387,184,0,0,1
302,doc_4387,185,1,2,1
115,doc_4387,185,4,4,1
303,doc_4387,185,6,8,1
233,doc_4387,186,3,3,1
304,doc_4387,186,5,6,1
305,doc_4387,186,8,10,1
37,doc_4387,187,1,1,1
306,doc_4387,187,4,8,1
307,doc_4387,187,4,8,1
37,doc_4387,188,0,0,1
308,doc_4387,188,6,8,1
309,doc_4387,189,8,8,1
128,doc_4387,189,10,10,1
310,doc_4387,190,0,2,1
159,doc_4387,190,4,4,1
311,doc_4387,190,6,7,1
32,doc_4387,190,20,20,1
312,doc_4387,190,22,24,1
103,doc_4387,190,26,26,1
313,doc_4387,190,34,35,1
314,doc_4387,190,38,39,1
315,doc_4387,191,2,4,1
316,doc_4387,191,7,8,1
103,doc_4387,191,10,10,1
317,doc_4387,191,12,13,1
318,doc_4387,191,17,18,1
32,doc_4387,191,28,28,1
319,doc_4387,191,31,33,1
159,doc_4387,191,35,35,1
320,doc_4387,192,0,2,1
321,doc_4387,192,4,5,1
6,doc_4387,194,3,3,1
32,doc_4387,195,5,5,1
159,doc_4387,195,8,8,1
322,doc_4387,196,0,1,1
323,doc_4387,196,3,4,1
32,doc_4387,196,7,7,1
324,doc_4387,196,19,20,1
325,doc_4387,197,5,6,1
326,doc_4387,198,12,13,1
327,doc_4387,200,5,5,1
281,doc_4387,201,0,0,1
147,doc_4387,201,2,2,1
328,doc_4387,201,11,12,1
43,doc_4387,201,15,15,1
327,doc_4387,201,18,18,1
329,doc_4387,201,19,19,1
330,doc_4387,201,23,23,1
328,doc_4387,202,1,1,1
327,doc_4387,203,4,4,1
331,doc_4387,203,6,7,1
25,doc_4387,203,9,9,1
332,doc_4387,203,11,13,1
327,doc_4387,204,0,0,1
25,doc_4387,204,3,3,1
333,doc_4387,204,5,6,1
334,doc_4387,204,9,10,1
335,doc_4387,204,12,13,1
55,doc_4387,204,15,15,1
336,doc_4387,205,0,0,1
1,doc_4387,205,2,2,1
337,doc_4387,205,14,16,1
24,doc_4387,206,0,0,1
84,doc_4387,206,2,2,1
103,doc_4387,206,4,4,1
6,doc_4387,206,7,7,1
338,doc_4387,207,2,3,1
9,doc_4387,208,8,8,1
339,doc_4387,208,10,11,1
340,doc_4387,208,14,15,1
9,doc_4387,210,0,0,1
341,doc_4387,210,2,2,1
10,doc_4387,210,5,5,1
342,doc_4387,210,8,9,1
343,doc_4387,210,12,14,1
344,doc_4387,211,0,1,1
345,doc_4387,212,7,7,1
346,doc_4387,212,14,14,1
347,doc_4387,213,2,3,1
348,doc_4387,213,5,7,1
346,doc_4387,213,9,9,1
349,doc_4387,213,18,19,1
2,doc_4387,213,21,22,1
112,doc_4387,213,26,26,1
350,doc_4387,213,36,37,1
55,doc_4387,213,40,40,1
351,doc_4387,214,0,0,1
352,doc_4387,214,2,3,1
43,doc_4387,215,1,1,1
353,doc_4387,215,3,3,1
59,doc_4387,215,7,7,1
43,doc_4387,216,2,2,1
354,doc_4387,216,4,5,1
355,doc_4387,216,7,8,1
48,doc_4387,216,10,10,1
356,doc_4387,216,12,14,1
112,doc_4387,216,16,16,1
357,doc_4387,216,19,19,1
44,doc_4387,216,23,24,1
358,doc_4387,216,26,26,1
359,doc_4387,216,28,28,1
360,doc_4387,216,35,35,1
361,doc_4387,216,37,39,1
362,doc_4387,216,41,41,1
353,doc_4387,216,49,49,1
363,doc_4387,216,62,63,1
364,doc_4387,216,65,66,1
365,doc_4387,216,68,69,1
366,doc_4387,217,0,2,1
367,doc_4387,218,0,0,1
368,doc_4387,218,3,4,1
353,doc_4387,219,0,0,1
369,doc_4387,219,2,3,1
370,doc_4387,221,0,2,1
371,doc_4387,222,7,7,1
372,doc_4387,223,0,1,1
360,doc_4387,223,3,3,1
373,doc_4387,223,5,6,1
374,doc_4387,223,9,10,1
375,doc_4387,223,12,12,1
376,doc_4387,224,2,3,1
360,doc_4387,224,12,12,1
377,doc_4387,224,14,16,1
378,doc_4387,224,18,18,1
379,doc_4387,224,39,41,1
380,doc_4387,224,43,44,1
353,doc_4387,224,46,46,1
6,doc_4387,224,48,48,1
381,doc_4387,224,50,52,1
382,doc_4387,224,54,56,1
112,doc_4387,225,0,0,1
383,doc_4387,225,3,4,1
363,doc_4387,227,0,1,1
43,doc_4387,227,10,11,1
384,doc_4387,227,13,14,1
353,doc_4387,227,18,18,1
385,doc_4387,227,26,27,1
353,doc_4387,228,0,0,1
386,doc_4387,228,3,4,1
353,doc_4387,230,1,1,1
387,doc_4387,230,13,13,1
388,doc_4387,232,0,1,1
59,doc_4387,232,5,5,1
389,doc_4387,232,17,17,1
390,doc_4387,232,21,23,1
391,doc_4387,233,0,1,1
392,doc_4387,233,4,4,1
37,doc_4387,233,16,16,1
393,doc_4387,233,18,19,1
25,doc_4387,233,22,22,1
43,doc_4387,235,0,0,1
6,doc_4387,235,13,13,1
394,doc_4387,236,1,1,1
6,doc_4387,237,5,5,1
59,doc_4387,238,1,1,1
395,doc_4387,238,3,4,1
396,doc_4387,238,6,8,1
397,doc_4387,238,16,17,1
398,doc_4387,238,19,21,1
185,doc_4387,240,0,0,1
399,doc_4387,241,0,2,1
400,doc_4387,241,4,6,1
401,doc_4387,242,0,1,1
402,doc_4387,242,4,4,1
402,doc_4387,243,9,9,1
83,doc_4387,243,13,13,1
359,doc_4387,243,29,29,1
402,doc_4387,244,0,0,1
403,doc_4387,244,4,4,1
404,doc_4387,244,6,10,1
405,doc_4387,245,1,1,1
360,doc_4387,246,10,10,1
406,doc_4387,246,12,13,1
359,doc_4387,246,15,15,1
377,doc_4387,247,2,4,1
378,doc_4387,247,6,6,1
407,doc_4387,249,1,3,1
311,doc_4387,249,5,6,1
402,doc_4387,250,0,0,1
408,doc_4387,250,3,4,1
409,doc_4387,251,2,3,1
410,doc_4387,252,1,3,1
48,doc_4387,252,5,5,1
411,doc_4387,253,0,1,1
412,doc_4387,253,3,4,1
413,doc_4387,253,7,8,1
414,doc_4387,254,0,0,1
415,doc_4387,254,2,4,1
416,doc_4387,255,5,6,1
59,doc_4387,256,0,0,1
417,doc_4387,256,2,4,1
418,doc_4387,256,7,8,1
419,doc_4387,257,0,1,1
420,doc_4387,257,8,10,1
421,doc_4387,257,13,14,1
422,doc_4387,258,0,1,1
423,doc_4387,258,3,5,1
424,doc_4387,259,1,3,1
425,doc_4387,259,5,6,1
426,doc_4387,259,9,10,1
427,doc_4387,260,0,2,1
428,doc_4387,260,15,15,1
429,doc_4387,260,18,20,1
430,doc_4387,261,0,1,1
431,doc_4387,261,4,6,1
432,doc_4387,261,8,9,1
433,doc_4387,264,0,0,1
434,doc_4387,264,2,3,1
435,doc_4387,264,5,6,1
22,doc_4387,264,8,8,1
436,doc_4387,265,10,11,1
437,doc_4387,266,0,1,1
103,doc_4387,266,3,3,1
336,doc_4387,266,5,5,1
24,doc_4387,266,7,7,1
438,doc_4387,268,0,3,1
159,doc_4387,268,11,11,1
439,doc_4387,269,15,17,1
440,doc_4387,270,9,11,1
441,doc_4387,270,14,16,1
442,doc_4387,271,0,0,1
15,doc_4387,271,4,4,1
443,doc_4387,271,6,7,1
217,doc_4387,271,10,12,1
444,doc_7ceb,2,0,2,1
445,doc_7ceb,3,1,1,1
446,doc_7ceb,3,11,12,1
447,doc_7ceb,3,14,15,1
448,doc_7ceb,4,1,2,1
449,doc_7ceb,4,5,7,1
450,doc_7ceb,4,9,11,1
451,doc_7ceb,5,1,2,1
452,doc_7ceb,5,4,4,1
296,doc_7ceb,5,6,6,1
444,doc_7ceb,6,0,2,1
453,doc_7ceb,7,0,2,1
445,doc_7ceb,7,10,10,1
454,doc_7ceb,8,0,1,1
445,doc_7ceb,9,5,5,1
455,doc_7ceb,9,7,8,1
456,doc_7ceb,10,5,6,1
229,doc_7ceb,10,8,9,1
457,doc_7ceb,10,12,13,1
453,doc_7ceb,11,0,2,1
445,doc_7ceb,11,10,10,1
6,doc_7ceb,12,0,0,1
458,doc_7ceb,13,0,0,1
459,doc_7ceb,13,3,5,1
460,doc_7ceb,14,0,0,1
461,doc_7ceb,14,3,4,1
462,doc_7ceb,14,10,11,1
462,doc_7ceb,15,0,0,1
463,doc_7ceb,15,3,5,1
464,doc_7ceb,16,0,0,1
6,doc_7ceb,16,3,3,1
465,doc_7ceb,17,0,0,1
59,doc_7ceb,17,3,3,1
466,doc_7ceb,18,0,0,1
467,doc_7ceb,18,3,4,1
468,doc_7ceb,18,8,9,1
469,doc_7ceb,18,11,11,1
468,doc_7ceb,19,2,3,1
469,doc_7ceb,19,5,5,1
470,doc_7ceb,20,2,3,1
6,doc_7ceb,21,0,0,1
471,doc_7ceb,21,2,4,1
472,doc_7ceb,22,0,2,1
473,doc_7ceb,23,0,2,1
474,doc_7ceb,23,4,6,1
475,doc_7ceb,23,8,10,1
476,doc_7ceb,24,0,0,1
477,doc_7ceb,24,2,3,1
6,doc_7ceb,24,5,5,1
478,doc_7ceb,24,18,19,1
479,doc_7ceb,24,21,22,1
480,doc_7ceb,24,24,25,1
481,doc_7ceb,24,32,32,1
482,doc_7ceb,25,2,3,1
483,doc_7ceb,25,5,5,1
484,doc_7ceb,25,6,6,1
6,doc_7ceb,25,14,14,1
485,doc_7ceb,25,16,18,1
486,doc_7ceb,26,4,5,1
487,doc_7ceb,27,0,1,1
488,doc_7ceb,27,3,3,1
489,doc_7ceb,28,0,0,1
490,doc_7ceb,29,0,1,1
491,doc_7ceb,30,0,1,1
492,doc_7ceb,30,3,4,1
493,doc_7ceb,31,14,16,1
494,doc_7ceb,33,0,1,1
43,doc_7ceb,33,3,3,1
6,doc_7ceb,34,0,0,1
467,doc_7ceb,34,7,8,1
495,doc_7ceb,35,0,1,1
496,doc_7ceb,36,0,2,1
6,doc_7ceb,36,4,4,1
207,doc_7ceb,36,8,8,1
497,doc_7ceb,37,8,9,1
498,doc_7ceb,38,0,1,1
6,doc_7ceb,38,3,3,1
499,doc_7ceb,38,5,6,1
498,doc_7ceb,39,0,1,1
6,doc_7ceb,39,3,3,1
500,doc_7ceb,40,7,8,1
500,doc_7ceb,41,6,7,1
501,doc_7ceb,42,0,2,1
502,doc_7ceb,42,18,18,1
503,doc_7ceb,43,0,2,1
382,doc_7ceb,43,4,6,1
504,doc_7ceb,44,1,3,1
6,doc_7ceb,44,5,5,1
505,doc_7ceb,44,7,7,1
6,doc_7ceb,45,0,1,1
506,doc_7ceb,46,0,1,1
507,doc_7ceb,46,3,5,1
508,doc_7ceb,46,7,8,1
445,doc_7ceb,46,10,10,1
445,doc_7ceb,47,0,0,1
509,doc_7ceb,47,2,2,1
428,doc_7ceb,47,4,4,1
510,doc_7ceb,48,5,5,1
428,doc_7ceb,49,0,0,1
511,doc_7ceb,49,16,16,1
512,doc_7ceb,50,0,1,1
513,doc_7ceb,51,0,3,1
514,doc_7ceb,52,0,1,1
515,doc_7ceb,52,8,9,1
516,doc_7ceb,53,5,6,1
517,doc_7ceb,55,0,1,1
518,doc_7ceb,56,0,0,1
517,doc_7ceb,58,0,1,1
519,doc_7ceb,59,0,1,1
520,doc_7ceb,59,15,16,1
521,doc_7ceb,59,18,18,1
522,doc_7ceb,60,0,1,1
6,doc_7ceb,60,3,3,1
509,doc_7ceb,61,0,0,1
523,doc_7ceb,61,16,16,1
524,doc_7ceb,61,18,19,1
5,doc_7ceb,62,0,1,1
467,doc_7ceb,62,3,4,1
525,doc_7ceb,62,7,8,1
526,doc_7ceb,62,10,12,1
6,doc_7ceb,63,0,0,1
509,doc_7ceb,63,3,3,1
524,doc_7ceb,63,5,7,1
6,doc_7ceb,64,0,0,1
527,doc_7ceb,64,2,4,1
25,doc_7ceb,65,0,0,1
445,doc_7ceb,66,0,0,1
528,doc_7ceb,66,3,4,1
529,doc_7ceb,66,6,8,1
530,doc_7ceb,66,10,11,1
531,doc_7ceb,66,41,43,1
532,doc_7ceb,66,52,52,1
511,doc_7ceb,67,0,0,1
533,doc_7ceb,67,3,4,1
533,doc_7ceb,68,0,1,1
534,doc_7ceb,68,3,3,1
535,doc_7ceb,68,6,8,1
536,doc_7ceb,69,0,1,1
537,doc_7ceb,69,4,4,1
538,doc_7ceb,69,6,7,1
539,doc_7ceb,70,0,0,1
534,doc_7ceb,70,3,5,1
540,doc_7ceb,71,0,1,1
509,doc_7ceb,71,4,4,1
541,doc_7ceb,71,6,7,1
542,doc_7ceb,71,16,18,1
540,doc_7ceb,72,0,1,1
543,doc_7ceb,72,3,5,1
540,doc_7ceb,73,0,1,1
544,doc_7ceb,73,3,6,1
38,doc_7ceb,73,15,15,1
511,doc_7ceb,74,0,0,1
545,doc_7ceb,74,3,5,1
538,doc_7ceb,74,7,8,1
533,doc_7ceb,74,15,16,1
546,doc_7ceb,75,1,2,1
547,doc_7ceb,75,4,5,1
6,doc_7ceb,75,8,8,1
6,doc_7ceb,76,5,5,1
489,doc_7ceb,76,7,7,1
548,doc_7ceb,77,0,1,1
549,doc_7ceb,77,3,4,1
550,doc_7ceb,78,0,2,1
6,doc_7ceb,78,5,5,1
551,doc_7ceb,79,7,7,1
552,doc_7ceb,79,9,10,1
553,doc_7ceb,79,12,13,1
533,doc_7ceb,80,0,2,1
554,doc_7ceb,80,4,5,1
533,doc_7ceb,81,13,14,1
555,doc_7ceb,82,6,8,1
6,doc_7ceb,83,0,0,1
509,doc_7ceb,83,2,3,1
556,doc_7ceb,84,0,2,1
557,doc_7ceb,84,4,5,1
558,doc_7ceb,85,0,2,1
559,doc_7ceb,85,13,14,1
185,doc_7ceb,85,16,16,1
509,doc_7ceb,86,0,0,1
6,doc_7ceb,86,2,2,1
560,doc_7ceb,87,0,1,1
6,doc_7ceb,88,11,11,1
489,doc_7ceb,88,13,13,1
445,doc_7ceb,89,0,0,1
6,doc_7ceb,89,2,2,1
561,doc_7ceb,89,11,12,1
6,doc_7ceb,90,0,0,1
454,doc_7ceb,91,0,1,1
562,doc_7ceb,92,0,1,1
43,doc_7ceb,92,3,3,1
563,doc_7ceb,92,6,7,1
564,doc_7ceb,92,16,17,1
43,doc_7ceb,93,0,0,1
562,doc_7ceb,94,7,8,1
565,doc_7ceb,95,0,1,1
517,doc_7ceb,95,3,4,1
43,doc_7ceb,95,6,6,1
566,doc_7ceb,97,0,2,1
43,doc_7ceb,97,4,4,1
567,doc_7ceb,97,12,14,1
568,doc_7ceb,98,0,2,1
43,doc_7ceb,98,4,4,1
567,doc_7ceb,98,12,14,1
445,doc_7ceb,99,5,5,1
455,doc_7ceb,99,7,8,1
445,doc_7ceb,100,0,0,1
296,doc_7ceb,100,2,2,1
569,doc_7ceb,100,12,14,1
570,doc_7ceb,101,0,2,1
571,doc_7ceb,102,1,2,1
572,doc_7ceb,102,4,4,1
573,doc_7ceb,102,6,8,1
574,doc_7ceb,102,20,22,1
575,doc_7ceb,102,25,27,1
576,doc_7ceb,103,6,8,1
577,doc_7ceb,103,10,10,1
176,doc_7ceb,103,12,13,1
578,doc_7ceb,106,1,2,1
579,doc_7ceb,107,0,0,1
580,doc_7ceb,107,2,3,1
581,doc_7ceb,107,5,6,1
582,doc_7ceb,108,0,3,1
583,doc_7ceb,108,5,6,1
584,doc_7ceb,108,8,9,1
585,doc_7ceb,110,0,0,1
586,doc_7ceb,110,2,3,1
583,doc_7ceb,111,0,1,1
587,doc_7ceb,111,3,4,1
588,doc_7ceb,112,0,2,1
589,doc_7ceb,112,17,17,1
590,doc_7ceb,112,19,19,1
588,doc_7ceb,113,0,2,1
589,doc_7ceb,113,17,17,1
590,doc_7ceb,113,19,19,1
591,doc_7ceb,114,0,1,1
592,doc_7ceb,114,4,4,1
592,doc_7ceb,115,6,6,1
591,doc_7ceb,116,0,1,1
592,doc_7ceb,116,4,4,1
592,doc_7ceb,117,6,6,1
456,doc_7ceb,118,5,6,1
229,doc_7ceb,118,8,9,1
457,doc_7ceb,118,12,13,1
593,doc_7ceb,119,6,7,1
594,doc_7ceb,119,10,11,1
595,doc_7ceb,119,13,14,1
596,doc_7ceb,119,16,16,1
31,doc_7ceb,119,24,24,1
597,doc_7ceb,119,26,27,1
83,doc_7ceb,119,29,29,1
564,doc_7ceb,119,31,32,1
598,doc_7ceb,120,0,0,1
599,doc_7ceb,120,3,5,1
600,doc_7ceb,120,7,8,1
31,doc_7ceb,121,1,1,1
594,doc_7ceb,121,3,4,1
601,doc_7ceb,121,6,7,1
602,doc_7ceb,121,14,15,1
603,doc_7ceb,122,0,0,1
604,doc_7ceb,122,2,4,1
25,doc_7ceb,123,10,10,1
605,doc_7ceb,124,0,2,1
606,doc_7ceb,124,4,5,1
445,doc_7ceb,125,0,0,1
31,doc_7ceb,125,2,2,1
607,doc_7ceb,126,0,1,1
608,doc_7ceb,126,3,3,1
609,doc_7ceb,127,0,1,1
610,doc_7ceb,127,3,4,1
608,doc_7ceb,127,6,7,1
611,doc_7ceb,128,0,0,1
612,doc_7ceb,129,9,10,1
31,doc_7ceb,130,2,2,1
613,doc_7ceb,130,4,4,1
614,doc_7ceb,130,6,7,1
615,doc_7ceb,131,1,1,1
616,doc_7ceb,131,5,7,1
617,doc_7ceb,132,0,0,1
31,doc_7ceb,133,6,6,1
31,doc_7ceb,134,0,1,1
618,doc_7ceb,134,3,5,1
619,doc_7ceb,134,18,19,1
620,doc_7ceb,134,28,30,1
621,doc_7ceb,134,50,52,1
31,doc_7ceb,135,0,1,1
622,doc_7ceb,136,16,18,1
623,doc_7ceb,136,22,23,1
624,doc_7ceb,136,30,31,1
625,doc_7ceb,136,33,34,1
445,doc_7ceb,137,0,0,1
626,doc_7ceb,137,16,17,1
627,doc_7ceb,137,20,20,1
31,doc_7ceb,137,27,28,1
628,doc_7ceb,137,30,31,1
629,doc_7ceb,137,54,56,1
608,doc_7ceb,137,64,64,1
630,doc_7ceb,137,66,68,1
31,doc_7ceb,138,0,1,1
631,doc_7ceb,138,70,70,1
608,doc_7ceb,138,85,85,1
632,doc_7ceb,138,87,88,1
633,doc_7ceb,139,9,10,1
445,doc_7ceb,139,13,13,1
634,doc_7ceb,139,15,15,1
446,doc_7ceb,139,23,24,1
447,doc_7ceb,139,26,27,1
445,doc_7ceb,140,3,3,1
635,doc_7ceb,140,5,7,1
636,doc_7ceb,140,9,10,1
446,doc_7ceb,141,1,2,1
635,doc_7ceb,141,4,6,1
447,doc_7ceb,142,1,2,1
637,doc_7ceb,142,5,7,1
482,doc_7ceb,142,9,10,1
638,doc_7ceb,142,12,12,1
281,doc_7ceb,142,23,23,1
639,doc_7ceb,143,1,3,1
640,doc_7ceb,143,12,14,1
641,doc_7ceb,144,0,2,1
642,doc_7ceb,144,11,12,1
445,doc_7ceb,144,14,14,1
509,doc_7ceb,145,16,16,1
445,doc_7ceb,146,3,3,1
635,doc_7ceb,146,5,7,1
636,doc_7ceb,146,9,10,1
635,doc_7ceb,147,0,1,1
636,doc_7ceb,147,3,4,1
281,doc_7ceb,148,5,5,1
445,doc_7ceb,149,2,2,1
229,doc_7ceb,149,6,7,1
281,doc_7ceb,149,9,10,1
643,doc_7ceb,150,0,1,1
644,doc_7ceb,150,3,4,1
78,doc_7ceb,150,6,6,1
645,doc_7ceb,151,0,1,1
646,doc_7ceb,152,6,7,1
642,doc_7ceb,152,9,10,1
647,doc_7ceb,153,0,1,1
648,doc_7ceb,153,4,6,1
649,doc_7ceb,153,17,19,1
275,doc_7ceb,153,21,21,1
642,doc_7ceb,153,23,24,1
59,doc_7ceb,154,0,0,1
650,doc_7ceb,154,2,3,1
25,doc_7ceb,155,0,0,1
538,doc_7ceb,156,1,2,1
642,doc_7ceb,156,5,6,1
651,doc_7ceb,156,9,10,1
641,doc_7ceb,156,12,14,1
652,doc_7ceb,157,0,1,1
6,doc_7ceb,158,7,7,1
445,doc_7ceb,159,7,7,1
31,doc_7ceb,159,14,14,1
43,doc_7ceb,160,1,1,1
653,doc_7ceb,160,4,6,1
642,doc_7ceb,160,8,9,1
43,doc_7ceb,161,1,1,1
653,doc_7ceb,161,4,6,1
642,doc_7ceb,161,8,9,1
654,doc_7ceb,162,1,3,1
653,doc_7ceb,162,6,8,1
445,doc_7ceb,162,10,10,1
229,doc_7ceb,162,12,13,1
445,doc_7ceb,163,12,12,1
31,doc_7ceb,163,19,19,1
488,doc_7ceb,164,0,0,1
565,doc_7ceb,164,3,4,1
655,doc_7ceb,164,7,9,1
656,doc_7ceb,164,11,12,1
657,doc_7ceb,165,0,2,1
658,doc_7ceb,165,4,5,1
659,doc_7ceb,165,7,7,1
281,doc_7ceb,165,17,18,1
660,doc_7ceb,165,25,26,1
661,doc_7ceb,165,29,31,1
662,doc_7ceb,165,33,35,1
43,doc_7ceb,166,1,1,1
653,doc_7ceb,166,4,6,1
642,doc_7ceb,166,8,9,1
488,doc_7ceb,167,0,0,1
663,doc_7ceb,169,8,10,1
664,doc_7ceb,170,1,3,1
665,doc_7ceb,170,5,7,1
281,doc_7ceb,171,2,2,1
666,doc_7ceb,171,4,5,1
667,doc_7ceb,171,7,7,1
534,doc_7ceb,171,9,9,1
668,doc_7ceb,171,11,12,1
669,doc_7ceb,171,17,17,1
670,doc_7ceb,171,20,21,1
671,doc_7ceb,171,28,28,1
672,doc_7ceb,171,32,34,1
673,doc_7ceb,171,36,38,1
43,doc_7ceb,171,41,41,1
653,doc_7ceb,171,44,46,1
642,doc_7ceb,171,48,49,1
488,doc_7ceb,172,0,0,1
663,doc_7ceb,174,8,10,1
281,doc_7ceb,175,2,2,1
666,doc_7ceb,175,4,5,1
674,doc_7ceb,175,7,8,1
667,doc_7ceb,175,15,15,1
534,doc_7ceb,175,17,17,1
654,doc_7ceb,175,20,22,1
653,doc_7ceb,175,25,27,1
445,doc_7ceb,175,29,29,1
229,doc_7ceb,175,31,32,1
488,doc_7ceb,176,0,0,1
663,doc_7ceb,178,8,10,1
675,doc_7ceb,179,0,0,1
676,doc_7ceb,179,2,4,1
534,doc_7ceb,179,6,6,1
677,doc_7ceb,179,8,9,1
678,doc_7ceb,179,28,28,1
679,doc_7ceb,179,30,31,1
281,doc_7ceb,179,33,33,1
680,doc_7ceb,179,40,41,1
446,doc_7ceb,180,1,2,1
635,doc_7ceb,180,4,6,1
681,doc_7ceb,181,0,2,1
670,doc_7ceb,181,4,5,1
682,doc_7ceb,182,0,0,1
38,doc_7ceb,182,4,4,1
281,doc_7ceb,183,0,0,1
683,doc_7ceb,184,1,3,1
643,doc_7ceb,186,6,7,1
684,doc_7ceb,186,9,11,1
685,doc_7ceb,186,13,16,1
686,doc_7ceb,187,7,8,1
656,doc_7ceb,187,10,11,1
687,doc_7ceb,187,14,15,1
688,doc_7ceb,188,7,9,1
281,doc_7ceb,189,6,6,1
689,doc_7ceb,189,9,9,1
690,doc_7ceb,190,0,1,1
691,doc_7ceb,190,3,3,1
692,doc_7ceb,190,5,8,1
693,doc_7ceb,191,1,1,1
643,doc_7ceb,191,14,15,1
684,doc_7ceb,191,17,19,1
685,doc_7ceb,191,21,24,1
694,doc_7ceb,191,27,29,1
676,doc_7ceb,191,31,33,1
695,doc_7ceb,192,8,8,1
695,doc_7ceb,193,0,0,1
696,doc_7ceb,193,2,3,1
38,doc_7ceb,193,5,5,1
697,doc_7ceb,194,0,1,1
698,doc_7ceb,194,2,2,1
229,doc_7ceb,194,5,6,1
699,doc_7ceb,194,12,12,1
700,doc_7ceb,195,13,14,1
701,doc_7ceb,195,16,17,1
702,doc_7ceb,195,19,19,1
38,doc_7ceb,195,23,23,1
703,doc_7ceb,195,25,27,1
704,doc_7ceb,195,29,29,1
704,doc_7ceb,196,0,0,1
534,doc_7ceb,196,7,7,1
704,doc_7ceb,197,0,0,1
705,doc_7ceb,197,6,8,1
706,doc_7ceb,197,10,11,1
704,doc_7ceb,198,0,0,1
702,doc_7ceb,198,10,10,1
707,doc_7ceb,198,13,14,1
695,doc_7ceb,198,34,34,1
704,doc_7ceb,199,0,0,1
708,doc_7ceb,199,7,8,1
240,doc_7ceb,200,0,2,1
704,doc_7ceb,201,0,0,1
709,doc_7ceb,201,7,8,1
240,doc_7ceb,202,0,2,1
704,doc_7ceb,203,0,0,1
534,doc_7ceb,203,7,7,1
704,doc_7ceb,204,0,0,1
710,doc_7ceb,204,7,7,1
711,doc_7ceb,204,10,11,1
712,doc_7ceb,204,20,21,1
469,doc_7ceb,205,0,0,1
686,doc_7ceb,207,7,8,1
656,doc_7ceb,207,10,11,1
687,doc_7ceb,207,14,15,1
686,doc_7ceb,208,0,1,1
664,doc_7ceb,209,0,2,1
686,doc_7ceb,209,4,5,1
489,doc_7ceb,209,8,9,1
713,doc_7ceb,209,11,12,1
567,doc_7ceb,209,14,16,1
714,doc_7ceb,210,4,5,1
715,doc_7ceb,210,7,8,1
716,doc_7ceb,210,21,21,1
717,doc_7ceb,210,23,24,1
718,doc_7ceb,210,26,26,1
448,doc_7ceb,210,28,30,1
687,doc_7ceb,211,0,1,1
719,doc_7ceb,211,3,5,1
720,doc_7ceb,211,7,9,1
721,doc_7ceb,213,2,2,1
722,doc_7ceb,213,11,13,1
723,doc_7ceb,214,1,2,1
724,doc_7ceb,214,4,4,1
725,doc_7ceb,214,20,21,1
726,doc_7ceb,214,68,69,1
727,doc_7ceb,214,71,72,1
728,doc_7ceb,214,74,76,1
551,doc_7ceb,214,84,84,1
489,doc_7ceb,214,96,96,1
695,doc_7ceb,215,1,1,1
445,doc_7ceb,215,4,4,1
729,doc_7ceb,215,8,10,1
730,doc_7ceb,215,12,14,1
731,doc_7ceb,215,17,18,1
534,doc_7ceb,215,20,20,1
685,doc_7ceb,215,24,26,1
128,doc_7ceb,215,30,30,1
732,doc_7ceb,215,32,35,1
281,doc_7ceb,216,0,1,1
733,doc_7ceb,216,3,4,1
734,doc_7ceb,217,0,1,1
735,doc_7ceb,217,3,5,1
688,doc_7ceb,218,7,9,1
736,doc_7ceb,219,1,3,1
737,doc_7ceb,220,3,4,1
38,doc_7ceb,220,6,6,1
695,doc_7ceb,220,8,8,1
695,doc_7ceb,221,0,0,1
738,doc_7ceb,221,7,8,1
739,doc_7ceb,222,0,1,1
698,doc_7ceb,222,2,2,1
229,doc_7ceb,222,5,6,1
740,doc_7ceb,223,0,0,1
741,doc_7ceb,223,7,7,1
742,doc_7ceb,223,9,10,1
743,doc_7ceb,223,19,19,1
744,doc_7ceb,223,29,29,1
469,doc_7ceb,223,31,31,1
281,doc_7ceb,225,6,6,1
689,doc_7ceb,225,9,9,1
690,doc_7ceb,226,0,1,1
692,doc_7ceb,226,6,8,1
745,doc_7ceb,227,7,8,1
642,doc_7ceb,227,10,11,1
689,doc_7ceb,228,0,0,1
746,doc_7ceb,228,3,4,1
652,doc_7ceb,228,21,22,1
3,doc_7ceb,228,29,30,1
747,doc_7ceb,228,32,33,1
119,doc_7ceb,228,35,35,1
748,doc_7ceb,228,37,38,1
749,doc_7ceb,228,40,41,1
750,doc_7ceb,230,8,8,1
724,doc_7ceb,230,10,11,1
751,doc_7ceb,230,18,19,1
752,doc_7ceb,230,26,27,1
753,doc_7ceb,230,34,35,1
695,doc_7ceb,231,0,1,1
445,doc_7ceb,231,4,4,1
689,doc_7ceb,231,8,8,1
754,doc_7ceb,231,12,13,1
755,doc_7ceb,232,0,2,1
128,doc_7ceb,232,6,6,1
449,doc_7ceb,232,9,12,1
690,doc_7ceb,233,0,1,1
756,doc_7ceb,233,3,4,1
690,doc_7ceb,234,0,1,1
757,doc_7ceb,235,0,0,1
758,doc_7ceb,235,2,3,1
759,doc_7ceb,236,17,17,1
760,doc_7ceb,236,26,26,1
761,doc_7ceb,236,35,35,1
762,doc_7ceb,237,16,16,1
763,doc_7ceb,237,43,45,1
764,doc_7ceb,237,47,47,1
765,doc_7ceb,237,48,48,1
281,doc_7ceb,237,49,49,1
765,doc_7ceb,238,1,1,1
489,doc_7ceb,238,12,12,1
766,doc_7ceb,239,0,1,1
767,doc_7ceb,240,0,1,1
750,doc_7ceb,240,18,18,1
768,doc_7ceb,240,31,32,1
6,doc_7ceb,240,34,34,1
769,doc_7ceb,240,38,39,1
770,doc_7ceb,240,42,43,1
723,doc_7ceb,241,1,2,1
240,doc_7ceb,241,14,14,1
59,doc_7ceb,241,17,17,1
489,doc_7ceb,241,19,19,1
764,doc_7ceb,241,21,21,1
765,doc_7ceb,241,22,22,1
281,doc_7ceb,241,23,23,1
771,doc_7ceb,241,26,28,1
772,doc_7ceb,241,30,31,1
757,doc_7ceb,241,34,34,1
773,doc_7ceb,241,36,38,1
774,doc_7ceb,241,46,48,1
775,doc_7ceb,241,51,52,1
6,doc_7ceb,241,55,55,1
776,doc_7ceb,241,58,60,1
777,doc_7ceb,242,0,1,1
734,doc_7ceb,243,0,1,1
735,doc_7ceb,243,3,5,1
447,doc_7ceb,244,1,2,1
637,doc_7ceb,244,5,7,1
482,doc_7ceb,244,9,10,1
638,doc_7ceb,244,12,12,1
281,doc_7ceb,244,23,23,1
778,doc_7ceb,245,7,8,1
482,doc_7ceb,245,10,11,1
779,doc_7ceb,245,13,13,1
780,doc_7ceb,245,27,28,1
756,doc_7ceb,245,31,32,1
781,doc_7ceb,246,0,1,1
534,doc_7ceb,246,14,14,1
78,doc_7ceb,246,16,16,1
6,doc_7ceb,247,0,0,1
782,doc_7ceb,249,5,6,1
638,doc_7ceb,250,6,6,1
670,doc_7ceb,251,7,9,1
783,doc_7ceb,251,13,13,1
784,doc_7ceb,251,15,16,1
781,doc_7ceb,252,6,7,1
785,doc_7ceb,252,14,16,1
786,doc_7ceb,253,5,7,1
787,doc_7ceb,254,1,2,1
788,doc_7ceb,254,16,17,1
670,doc_7ceb,254,20,21,1
789,doc_7ceb,255,1,3,1
790,doc_7ceb,255,5,7,1
782,doc_7ceb,255,14,15,1
281,doc_7ceb,256,1,1,1
779,doc_7ceb,256,9,9,1
6,doc_7ceb,256,13,14,1
766,doc_7ceb,256,18,19,1
6,doc_7ceb,257,0,0,1
445,doc_7ceb,257,2,2,1
83,doc_7ceb,259,8,8,1
791,doc_7ceb,260,1,1,1
792,doc_7ceb,260,2,3,1
6,doc_7ceb,260,6,6,1
757,doc_7ceb,260,11,11,1
793,doc_7ceb,261,0,2,1
794,doc_7ceb,261,4,5,1
445,doc_7ceb,261,7,7,1
795,doc_7ceb,262,8,8,1
83,doc_7ceb,262,9,9,1
281,doc_7ceb,263,0,1,1
796,doc_7ceb,263,14,16,1
791,doc_7ceb,264,1,1,1
797,doc_7ceb,264,3,3,1
795,doc_7ceb,264,8,8,1
6,doc_7ceb,264,16,17,1
757,doc_7ceb,264,21,21,1
798,doc_7ceb,265,0,1,1
799,doc_7ceb,265,3,5,1
800,doc_7ceb,266,2,4,1
680,doc_7ceb,266,6,7,1
801,doc_7ceb,267,7,9,1
281,doc_7ceb,267,15,15,1
802,doc_7ceb,267,17,19,1
803,doc_7ceb,267,21,23,1
779,doc_7ceb,268,11,11,1
804,doc_7ceb,268,12,12,1
83,doc_7ceb,268,13,13,1
802,doc_7ceb,269,1,3,1
779,doc_7ceb,269,11,11,1
805,doc_7ceb,269,12,12,1
83,doc_7ceb,269,13,13,1
638,doc_7ceb,270,6,6,1
806,doc_7ceb,271,0,2,1
638,doc_7ceb,272,0,0,1
807,doc_7ceb,273,0,0,1
808,doc_7ceb,273,11,11,1
6,doc_7ceb,274,0,0,1
809,doc_7ceb,274,2,2,1
460,doc_7ceb,274,4,4,1
445,doc_7ceb,274,9,9,1
810,doc_7ceb,274,11,11,1
96,doc_7ceb,274,13,14,1
811,doc_7ceb,275,1,2,1
812,doc_7ceb,275,4,6,1
813,doc_7ceb,276,0,2,1
814,doc_7ceb,276,5,6,1
458,doc_7ceb,276,8,8,1
670,doc_7ceb,277,7,9,1
783,doc_7ceb,277,13,13,1
784,doc_7ceb,277,15,16,1
815,doc_7ceb,278,0,1,1
816,doc_7ceb,278,4,5,1
811,doc_7ceb,278,10,11,1
6,doc_7ceb,278,13,13,1
817,doc_7ceb,278,22,23,1
818,doc_7ceb,278,25,27,1
638,doc_7ceb,279,0,0,1
807,doc_7ceb,280,0,0,1
808,doc_7ceb,280,11,11,1
819,doc_7ceb,280,15,16,1
6,doc_7ceb,280,18,18,1
538,doc_7ceb,281,0,1,1
6,doc_7ceb,281,3,3,1
820,doc_7ceb,282,0,1,1
6,doc_7ceb,282,5,5,1
6,doc_7ceb,283,0,0,1
817,doc_7ceb,283,9,10,1
821,doc_7ceb,283,12,14,1
638,doc_7ceb,284,0,0,1
807,doc_7ceb,285,0,0,1
808,doc_7ceb,285,11,11,1
819,doc_7ceb,285,15,16,1
822,doc_7ceb,285,18,20,1
6,doc_7ceb,285,22,22,1
477,doc_7ceb,286,0,1,1
6,doc_7ceb,286,4,4,1
823,doc_7ceb,286,9,11,1
824,doc_7ceb,287,8,9,1
6,doc_7ceb,287,13,13,1
781,doc_7ceb,288,0,1,1
785,doc_7ceb,288,8,10,1
825,doc_7ceb,288,12,14,1
517,doc_7ceb,288,16,18,1
786,doc_7ceb,289,5,7,1
281,doc_7ceb,290,1,1,1
826,doc_7ceb,290,3,4,1
827,doc_7ceb,291,0,1,1
828,doc_7ceb,291,3,5,1
765,doc_7ceb,291,9,9,1
829,doc_7ceb,291,23,24,1
699,doc_7ceb,291,26,26,1
716,doc_7ceb,291,29,29,1
830,doc_7ceb,291,38,38,1
489,doc_7ceb,291,41,41,1
831,doc_7ceb,291,43,44,1
832,doc_7ceb,291,47,48,1
833,doc_7ceb,291,53,53,1
445,doc_7ceb,291,60,60,1
834,doc_7ceb,291,62,62,1
835,doc_7ceb,291,89,89,1
281,doc_7ceb,291,95,95,1
281,doc_7ceb,292,2,2,1
836,doc_7ceb,292,8,9,1
837,doc_7ceb,292,11,12,1
838,doc_7ceb,293,0,0,1
839,doc_7ceb,293,1,2,1
724,doc_7ceb,293,14,14,1
281,doc_7ceb,293,17,17,1
698,doc_7ceb,293,25,25,1
838,doc_7ceb,294,0,0,1
840,doc_7ceb,294,8,10,1
724,doc_7ceb,294,14,14,1
841,doc_7ceb,294,18,20,1
751,doc_7ceb,294,24,24,1
842,doc_7ceb,294,28,30,1
752,doc_7ceb,294,34,34,1
787,doc_7ceb,294,37,38,1
83,doc_7ceb,294,53,53,1
670,doc_7ceb,294,56,57,1
787,doc_7ceb,295,1,3,1
843,doc_7ceb,295,5,7,1
844,doc_7ceb,295,9,11,1
845,doc_7ceb,296,1,3,1
846,doc_7ceb,297,0,1,1
847,doc_7ceb,297,3,5,1
848,doc_7ceb,297,8,9,1
849,doc_7ceb,297,11,11,1
59,doc_7ceb,297,19,19,1
850,doc_7ceb,297,24,24,1
851,doc_7ceb,297,26,28,1
509,doc_7ceb,297,32,32,1
25,doc_7ceb,298,0,0,1
852,doc_7ceb,299,1,3,1
577,doc_7ceb,299,5,5,1
853,doc_7ceb,299,7,8,1
854,doc_7ceb,299,10,11,1
560,doc_7ceb,299,24,25,1
855,doc_7ceb,299,27,29,1
856,doc_7ceb,300,1,2,1
850,doc_7ceb,301,19,19,1
445,doc_7ceb,302,7,7,1
857,doc_7ceb,302,18,18,1
858,doc_7ceb,302,27,29,1
859,doc_7ceb,302,31,33,1
447,doc_7ceb,303,3,4,1
858,doc_7ceb,303,7,9,1
43,doc_7ceb,304,3,3,1
639,doc_7ceb,305,1,3,1
640,doc_7ceb,305,12,14,1
860,doc_7ceb,306,7,9,1
861,doc_7ceb,306,11,14,1
31,doc_7ceb,306,17,17,1
445,doc_7ceb,306,22,22,1
862,doc_7ceb,307,1,2,1
862,doc_7ceb,308,1,2,1
516,doc_7ceb,308,5,6,1
489,doc_7ceb,308,9,9,1
863,doc_7ceb,308,11,12,1
864,doc_7ceb,308,16,17,1
757,doc_7ceb,309,1,1,1
865,doc_7ceb,309,3,5,1
866,doc_7ceb,309,7,9,1
757,doc_7ceb,310,1,1,1
816,doc_7ceb,310,4,5,1
757,doc_7ceb,311,1,1,1
867,doc_7ceb,311,3,3,1
866,doc_7ceb,311,6,7,1
860,doc_7ceb,312,7,9,1
861,doc_7ceb,312,11,14,1
31,doc_7ceb,312,17,17,1
445,doc_7ceb,312,22,22,1
428,doc_7ceb,313,0,0,1
868,doc_7ceb,313,3,5,1
869,doc_7ceb,313,8,9,1
870,doc_7ceb,313,11,12,1
871,doc_7ceb,313,20,21,1
488,doc_7ceb,314,0,0,1
657,doc_7ceb,314,2,4,1
872,doc_7ceb,314,7,9,1
873,doc_7ceb,314,11,12,1
874,doc_7ceb,315,1,4,1
31,doc_7ceb,315,6,6,1
875,doc_7ceb,316,10,10,1
31,doc_7ceb,316,12,12,1
659,doc_7ceb,316,14,14,1
717,doc_7ceb,316,27,29,1
873,doc_7ceb,316,31,32,1
876,doc_7ceb,317,9,12,1
31,doc_7ceb,317,15,15,1
862,doc_7ceb,317,24,25,1
877,doc_7ceb,318,12,13,1
878,doc_7ceb,318,17,17,1
879,doc_7ceb,318,28,29,1
880,doc_7ceb,319,8,9,1
881,doc_7ceb,320,1,1,1
882,doc_7ceb,320,10,10,1
883,doc_7ceb,320,12,14,1
428,doc_7ceb,320,16,16,1
862,doc_7ceb,320,19,20,1
884,doc_7ceb,320,22,23,1
489,doc_7ceb,323,1,2,1
488,doc_7ceb,324,0,0,1
647,doc_7ceb,326,1,2,1
885,doc_7ceb,326,4,7,1
886,doc_7ceb,327,8,8,1
83,doc_7ceb,330,12,12,1
517,doc_7ceb,330,14,16,1
25,doc_7ceb,332,0,0,1
647,doc_7ceb,332,2,3,1
887,doc_7ceb,333,2,2,1
888,doc_7ceb,333,3,3,1
889,doc_7ceb,334,0,1,1
890,doc_7ceb,335,2,4,1
445,doc_7ceb,335,6,6,1
891,doc_7ceb,335,14,15,1
892,doc_7ceb,335,17,18,1
489,doc_7ceb,335,20,21,1
489,doc_7ceb,339,1,1,1
893,doc_7ceb,340,1,2,1
534,doc_7ceb,341,9,9,1
489,doc_7ceb,341,11,11,1
894,doc_7ceb,342,8,8,1
25,doc_7ceb,342,10,10,1
566,doc_7ceb,343,9,11,1
568,doc_7ceb,344,3,5,1
895,doc_7ceb,345,0,1,1
566,doc_7ceb,345,3,5,1
896,doc_7ceb,346,6,8,1
724,doc_7ceb,346,10,10,1
897,doc_7ceb,347,0,0,1
751,doc_7ceb,347,6,6,1
898,doc_7ceb,348,0,0,1
752,doc_7ceb,348,6,6,1
899,doc_7ceb,349,0,0,1
489,doc_7ceb,349,6,7,1
900,doc_7ceb,349,11,13,1
901,doc_7ceb,350,0,2,1
862,doc_7ceb,350,4,6,1
677,doc_7ceb,351,0,1,1
229,doc_7ceb,351,4,5,1
469,doc_7ceb,352,0,0,1
902,doc_7ceb,353,2,3,1
903,doc_7ceb,353,8,9,1
724,doc_7ceb,353,11,11,1
903,doc_7ceb,354,1,2,1
752,doc_7ceb,354,4,4,1
903,doc_7ceb,355,1,2,1
753,doc_7ceb,355,4,4,1
904,doc_7ceb,357,0,1,1
905,doc_7ceb,357,8,10,1
904,doc_7ceb,358,0,1,1
906,doc_7ceb,358,3,4,1
907,doc_7ceb,359,0,2,1
229,doc_7ceb,360,1,2,1
469,doc_7ceb,361,0,0,1
908,doc_7ceb,363,4,4,1
904,doc_7ceb,364,0,1,1
908,doc_7ceb,364,6,6,1
904,doc_7ceb,365,0,1,1
906,doc_7ceb,365,3,4,1
909,doc_7ceb,366,1,1,1
910,doc_7ceb,366,3,4,1
489,doc_7ceb,366,6,7,1
910,doc_7ceb,369,9,10,1
489,doc_7ceb,369,12,13,1
911,doc_7ceb,371,4,4,1
912,doc_7ceb,371,6,8,1
913,doc_7ceb,371,19,20,1
281,doc_7ceb,373,1,2,1
667,doc_7ceb,373,4,4,1
534,doc_7ceb,373,6,6,1
668,doc_7ceb,373,8,9,1
669,doc_7ceb,373,14,14,1
689,doc_7ceb,374,1,1,1
281,doc_7ceb,374,3,3,1
403,doc_7ceb,374,5,5,1
671,doc_7ceb,375,14,14,1
128,doc_7ceb,375,16,16,1
914,doc_7ceb,376,0,0,1
915,doc_7ceb,376,3,5,1
862,doc_7ceb,376,7,8,1
456,doc_7ceb,376,11,12,1
25,doc_7ceb,377,0,0,1
489,doc_7ceb,377,3,3,1
862,doc_7ceb,379,1,2,1
516,doc_7ceb,379,5,6,1
489,doc_7ceb,379,9,9,1
863,doc_7ceb,379,11,12,1
864,doc_7ceb,379,16,17,1
428,doc_7ceb,380,0,0,1
916,doc_7ceb,380,2,2,1
917,doc_7ceb,380,5,7,1
918,doc_7ceb,380,15,16,1
919,doc_7ceb,380,19,22,1
920,doc_7ceb,381,1,3,1
488,doc_7ceb,382,0,0,1
921,doc_7ceb,383,1,3,1
922,doc_7ceb,384,1,2,1
489,doc_7ceb,384,4,4,1
489,doc_7ceb,385,1,1,1
6,doc_7ceb,385,3,3,1
923,doc_7ceb,385,8,9,1
78,doc_7ceb,386,2,2,1
229,doc_7ceb,388,5,6,1
596,doc_7ceb,388,8,8,1
489,doc_7ceb,389,1,1,1
924,doc_7ceb,390,1,3,1
534,doc_7ceb,390,5,5,1
677,doc_7ceb,391,0,1,1
229,doc_7ceb,391,4,5,1
469,doc_7ceb,392,0,0,1
902,doc_7ceb,393,2,3,1
903,doc_7ceb,393,8,9,1
724,doc_7ceb,393,11,11,1
903,doc_7ceb,394,1,2,1
752,doc_7ceb,394,4,4,1
469,doc_7ceb,396,0,0,1
905,doc_7ceb,396,6,8,1
904,doc_7ceb,397,0,1,1
906,doc_7ceb,397,4,5,1
925,doc_7ceb,398,1,3,1
229,doc_7ceb,399,1,2,1
469,doc_7ceb,400,0,0,1
908,doc_7ceb,402,4,4,1
904,doc_7ceb,403,0,1,1
926,doc_7ceb,403,4,5,1
904,doc_7ceb,404,0,1,1
906,doc_7ceb,404,3,4,1
642,doc_7ceb,405,1,2,1
927,doc_7ceb,405,5,6,1
928,doc_7ceb,406,6,8,1
914,doc_7ceb,406,10,10,1
915,doc_7ceb,406,13,15,1
862,doc_7ceb,406,17,18,1
456,doc_7ceb,406,21,22,1
25,doc_7ceb,407,0,0,1
489,doc_7ceb,407,3,3,1
469,doc_7ceb,408,0,0,1
757,doc_7ceb,409,1,1,1
865,doc_7ceb,409,3,5,1
866,doc_7ceb,409,7,9,1
757,doc_7ceb,410,1,1,1
816,doc_7ceb,410,4,5,1
488,doc_7ceb,411,0,0,1
929,doc_7ceb,412,1,3,1
866,doc_7ceb,413,7,9,1
65,doc_7ceb,414,9,9,1
757,doc_7ceb,414,12,12,1
930,doc_7ceb,415,1,3,1
736,doc_7ceb,416,4,6,1
866,doc_7ceb,416,8,10,1
469,doc_7ceb,417,0,0,1
128,doc_7ceb,417,3,3,1
38,doc_7ceb,417,5,5,1
931,doc_7ceb,418,1,3,1
43,doc_7ceb,418,5,5,1
229,doc_7ceb,419,1,2,1
469,doc_7ceb,420,0,0,1
908,doc_7ceb,422,4,4,1
931,doc_7ceb,422,7,9,1
932,doc_7ceb,422,11,12,1
904,doc_7ceb,423,0,1,1
908,doc_7ceb,423,6,6,1
904,doc_7ceb,424,0,1,1
906,doc_7ceb,424,3,4,1
757,doc_7ceb,427,3,3,1
760,doc_7ceb,428,3,3,1
933,doc_7ceb,428,10,10,1
489,doc_7ceb,428,17,17,1
934,doc_7ceb,429,3,5,1
935,doc_7ceb,429,10,12,1
59,doc_7ceb,430,6,6,1
489,doc_7ceb,430,9,9,1
757,doc_7ceb,430,16,17,1
867,doc_7ceb,430,22,22,1
866,doc_7ceb,430,25,26,1
936,doc_7ceb,431,4,6,1
757,doc_7ceb,431,8,8,1
690,doc_7ceb,432,1,2,1
937,doc_7ceb,432,4,4,1
553,doc_7ceb,432,6,7,1
757,doc_7ceb,432,9,9,1
938,doc_7ceb,433,0,1,1
757,doc_7ceb,433,11,11,1
757,doc_7ceb,434,1,1,1
6,doc_7ceb,434,3,3,1
6,doc_7ceb,435,1,1,1
939,doc_7ceb,435,6,7,1
940,doc_7ceb,435,9,10,1
6,doc_7ceb,436,0,0,1
941,doc_7ceb,436,3,5,1
942,doc_7ceb,436,7,7,1
281,doc_7ceb,436,9,9,1
943,doc_7ceb,436,11,13,1
938,doc_7ceb,437,0,1,1
488,doc_7ceb,438,0,0,1
757,doc_7ceb,440,1,1,1
6,doc_7ceb,440,3,4,1
944,doc_7ceb,441,0,2,1
945,doc_7ceb,441,4,5,1
938,doc_7ceb,442,3,4,1
942,doc_7ceb,443,0,1,1
791,doc_7ceb,443,2,2,1
281,doc_7ceb,443,6,6,1
946,doc_7ceb,444,0,2,1
6,doc_7ceb,444,6,6,1
638,doc_7ceb,444,8,8,1
329,doc_7ceb,444,9,9,1
791,doc_7ceb,444,10,10,1
761,doc_7ceb,444,11,11,1
807,doc_7ceb,445,0,0,1
947,doc_7ceb,446,0,1,1
834,doc_7ceb,447,0,0,1
942,doc_7ceb,447,4,4,1
791,doc_7ceb,447,5,5,1
6,doc_7ceb,447,10,10,1
757,doc_7ceb,447,15,15,1
948,doc_7ceb,448,8,9,1
930,doc_7ceb,449,1,3,1
931,doc_7ceb,450,1,3,1
43,doc_7ceb,450,5,5,1
229,doc_7ceb,451,1,2,1
469,doc_7ceb,452,0,0,1
908,doc_7ceb,454,4,4,1
904,doc_7ceb,455,0,1,1
908,doc_7ceb,455,6,6,1
904,doc_7ceb,456,0,1,1
906,doc_7ceb,456,3,4,1
641,doc_7ceb,459,0,2,1
642,doc_7ceb,459,11,12,1
445,doc_7ceb,459,14,14,1
538,doc_7ceb,460,1,2,1
949,doc_7ceb,460,4,6,1
642,doc_7ceb,460,13,14,1
651,doc_7ceb,460,17,18,1
651,doc_7ceb,461,0,1,1
275,doc_7ceb,461,3,3,1
642,doc_7ceb,461,7,8,1
928,doc_7ceb,462,1,3,1
950,doc_7ceb,462,5,7,1
693,doc_7ceb,463,1,1,1
951,doc_7ceb,463,4,6,1
952,doc_7ceb,463,9,9,1
953,doc_7ceb,463,11,11,1
538,doc_7ceb,463,19,20,1
949,doc_7ceb,463,22,24,1
642,doc_7ceb,463,31,32,1
651,doc_7ceb,463,35,36,1
651,doc_7ceb,464,0,1,1
275,doc_7ceb,464,3,3,1
642,doc_7ceb,464,7,8,1
428,doc_7ceb,465,0,0,1
651,doc_7ceb,465,2,3,1
954,doc_7ceb,465,6,7,1
635,doc_7ceb,465,9,10,1
955,doc_7ceb,465,13,14,1
281,doc_7ceb,465,18,18,1
488,doc_7ceb,466,0,0,1
664,doc_7ceb,468,1,3,1
665,doc_7ceb,468,5,7,1
956,doc_7ceb,469,7,9,1
957,doc_7ceb,470,11,11,1
958,doc_7ceb,470,28,30,1
959,doc_7ceb,472,1,3,1
960,doc_7ceb,472,6,6,1
953,doc_7ceb,472,8,8,1
829,doc_7ceb,472,12,13,1
834,doc_7ceb,472,15,15,1
961,doc_7ceb,473,3,3,1
962,doc_7ceb,473,17,19,1
963,doc_7ceb,473,21,23,1
964,doc_7ceb,474,5,5,1
965,doc_7ceb,475,1,3,1
966,doc_7ceb,475,5,6,1
967,doc_7ceb,475,8,9,1
968,doc_7ceb,476,7,9,1
961,doc_7ceb,476,16,16,1
969,doc_7ceb,476,20,22,1
970,doc_7ceb,476,24,25,1
281,doc_7ceb,476,27,27,1
971,doc_7ceb,477,2,4,1
961,doc_7ceb,478,2,2,1
972,doc_7ceb,479,18,20,1
973,doc_7ceb,480,0,0,1
928,doc_7ceb,480,3,5,1
950,doc_7ceb,480,7,9,1
488,doc_7ceb,481,0,0,1
509,doc_7ceb,482,16,16,1
445,doc_7ceb,483,0,0,1
509,doc_7ceb,483,4,4,1
974,doc_7ceb,483,8,10,1
489,doc_7ceb,483,12,12,1
975,doc_7ceb,483,23,24,1
509,doc_7ceb,484,1,1,1
976,doc_7ceb,484,13,13,1
762,doc_7ceb,484,15,15,1
571,doc_7ceb,484,17,18,1
509,doc_7ceb,485,1,1,1
977,doc_7ceb,485,3,5,1
445,doc_7ceb,486,0,0,1
978,doc_7ceb,487,7,8,1
975,doc_7ceb,488,0,1,1
509,doc_7ceb,488,3,3,1
979,doc_7ceb,488,5,6,1
980,doc_7ceb,488,10,12,1
6,doc_7ceb,489,1,1,1
981,doc_7ceb,489,3,4,1
982,doc_7ceb,490,10,11,1
509,doc_7ceb,490,13,13,1
983,doc_7ceb,491,3,4,1
445,doc_7ceb,491,6,6,1
509,doc_7ceb,491,9,9,1
975,doc_7ceb,491,11,12,1
984,doc_7ceb,492,2,3,1
445,doc_7ceb,492,5,5,1
509,doc_7ceb,492,7,8,1
445,doc_7ceb,493,0,0,1
509,doc_7ceb,493,2,2,1
159,doc_7ceb,493,4,4,1
985,doc_7ceb,493,6,8,1
986,doc_7ceb,494,0,1,1
987,doc_7ceb,494,3,3,1
988,doc_7ceb,494,6,6,1
989,doc_7ceb,495,0,2,1
990,doc_7ceb,495,4,5,1
509,doc_7ceb,495,9,9,1
539,doc_7ceb,496,0,0,1
991,doc_7ceb,496,5,6,1
762,doc_7ceb,497,2,2,1
992,doc_7ceb,497,4,5,1
993,doc_7ceb,497,9,11,1
994,doc_7ceb,497,13,14,1
509,doc_7ceb,497,17,17,1
995,doc_7ceb,497,19,21,1
996,doc_7ceb,497,23,25,1
997,doc_7ceb,497,27,28,1
998,doc_7ceb,498,0,1,1
509,doc_7ceb,499,0,1,1
999,doc_7ceb,499,3,4,1
285,doc_7ceb,499,8,8,1
1000,doc_7ceb,499,10,10,1
1001,doc_7ceb,499,12,12,1
1002,doc_7ceb,499,14,14,1
1003,doc_7ceb,499,16,18,1
1004,doc_7ceb,500,0,2,1
539,doc_7ceb,501,0,1,1
1005,doc_7ceb,501,6,7,1
1006,doc_7ceb,502,0,2,1
1007,doc_7ceb,502,4,5,1
1008,doc_7ceb,502,7,9,1
1009,doc_7ceb,503,0,2,1
1007,doc_7ceb,503,4,5,1
6,doc_7ceb,503,7,7,1
762,doc_7ceb,503,9,9,1
1010,doc_7ceb,504,3,4,1
1011,doc_7ceb,504,11,13,1
489,doc_7ceb,504,16,16,1
567,doc_7ceb,505,0,2,1
1012,doc_7ceb,505,4,5,1
1013,doc_7ceb,505,7,7,1
1014,doc_7ceb,505,22,22,1
1015,doc_7ceb,505,24,25,1
762,doc_7ceb,505,27,27,1
762,doc_7ceb,506,1,1,1
1014,doc_7ceb,506,3,4,1
1011,doc_7ceb,507,6,8,1
1016,doc_7ceb,507,18,20,1
489,doc_7ceb,507,31,31,1
509,doc_7ceb,508,3,3,1
445,doc_7ceb,508,5,5,1
985,doc_7ceb,508,7,9,1
539,doc_7ceb,508,11,11,1
1017,doc_7ceb,508,21,21,1
1018,doc_7ceb,509,0,1,1
389,doc_7ceb,510,0,1,1
762,doc_7ceb,510,4,4,1
533,doc_7ceb,512,0,3,1
533,doc_7ceb,514,0,3,1
1019,doc_7ceb,514,7,8,1
1020,doc_7ceb,515,0,2,1
539,doc_7ceb,515,4,4,1
991,doc_7ceb,515,6,7,1
1021,doc_7ceb,516,0,1,1
1022,doc_7ceb,516,5,7,1
1019,doc_7ceb,516,16,17,1
539,doc_7ceb,517,8,8,1
1023,doc_7ceb,517,13,14,1
1019,doc_7ceb,518,0,3,1
762,doc_7ceb,518,5,5,1
1024,doc_7ceb,518,8,10,1
509,doc_7ceb,518,17,17,1
1025,doc_7ceb,518,29,29,1
1026,doc_7ceb,518,30,30,1
1027,doc_7ceb,518,44,45,1
795,doc_7ceb,518,47,47,1
1028,doc_7ceb,518,52,52,1
809,doc_7ceb,518,63,63,1
850,doc_7ceb,518,68,68,1
281,doc_7ceb,518,70,70,1
1029,doc_7ceb,518,72,73,1
521,doc_7ceb,518,83,83,1
509,doc_7ceb,521,3,3,1
612,doc_7ceb,521,8,9,1
1030,doc_7ceb,521,11,13,1
677,doc_7ceb,521,15,16,1
1031,doc_7ceb,521,18,19,1
469,doc_7ceb,521,21,21,1
721,doc_7ceb,521,24,24,1
765,doc_7ceb,521,25,25,1
281,doc_7ceb,521,26,26,1
724,doc_7ceb,522,6,6,1
751,doc_7ceb,522,25,25,1
1032,doc_7ceb,522,44,45,1
509,doc_7ceb,522,48,48,1
1033,doc_7ceb,522,51,52,1
1034,doc_7ceb,522,54,55,1
281,doc_7ceb,522,57,57,1
484,doc_7ceb,523,1,1,1
762,doc_7ceb,523,12,12,1
1035,doc_7ceb,523,15,17,1
1036,doc_7ceb,523,20,20,1
1037,doc_7ceb,524,7,8,1
1038,doc_7ceb,524,17,19,1
757,doc_7ceb,524,22,22,1
757,doc_7ceb,525,8,9,1
1033,doc_7ceb,525,12,13,1
779,doc_7ceb,525,20,20,1
791,doc_7ceb,525,21,21,1
1039,doc_7ceb,525,22,23,1
1040,doc_7ceb,525,25,27,1
6,doc_7ceb,525,29,29,1
1041,doc_7ceb,525,32,34,1
938,doc_7ceb,525,36,37,1
762,doc_7ceb,525,39,39,1
1042,doc_7ceb,525,41,45,1
25,doc_7ceb,526,0,0,1
509,doc_7ceb,526,9,9,1
1043,doc_7ceb,526,11,12,1
25,doc_7ceb,527,0,0,1
1044,doc_7ceb,527,2,4,1
539,doc_7ceb,527,6,6,1
1045,doc_7ceb,527,8,10,1
448,doc_7ceb,528,1,2,1
449,doc_7ceb,528,5,7,1
450,doc_7ceb,528,9,11,1
451,doc_7ceb,529,1,2,1
1046,doc_7ceb,529,4,5,1
449,doc_7ceb,530,1,3,1
448,doc_7ceb,531,2,3,1
1047,doc_7ceb,531,5,6,1
31,doc_7ceb,531,8,8,1
1048,doc_7ceb,532,0,1,1
128,doc_7ceb,532,4,4,1
450,doc_7ceb,533,0,2,1
1049,doc_7ceb,533,5,6,1
642,doc_7ceb,533,8,9,1
449,doc_7ceb,534,1,3,1
448,doc_7ceb,535,2,3,1
1050,doc_7ceb,535,5,7,1
1048,doc_7ceb,536,0,1,1
128,doc_7ceb,536,4,4,1
1051,doc_7ceb,537,1,2,1
1052,doc_7ceb,537,17,19,1
31,doc_7ceb,537,21,21,1
488,doc_7ceb,538,0,0,1
663,doc_7ceb,538,2,5,1
1053,doc_7ceb,538,7,8,1
608,doc_7ceb,538,10,10,1
1054,doc_7ceb,539,4,6,1
1055,doc_7ceb,539,15,15,1
1056,doc_7ceb,539,17,17,1
1057,doc_7ceb,539,19,19,1
30,doc_7ceb,539,29,30,1
1049,doc_7ceb,539,32,33,1
1046,doc_7ceb,539,36,37,1
448,doc_7ceb,540,2,3,1
488,doc_7ceb,541,0,0,1
469,doc_7ceb,542,6,6,1
681,doc_7ceb,542,8,9,1
1058,doc_7ceb,543,1,2,1
1059,doc_7ceb,543,4,6,1
1060,doc_7ceb,543,8,9,1
1046,doc_7ceb,543,11,12,1
281,doc_7ceb,544,2,2,1
666,doc_7ceb,544,4,5,1
1061,doc_7ceb,544,7,9,1
1062,doc_7ceb,544,11,12,1
681,doc_7ceb,546,4,5,1
534,doc_7ceb,546,19,19,1
275,doc_7ceb,546,21,21,1
1051,doc_7ceb,547,1,2,1
489,doc_7ceb,547,4,5,1
1063,doc_7ceb,548,0,1,1
958,doc_7ceb,548,3,5,1
1064,doc_7ceb,548,7,9,1
65,doc_7ceb,548,12,12,1
609,doc_7ceb,549,2,3,1
695,doc_7ceb,549,5,5,1
1065,doc_7ceb,549,7,8,1
695,doc_7ceb,550,0,0,1
428,doc_7ceb,551,0,0,1
607,doc_7ceb,551,2,3,1
608,doc_7ceb,551,5,5,1
608,doc_7ceb,552,6,7,1
25,doc_7ceb,553,0,0,1
1066,doc_7ceb,553,2,4,1
488,doc_7ceb,554,0,0,1
1067,doc_7ceb,554,2,4,1
603,doc_7ceb,554,8,8,1
1068,doc_7ceb,554,11,13,1
656,doc_7ceb,554,15,16,1
656,doc_7ceb,555,7,8,1
534,doc_7ceb,556,0,0,1
1069,doc_7ceb,556,4,6,1
488,doc_7ceb,557,0,0,1
281,doc_7ceb,558,0,0,1
932,doc_7ceb,558,2,3,1
281,doc_7ceb,559,0,0,1
469,doc_7ceb,559,2,2,1
1070,doc_7ceb,559,4,6,1
1071,doc_7ceb,560,0,1,1
534,doc_7ceb,561,0,0,1
428,doc_7ceb,562,0,0,1
534,doc_7ceb,562,2,2,1
159,doc_7ceb,562,6,6,1
229,doc_7ceb,562,9,10,1
1072,doc_7ceb,562,12,13,1
534,doc_7ceb,563,0,0,1
1073,doc_7ceb,563,2,3,1
1074,doc_7ceb,565,1,1,1
1075,doc_7ceb,565,3,4,1
1076,doc_7ceb,565,6,7,1
937,doc_7ceb,565,9,9,1
534,doc_7ceb,565,11,11,1
1077,doc_7ceb,566,0,1,1
1078,doc_7ceb,566,10,11,1
695,doc_7ceb,566,15,15,1
488,doc_7ceb,567,0,0,1
1079,doc_7ceb,567,3,4,1
489,doc_7ceb,567,6,7,1
1080,doc_7ceb,568,0,0,1
65,doc_7ceb,568,2,2,1
609,doc_7ceb,568,4,5,1
1079,doc_7ceb,568,7,8,1
489,doc_7ceb,568,10,10,1
1081,doc_7ceb,569,0,2,1
1081,doc_7ceb,570,0,2,1
1082,doc_7ceb,570,4,6,1
1078,doc_7ceb,570,8,9,1
428,doc_7ceb,571,0,0,1
489,doc_7ceb,571,11,11,1
1083,doc_7ceb,571,13,14,1
1084,doc_7ceb,571,16,16,1
1085,doc_7ceb,571,18,20,1
1081,doc_7ceb,571,22,24,1
1081,doc_7ceb,572,0,2,1
1086,doc_7ceb,572,5,6,1
1087,doc_7ceb,573,10,10,1
488,doc_7ceb,574,0,0,1
489,doc_7ceb,574,9,9,1
1088,doc_7ceb,575,13,14,1
1081,doc_7ceb,576,10,12,1
489,doc_7ceb,576,14,14,1
1089,doc_7ceb,577,19,21,1
1090,doc_7ceb,577,23,25,1
1091,doc_7ceb,577,28,28,1
1092,doc_7ceb,577,31,33,1
1093,doc_7ceb,577,35,37,1
1094,doc_7ceb,577,39,40,1
1095,doc_7ceb,577,43,44,1
1096,doc_7ceb,577,47,49,1
59,doc_7ceb,577,56,56,1
1097,doc_7ceb,577,58,58,1
1049,doc_7ceb,577,60,61,1
488,doc_7ceb,578,0,0,1
1098,doc_7ceb,580,2,3,1
1099,doc_7ceb,580,11,13,1
1100,doc_7ceb,580,16,16,1
1101,doc_7ceb,580,18,19,1
1102,doc_7ceb,581,11,12,1
1098,doc_7ceb,583,1,2,1
489,doc_7ceb,584,5,5,1
1103,doc_7ceb,584,7,7,1
128,doc_7ceb,584,9,9,1
1104,doc_7ceb,585,0,0,1
65,doc_7ceb,585,2,2,1
609,doc_7ceb,585,4,5,1
1105,doc_7ceb,586,0,2,1
104,doc_7ceb,587,0,0,1
1106,doc_7ceb,587,3,3,1
1107,doc_7ceb,588,5,7,1
1108,doc_7ceb,588,9,10,1
1109,doc_7ceb,588,12,14,1
1110,doc_7ceb,588,16,17,1
1111,doc_7ceb,589,1,2,1
43,doc_7ceb,589,4,4,1
31,doc_7ceb,589,7,7,1
1112,doc_7ceb,589,9,10,1
1113,doc_7ceb,590,0,1,1
1114,doc_7ceb,590,3,6,1
281,doc_7ceb,590,13,13,1
1115,doc_7ceb,590,15,15,1
1116,doc_7ceb,590,17,19,1
428,doc_7ceb,591,0,0,1
281,doc_7ceb,591,4,4,1
1117,doc_7ceb,591,6,8,1
608,doc_7ceb,591,15,15,1
1095,doc_7ceb,591,17,19,1
1117,doc_7ceb,592,0,2,1
1095,doc_7ceb,592,4,5,1
281,doc_7ceb,592,7,7,1
489,doc_7ceb,592,9,9,1
488,doc_7ceb,593,0,0,1
608,doc_7ceb,593,2,2,1
1095,doc_7ceb,593,5,7,1
445,doc_7ceb,594,0,0,1
1118,doc_7ceb,594,2,3,1
1119,doc_7ceb,595,0,1,1
1120,doc_7ceb,595,3,3,1
1046,doc_7ceb,596,0,2,1
1121,doc_7ceb,596,8,10,1
1122,doc_7ceb,597,0,1,1
1123,doc_7ceb,597,13,15,1
428,doc_7ceb,598,0,0,1
470,doc_7ceb,598,2,3,1
1124,doc_7ceb,598,5,6,1
489,doc_7ceb,598,12,12,1
488,doc_7ceb,599,0,0,1
736,doc_7ceb,600,1,3,1
38,doc_7ceb,600,5,5,1
1081,doc_7ceb,602,15,17,1
488,doc_7ceb,604,0,0,1
686,doc_7ceb,605,1,2,1
534,doc_7ceb,605,4,4,1
534,doc_7ceb,606,0,0,1
886,doc_7ceb,606,4,4,1
1125,doc_7ceb,606,15,17,1
1081,doc_7ceb,606,19,21,1
36,doc_7ceb,607,1,1,1
1126,doc_7ceb,608,1,3,1
445,doc_7ceb,608,5,5,1
1127,doc_7ceb,608,7,8,1
1128,doc_7ceb,608,10,12,1
1129,doc_7ceb,609,1,1,1
1130,doc_7ceb,609,4,6,1
1131,doc_7ceb,609,8,9,1
428,doc_7ceb,610,0,0,1
1132,doc_7ceb,610,2,3,1
1133,doc_7ceb,610,12,14,1
1134,doc_7ceb,610,16,16,1
488,doc_7ceb,611,0,0,1
6,doc_7ceb,612,0,0,1
846,doc_7ceb,612,2,2,1
846,doc_7ceb,613,1,1,1
1135,doc_7ceb,613,11,12,1
1127,doc_7ceb,613,14,16,1
6,doc_7ceb,613,18,18,1
1136,doc_7ceb,614,0,1,1
1137,doc_7ceb,614,3,4,1
1127,doc_7ceb,614,6,8,1
510,doc_7ceb,615,0,0,1
1138,doc_7ceb,615,4,5,1
1139,doc_7ceb,615,7,9,1
1127,doc_7ceb,615,11,12,1
516,doc_7ceb,616,0,1,1
470,doc_7ceb,617,0,1,1
1124,doc_7ceb,617,3,4,1
489,doc_7ceb,617,6,6,1
1140,doc_7ceb,618,2,3,1
428,doc_7ceb,619,0,0,1
489,doc_7ceb,619,4,4,1
695,doc_7ceb,619,14,14,1
1141,doc_7ceb,620,12,14,1
1142,doc_7ceb,620,16,18,1
488,doc_7ceb,621,0,0,1
281,doc_7ceb,623,2,2,1
43,doc_7ceb,623,4,4,1
1143,doc_7ceb,623,17,19,1
1144,doc_7ceb,623,21,23,1
1145,doc_7ceb,624,1,2,1
534,doc_7ceb,624,4,4,1
1140,doc_7ceb,624,6,7,1
488,doc_7ceb,625,0,0,1
489,doc_7ceb,626,1,1,1
1146,doc_7ceb,627,1,1,1
1146,doc_7ceb,628,0,0,1
1147,doc_7ceb,628,12,14,1
667,doc_7ceb,630,1,1,1
1148,doc_7ceb,630,3,4,1
902,doc_7ceb,630,6,7,1
1149,doc_7ceb,630,11,12,1
534,doc_7ceb,630,15,15,1
1150,doc_7ceb,631,1,1,1
666,doc_7ceb,631,3,4,1
281,doc_7ceb,631,7,7,1
1151,doc_7ceb,631,10,11,1
1149,doc_7ceb,631,13,14,1
534,doc_7ceb,631,17,17,1
489,doc_7ceb,632,2,2,1
1152,doc_7ceb,632,4,6,1
1153,doc_7ceb,633,1,2,1
489,doc_7ceb,633,4,4,1
281,doc_7ceb,633,6,6,1
534,doc_7ceb,634,1,1,1
1154,doc_7ceb,634,3,5,1
445,doc_7ceb,634,13,13,1
43,doc_7ceb,634,15,15,1
1155,doc_7ceb,635,2,4,1
104,doc_7ceb,635,6,6,1
1146,doc_7ceb,636,3,3,1
1156,doc_7ceb,637,0,1,1
240,doc_7ceb,638,0,0,1
1157,doc_7ceb,638,2,3,1
1158,doc_7ceb,638,5,7,1
517,doc_7ceb,638,9,10,1
992,doc_7ceb,638,12,13,1
445,doc_7ceb,638,15,15,1
1159,doc_7ceb,638,17,18,1
1160,doc_7ceb,638,28,30,1
1161,doc_7ceb,638,32,34,1
1162,doc_7ceb,639,5,6,1
1163,doc_7ceb,640,0,0,1
517,doc_7ceb,640,8,9,1
992,doc_7ceb,640,11,12,1
445,doc_7ceb,640,15,15,1
1164,doc_7ceb,641,0,1,1
1161,doc_7ceb,641,11,13,1
488,doc_7ceb,642,0,0,1
1146,doc_7ceb,643,1,1,1
1146,doc_7ceb,644,0,0,1
1165,doc_7ceb,644,12,14,1
893,doc_7ceb,646,0,1,1
240,doc_7ceb,646,3,3,1
1166,doc_7ceb,647,6,8,1
794,doc_7ceb,649,8,9,1
1167,doc_7ceb,649,11,12,1
1168,doc_7ceb,649,14,16,1
1169,doc_7ceb,649,18,19,1
6,doc_7ceb,649,25,25,1
534,doc_7ceb,650,1,1,1
1163,doc_7ceb,650,2,2,1
1170,doc_7ceb,650,3,5,1
1171,doc_7ceb,650,10,12,1
1172,doc_7ceb,650,18,20,1
1173,doc_7ceb,650,23,24,1
1174,doc_7ceb,650,27,28,1
1175,doc_7ceb,650,31,32,1
1176,doc_7ceb,650,35,37,1
1177,doc_7ceb,650,40,40,1
522,doc_7ceb,650,48,49,1
992,doc_7ceb,651,1,2,1
1178,doc_7ceb,652,0,1,1
517,doc_7ceb,652,3,5,1
534,doc_7ceb,652,10,10,1
1163,doc_7ceb,653,0,0,1
281,doc_7ceb,653,1,1,1
1179,doc_7ceb,654,1,1,1
1180,doc_7ceb,654,3,3,1
240,doc_7ceb,654,5,5,1
1181,doc_7ceb,654,7,7,1
1182,doc_7ceb,654,9,9,1
1183,doc_7ceb,655,0,1,1
1177,doc_7ceb,655,10,10,1
534,doc_7ceb,655,13,13,1
1163,doc_7ceb,655,14,14,1
281,doc_7ceb,655,15,15,1
875,doc_7ceb,657,0,0,1
1184,doc_7ceb,657,5,6,1
1185,doc_7ceb,658,1,1,1
1186,doc_7ceb,658,8,9,1
1187,doc_7ceb,659,1,3,1
924,doc_7ceb,660,1,3,1
534,doc_7ceb,660,5,5,1
534,doc_7ceb,661,3,3,1
1163,doc_7ceb,661,4,4,1
1188,doc_7ceb,661,7,9,1
469,doc_7ceb,662,9,9,1
281,doc_7ceb,662,30,30,1
1189,doc_7ceb,662,32,34,1
59,doc_7ceb,662,36,36,1
1190,doc_7ceb,662,38,38,1
1191,doc_7ceb,662,40,40,1
1192,doc_7ceb,662,53,55,1
1193,doc_7ceb,663,9,10,1
450,doc_7ceb,664,0,2,1
1049,doc_7ceb,664,5,6,1
642,doc_7ceb,664,8,9,1
1194,doc_7ceb,665,0,1,1
695,doc_7ceb,665,4,4,1
642,doc_7ceb,665,6,7,1
1195,doc_7ceb,665,10,11,1
78,doc_7ceb,665,13,13,1
1196,doc_7ceb,665,16,17,1
469,doc_7ceb,665,19,19,1
469,doc_7ceb,666,0,0,1
1197,doc_7ceb,666,3,5,1
31,doc_7ceb,666,8,8,1
31,doc_7ceb,667,11,11,1
1198,doc_7ceb,667,13,14,1
31,doc_7ceb,668,1,1,1
469,doc_7ceb,668,4,4,1
1067,doc_7ceb,668,21,22,1
1199,doc_7ceb,668,24,25,1
1200,doc_7ceb,668,32,33,1
1201,doc_7ceb,671,0,1,1
1202,doc_7ceb,671,8,10,1
1203,doc_7ceb,672,4,5,1
36,doc_7ceb,672,8,8,1
1204,doc_7ceb,672,21,22,1
1205,doc_7ceb,672,24,25,1
88,doc_7ceb,672,44,44,1
469,doc_7ceb,673,4,4,1
1206,doc_7ceb,673,17,19,1
1207,doc_7ceb,673,22,22,1
1208,doc_7ceb,673,24,26,1
489,doc_7ceb,673,28,28,1
1209,doc_7ceb,674,9,11,1
1206,doc_7ceb,674,27,30,1
642,doc_7ceb,675,15,16,1
1210,doc_7ceb,675,18,18,1
1211,doc_7ceb,675,20,23,1
1212,doc_7ceb,676,1,3,1
1099,doc_7ceb,676,5,7,1
1213,doc_7ceb,676,15,16,1
862,doc_7ceb,676,18,19,1
1214,doc_7ceb,677,0,1,1
1102,doc_7ceb,677,9,10,1
1215,doc_7ceb,678,0,0,1
1216,doc_7ceb,678,2,2,1
1217,doc_7ceb,679,0,1,1
1210,doc_7ceb,680,0,0,1
1215,doc_7ceb,681,0,0,1
1218,doc_7ceb,681,5,6,1
1219,doc_7ceb,681,8,10,1
1220,doc_7ceb,681,12,13,1
1221,doc_7ceb,681,15,17,1
1222,doc_7ceb,681,20,21,1
1223,doc_7ceb,681,28,28,1
1224,doc_7ceb,681,38,40,1
1225,doc_7ceb,683,0,2,1
1226,doc_7ceb,683,8,8,1
36,doc_7ceb,683,10,10,1
1227,doc_7ceb,683,13,14,1
1228,doc_7ceb,683,17,17,1
1229,doc_7ceb,683,19,21,1
210,doc_7ceb,683,23,23,1
469,doc_7ceb,684,0,0,1
1230,doc_7ceb,684,4,4,1
1231,doc_7ceb,684,6,7,1
210,doc_7ceb,684,9,9,1
1049,doc_7ceb,684,14,15,1
1232,doc_7ceb,684,26,26,1
78,doc_7ceb,685,3,4,1
653,doc_7ceb,685,9,11,1
932,doc_7ceb,686,0,1,1
695,doc_7ceb,686,4,4,1
1194,doc_7ceb,687,0,1,1
1233,doc_7ceb,687,4,6,1
1234,doc_7ceb,688,6,6,1
615,doc_7ceb,689,0,0,1
875,doc_7ceb,689,2,3,1
1234,doc_7ceb,689,5,5,1
1235,doc_7ceb,689,7,8,1
31,doc_7ceb,690,6,7,1
1236,doc_7ceb,690,10,12,1
1234,doc_7ceb,690,14,14,1
1234,doc_7ceb,691,9,9,1
1237,doc_7ceb,691,11,13,1
1238,doc_7ceb,691,15,16,1
469,doc_7ceb,692,0,0,1
615,doc_7ceb,692,8,8,1
1239,doc_7ceb,693,3,5,1
875,doc_7ceb,693,8,8,1
1240,doc_7ceb,693,16,18,1
1241,doc_7ceb,693,22,22,1
240,doc_7ceb,693,24,25,1
1242,doc_7ceb,694,0,2,1
1243,doc_7ceb,694,6,7,1
1234,doc_7ceb,694,9,9,1
1244,doc_7ceb,694,13,15,1
904,doc_7ceb,694,28,29,1
987,doc_7ceb,696,2,2,1
985,doc_7ceb,696,5,7,1
1245,doc_7ceb,696,11,13,1
875,doc_7ceb,697,7,7,1
43,doc_7ceb,697,9,9,1
992,doc_7ceb,697,12,13,1
1246,doc_7ceb,698,0,1,1
875,doc_7ceb,700,2,2,1
522,doc_7ceb,700,4,5,1
519,doc_7ceb,701,0,1,1
1247,doc_7ceb,701,3,3,1
1248,doc_7ceb,701,6,6,1
1249,doc_7ceb,701,16,17,1
1106,doc_7ceb,701,20,20,1
875,doc_7ceb,702,1,1,1
1250,doc_7ceb,702,3,5,1
1106,doc_7ceb,702,7,7,1
1251,doc_7ceb,702,9,10,1
875,doc_7ceb,703,7,7,1
509,doc_7ceb,704,2,2,1
445,doc_7ceb,704,4,4,1
992,doc_7ceb,704,6,7,1
509,doc_7ceb,705,2,2,1
509,doc_7ceb,706,0,1,1
1252,doc_7ceb,706,8,9,1
1253,doc_7ceb,707,0,1,1
695,doc_7ceb,707,4,4,1
534,doc_7ceb,707,6,6,1
489,doc_7ceb,707,10,10,1
1254,doc_7ceb,707,17,17,1
1255,doc_7ceb,707,20,20,1
469,doc_7ceb,708,0,0,1
1255,doc_7ceb,708,12,12,1
78,doc_7ceb,708,19,19,1
1256,doc_7ceb,708,21,22,1
695,doc_7ceb,708,24,24,1
489,doc_7ceb,708,26,26,1
229,doc_7ceb,708,28,29,1
1257,doc_7ceb,708,34,36,1
1258,doc_7ceb,709,1,1,1
1259,doc_7ceb,709,7,7,1
1259,doc_7ceb,710,5,5,1
534,doc_7ceb,711,0,0,1
1260,doc_7ceb,711,2,4,1
1261,doc_7ceb,711,14,15,1
489,doc_7ceb,712,1,1,1
1262,doc_7ceb,713,2,4,1
534,doc_7ceb,714,1,1,1
1263,doc_7ceb,714,5,6,1
1264,doc_7ceb,714,8,11,1
1021,doc_7ceb,714,13,14,1
667,doc_7ceb,715,0,0,1
902,doc_7ceb,715,2,3,1
1265,doc_7ceb,715,6,7,1
539,doc_7ceb,715,10,10,1
534,doc_7ceb,715,12,12,1
985,doc_7ceb,715,14,16,1
992,doc_7ceb,715,18,19,1
534,doc_7ceb,716,3,3,1
992,doc_7ceb,716,6,7,1
1072,doc_7ceb,716,9,10,1
539,doc_7ceb,717,1,1,1
987,doc_7ceb,717,3,5,1
241,doc_7ceb,718,0,1,1
539,doc_7ceb,718,3,3,1
987,doc_7ceb,718,7,8,1
534,doc_7ceb,719,0,0,1
1266,doc_7ceb,719,2,4,1
878,doc_7ceb,719,8,8,1
1267,doc_7ceb,719,10,10,1
1268,doc_7ceb,721,0,1,1
695,doc_7ceb,721,4,4,1
1232,doc_7ceb,721,6,6,1
1269,doc_7ceb,721,8,8,1
469,doc_7ceb,721,13,13,1
1270,doc_7ceb,721,15,16,1
1216,doc_7ceb,721,18,18,1
1263,doc_7ceb,721,24,25,1
1271,doc_7ceb,721,29,30,1
1272,doc_7ceb,721,34,35,1
1273,doc_7ceb,721,37,38,1
1274,doc_7ceb,721,50,51,1
1275,doc_7ceb,721,58,58,1
489,doc_7ceb,721,60,60,1
695,doc_7ceb,722,0,0,1
170,doc_7ceb,722,2,2,1
59,doc_7ceb,722,5,5,1
489,doc_7ceb,722,20,20,1
1269,doc_7ceb,723,0,0,1
1276,doc_7ceb,723,2,4,1
1277,doc_7ceb,723,9,11,1
275,doc_7ceb,723,14,14,1
1278,doc_7ceb,723,18,19,1
609,doc_7ceb,723,21,22,1
1279,doc_7ceb,724,0,2,1
1271,doc_7ceb,724,4,5,1
1280,doc_7ceb,725,14,15,1
1232,doc_7ceb,726,5,5,1
1281,doc_7ceb,726,7,8,1
1282,doc_7ceb,726,10,12,1
1283,doc_7ceb,726,15,15,1
1284,doc_7ceb,726,17,18,1
1285,doc_7ceb,726,20,21,1
1286,doc_7ceb,727,0,2,1
695,doc_7ceb,727,5,5,1
1287,doc_7ceb,727,7,9,1
1288,doc_7ceb,727,11,12,1
469,doc_7ceb,727,20,20,1
678,doc_7ceb,727,22,22,1
1289,doc_7ceb,727,26,27,1
31,doc_7ceb,727,34,34,1
1290,doc_7ceb,728,1,2,1
1291,doc_7ceb,728,9,9,1
469,doc_7ceb,729,7,7,1
1292,doc_7ceb,729,9,9,1
1293,doc_7ceb,729,12,14,1
1294,doc_7ceb,729,17,17,1
1295,doc_7ceb,729,41,41,1
469,doc_7ceb,730,6,6,1
1296,doc_7ceb,730,8,9,1
1297,doc_7ceb,730,14,15,1
1298,doc_7ceb,731,0,1,1
757,doc_7ceb,731,3,3,1
1299,doc_7ceb,731,10,10,1
470,doc_7ceb,731,13,14,1
6,doc_7ceb,731,16,16,1
1300,doc_7ceb,731,18,19,1
38,doc_7ceb,731,21,21,1
1301,doc_7ceb,732,1,1,1
489,doc_7ceb,732,6,6,1
1299,doc_7ceb,732,15,15,1
470,doc_7ceb,732,18,19,1
1302,doc_7ceb,732,21,22,1
6,doc_7ceb,732,24,24,1
1303,doc_7ceb,732,26,27,1
445,doc_7ceb,732,31,31,1
678,doc_7ceb,733,0,0,1
1304,doc_7ceb,733,8,10,1
489,doc_7ceb,733,25,25,1
1305,doc_7ceb,733,28,29,1
470,doc_7ceb,733,31,32,1
1124,doc_7ceb,733,34,35,1
1306,doc_7ceb,734,0,2,1
685,doc_7ceb,734,4,6,1
1049,doc_7ceb,734,16,17,1
1307,doc_7ceb,735,0,1,1
1308,doc_7ceb,735,3,4,1
414,doc_7ceb,735,7,7,1
695,doc_7ceb,736,0,0,1
534,doc_7ceb,736,2,2,1
1309,doc_7ceb,736,11,12,1
1310,doc_7ceb,736,15,18,1
1311,doc_7ceb,737,8,9,1
1312,doc_7ceb,737,11,11,1
1313,doc_7ceb,738,0,1,1
281,doc_7ceb,738,8,8,1
1314,doc_7ceb,739,12,14,1
1315,doc_7ceb,740,0,0,1
1316,doc_7ceb,740,2,3,1
1317,doc_7ceb,741,1,3,1
470,doc_7ceb,741,12,13,1
147,doc_7ceb,742,1,1,1
1318,doc_7ceb,743,9,9,1
678,doc_7ceb,743,11,11,1
1318,doc_7ceb,744,5,6,1
1319,doc_7ceb,745,1,3,1
445,doc_7ceb,746,0,0,1
1210,doc_7ceb,746,4,4,1
1320,doc_7ceb,747,2,4,1
1321,doc_7ceb,747,7,8,1
1322,doc_7ceb,749,0,1,1
445,doc_7ceb,749,5,5,1
1323,doc_7ceb,750,2,4,1
445,doc_7ceb,750,6,6,1
1324,doc_7ceb,751,2,3,1
445,doc_7ceb,751,6,6,1
1325,doc_7ceb,752,2,4,1
445,doc_7ceb,752,6,6,1
1326,doc_7ceb,753,4,5,1
678,doc_7ceb,753,7,7,1
1074,doc_7ceb,755,0,0,1
445,doc_7ceb,755,2,2,1
445,doc_7ceb,756,0,0,1
1210,doc_7ceb,756,4,4,1
445,doc_7ceb,757,6,6,1
1325,doc_7ceb,758,2,4,1
445,doc_7ceb,758,6,6,1
1327,doc_7ceb,759,2,4,1
1328,doc_7ceb,759,7,9,1
1150,doc_7ceb,759,19,19,1
1329,doc_7ceb,759,21,22,1
1330,doc_7ceb,759,24,25,1
488,doc_84a2,1,7,7,1
1331,doc_84a2,1,9,9,1
1332,doc_84a2,1,17,19,1
43,doc_84a2,1,22,22,1
1333,doc_84a2,2,0,0,1
428,doc_84a2,2,7,7,1
1334,doc_84a2,2,9,10,1
1335,doc_84a2,2,14,16,1
986,doc_84a2,3,1,2,1
1336,doc_84a2,4,3,5,1
488,doc_84a2,5,0,0,1
1337,doc_84a2,6,11,14,1
1338,doc_84a2,7,1,4,1
609,doc_84a2,8,1,3,1
1339,doc_84a2,10,2,2,1
1340,doc_84a2,14,0,1,1
488,doc_84a2,14,10,10,1
886,doc_84a2,16,0,0,1
1341,doc_84a2,18,1,1,1
1342,doc_84a2,19,9,10,1
1343,doc_84a2,20,9,10,1
43,doc_84a2,20,13,14,1
488,doc_84a2,20,16,16,1
666,doc_84a2,21,1,3,1
757,doc_84a2,23,1,1,1
6,doc_84a2,23,3,3,1
1344,doc_84a2,23,5,6,1
756,doc_84a2,24,1,2,1
1345,doc_84a2,24,5,5,1
1346,doc_84a2,25,1,4,1
1347,doc_84a2,26,6,7,1
6,doc_84a2,26,9,9,1
445,doc_84a2,26,11,11,1
1348,doc_84a2,27,0,2,1
1349,doc_84a2,27,4,5,1
1350,doc_84a2,27,7,8,1
1351,doc_d9be,1,6,6,1
1352,doc_d9be,1,8,9,1
1353,doc_d9be,1,11,13,1
1354,doc_d9be,1,15,16,1
1355,doc_d9be,1,18,19,1
886,doc_d9be,2,0,0,1
1356,doc_d9be,2,2,3,1
1357,doc_d9be,2,7,8,1
22,doc_d9be,2,10,10,1
1358,doc_d9be,2,14,15,1
1,doc_d9be,2,35,35,1
1359,doc_d9be,2,42,44,1
1360,doc_d9be,3,0,1,1
1361,doc_d9be,3,8,10,1
509,doc_d9be,4,5,5,1
22,doc_d9be,4,7,7,1
1362,doc_d9be,4,9,10,1
1363,doc_d9be,5,0,0,1
1364,doc_d9be,5,10,12,1
1365,doc_d9be,6,0,2,1
1366,doc_d9be,6,4,4,1
886,doc_d9be,7,0,0,1
1367,doc_d9be,7,3,5,1
1368,doc_d9be,8,0,1,1
1369,doc_d9be,8,8,8,1
22,doc_d9be,8,10,10,1
22,doc_d9be,9,1,1,1
1370,doc_d9be,11,0,0,1
114,doc_d9be,11,2,2,1
114,doc_d9be,12,1,1,1
1371,doc_d9be,13,0,2,1
1356,doc_d9be,13,4,5,1
1372,doc_d9be,13,7,9,1
1373,doc_d9be,13,12,14,1
1374,doc_d9be,14,0,6,1
1375,doc_d9be,15,1,10,1
1376,doc_d9be,15,1,10,1
1377,doc_d9be,15,1,10,1
1378,doc_d9be,15,1,10,1
1379,doc_d9be,15,1,10,1
1365,doc_d9be,16,1,3,1
1380,doc_d9be,17,19,21,1
1380,doc_d9be,18,6,8,1
1381,doc_d9be,18,10,10,1
1382,doc_d9be,18,22,22,1
1383,doc_d9be,18,29,31,1
1026,doc_d9be,18,33,33,1
1384,doc_d9be,18,40,41,1
428,doc_d9be,18,43,43,1
1385,doc_d9be,19,3,4,1
1386,doc_d9be,19,8,10,1
1387,doc_d9be,19,12,13,1
1388,doc_d9be,19,16,17,1
1389,doc_d9be,20,6,7,1
1390,doc_d9be,20,11,13,1
22,doc_d9be,20,15,15,1
6,doc_d9be,20,26,26,1
54,doc_d9be,20,31,31,1
1391,doc_d9be,20,34,35,1
886,doc_d9be,21,0,0,1
1357,doc_d9be,21,2,3,1
22,doc_d9be,21,5,5,1
1,doc_d9be,21,9,9,1
1392,doc_d9be,22,0,1,1
509,doc_d9be,22,15,15,1
22,doc_d9be,22,17,17,1
1393,doc_d9be,22,19,21,1
1366,doc_d9be,22,38,38,1
1394,doc_d9be,23,10,13,1
59,doc_d9be,25,0,0,1
1395,doc_d9be,26,0,2,1
1396,doc_d9be,26,4,5,1
1362,doc_d9be,26,7,8,1
886,doc_d9be,27,0,0,1
1367,doc_d9be,27,3,5,1
1368,doc_d9be,28,0,1,1
1397,doc_d9be,28,3,4,1
1398,doc_d9be,29,0,1,1
1369,doc_d9be,29,3,3,1
22,doc_d9be,29,5,5,1
22,doc_d9be,30,1,1,1
1370,doc_d9be,32,0,0,1
114,doc_d9be,32,2,2,1
114,doc_d9be,33,1,1,1
1371,doc_d9be,34,0,2,1
1372,doc_d9be,34,9,11,1
1373,doc_d9be,34,14,16,1
1374,doc_d9be,35,0,6,1
1375,doc_d9be,36,1,10,1
1376,doc_d9be,36,1,10,1
1377,doc_d9be,36,1,10,1
1378,doc_d9be,36,1,10,1
1379,doc_d9be,36,1,10,1
1365,doc_d9be,37,1,3,1
1380,doc_d9be,38,19,21,1
1380,doc_d9be,39,6,8,1
1381,doc_d9be,39,10,10,1
1382,doc_d9be,39,22,22,1
1383,doc_d9be,39,29,31,1
1026,doc_d9be,39,33,33,1
1384,doc_d9be,39,40,41,1
428,doc_d9be,39,43,43,1
1399,doc_d9be,39,45,45,1
1400,doc_d9be,39,48,48,1
1401,doc_d9be,39,51,51,1
1402,doc_d9be,39,62,63,1
1385,doc_d9be,39,68,69,1
1386,doc_d9be,39,73,75,1
1387,doc_d9be,39,77,78,1
1388,doc_d9be,39,81,82,1
1389,doc_d9be,40,6,7,1
1390,doc_d9be,40,11,13,1
22,doc_d9be,40,15,15,1
6,doc_d9be,40,26,26,1
54,doc_d9be,40,31,31,1
1391,doc_d9be,40,34,35,1
886,doc_d9be,41,0,0,1
1358,doc_d9be,41,2,3,1
22,doc_d9be,41,5,5,1
1,doc_d9be,41,9,9,1
1403,doc_d9be,41,11,12,1
1404,doc_d9be,41,14,16,1
428,doc_d9be,42,0,0,1
1405,doc_d9be,42,2,3,1
1406,doc_d9be,42,10,12,1
22,doc_d9be,42,14,14,1
1384,doc_d9be,42,16,17,1
1407,doc_d9be,42,26,27,1
1408,doc_d9be,42,29,31,1
886,doc_d9be,43,0,0,1
48,doc_d9be,43,3,3,1
1368,doc_d9be,44,0,1,1
1409,doc_d9be,44,8,8,1
54,doc_d9be,44,10,10,1
1410,doc_d9be,45,7,8,1
1399,doc_d9be,45,23,23,1
1401,doc_d9be,46,2,2,1
1411,doc_d9be,46,4,5,1
22,doc_d9be,46,8,8,1
83,doc_d9be,46,10,10,1
1391,doc_d9be,46,12,13,1
1412,doc_d9be,46,15,17,1
54,doc_d9be,47,3,3,1
1413,doc_d9be,48,1,3,1
1382,doc_d9be,48,5,5,1
54,doc_d9be,48,10,10,1
1414,doc_d9be,48,17,17,1
22,doc_d9be,48,29,29,1
886,doc_d9be,48,38,38,1
1415,doc_d9be,48,47,48,1
1,doc_d9be,48,50,50,1
428,doc_d9be,48,53,53,1
1416,doc_d9be,48,55,55,1
1417,doc_d9be,48,57,59,1
428,doc_d9be,49,0,1,1
22,doc_d9be,49,3,3,1
886,doc_d9be,50,0,0,1
886,doc_d9be,51,0,0,1
1418,doc_d9be,51,3,5,1
1368,doc_d9be,52,0,1,1
886,doc_d9be,52,3,3,1
1398,doc_d9be,52,5,6,1
1419,doc_d9be,52,8,15,1
1420,doc_d9be,52,8,15,1
1421,doc_d9be,52,8,15,1
428,doc_d9be,52,17,17,1
1422,doc_d9be,52,21,22,1
1423,doc_d9be,52,33,34,1
1424,doc_d9be,52,33,34,1
1425,doc_d9be,52,37,37,1
1426,doc_d9be,52,57,58,1
54,doc_d9be,53,3,3,1
1413,doc_d9be,54,1,3,1
1382,doc_d9be,54,5,5,1
1399,doc_d9be,54,7,7,1
1400,doc_d9be,54,10,10,1
1401,doc_d9be,54,13,13,1
1411,doc_d9be,54,15,16,1
1420,doc_d9be,54,41,42,1
886,doc_d9be,54,44,44,1
22,doc_d9be,55,12,12,1
22,doc_d9be,56,6,6,1
1427,doc_d9be,56,8,10,1
428,doc_d9be,56,13,13,1
1428,doc_d9be,56,15,16,1
1429,doc_d9be,56,20,21,1
1425,doc_d9be,56,23,23,1
1362,doc_d9be,56,25,26,1
6,doc_d9be,57,5,5,1
1425,doc_d9be,57,7,7,1
1430,doc_d9be,58,3,4,1
1420,doc_d9be,58,6,7,1
1431,doc_d9be,58,18,18,1
1432,doc_d9be,59,8,9,1
1433,doc_d9be,60,0,1,1
1434,doc_d9be,61,0,1,1
1435,doc_d9be,61,3,5,1
1436,doc_d9be,61,6,6,1
83,doc_d9be,61,7,7,1
1437,doc_d9be,61,9,10,1
1438,doc_d9be,61,12,14,1
1439,doc_d9be,61,16,17,1
1440,doc_d9be,61,19,20,1
1441,doc_d9be,61,32,34,1
1442,doc_d9be,62,0,1,1
1443,doc_d9be,62,3,6,1
1444,doc_d9be,62,13,14,1
1445,doc_d9be,62,16,18,1
428,doc_d9be,62,20,20,1
25,doc_d9be,63,0,0,1
1446,doc_d9be,64,0,2,1
1,doc_d9be,64,9,9,1
1447,doc_d9be,64,11,13,1
1448,doc_d9be,66,0,1,1
54,doc_d9be,67,0,0,1
898,doc_d9be,67,7,7,1
412,doc_d9be,68,12,13,1
1449,doc_d9be,69,0,1,1
1450,doc_d9be,71,0,2,1
1451,doc_d9be,71,7,7,1
1452,doc_d9be,71,9,11,1
1453,doc_d9be,75,0,0,1
1454,doc_d9be,75,2,2,1
1370,doc_d9be,75,4,4,1
1455,doc_d9be,75,21,22,1
1456,doc_d9be,75,24,25,1
1457,doc_d9be,75,28,31,1
1458,doc_d9be,76,2,3,1
1459,doc_d9be,76,6,8,1
1363,doc_d9be,77,0,0,1
1460,doc_d9be,77,2,3,1
1355,doc_d9be,77,5,6,1
1461,doc_d9be,77,8,8,1
1462,doc_d9be,77,9,9,1
297,doc_d9be,77,11,11,1
1463,doc_d9be,77,20,22,1
1464,doc_d9be,77,24,25,1
1,doc_d9be,77,27,27,1
1402,doc_d9be,77,30,31,1
6,doc_d9be,78,8,8,1
1425,doc_d9be,78,11,11,1
428,doc_d9be,78,13,13,1
1465,doc_d9be,78,15,17,1
1466,doc_d9be,80,3,3,1
297,doc_d9be,80,7,7,1
1467,doc_d9be,80,9,11,1
1468,doc_d9be,80,13,15,1
1469,doc_d9be,80,16,16,1
1464,doc_d9be,80,18,19,1
1470,doc_d9be,80,21,23,1
147,doc_d9be,80,25,25,1
1471,doc_d9be,80,27,30,1
1472,doc_d9be,81,0,0,1
6,doc_d9be,81,17,17,1
1425,doc_d9be,81,20,20,1
428,doc_d9be,81,22,22,1
1465,doc_d9be,81,24,26,1
1425,doc_d9be,82,2,2,1
1473,doc_d9be,82,4,6,1
83,doc_d9be,83,0,0,1
1474,doc_d9be,83,3,4,1
428,doc_d9be,83,6,6,1
1475,doc_d9be,83,8,10,1
22,doc_d9be,83,13,13,1
1476,doc_d9be,83,15,16,1
1429,doc_d9be,83,19,20,1
147,doc_d9be,83,22,22,1
1477,doc_d9be,83,24,25,1
1472,doc_d9be,84,0,0,1
6,doc_d9be,84,17,17,1
1425,doc_d9be,84,20,20,1
428,doc_d9be,84,22,22,1
1465,doc_d9be,84,24,26,1
1478,doc_d9be,85,9,10,1
1479,doc_d9be,85,12,12,1
1480,doc_d9be,85,14,16,1
1368,doc_d9be,86,0,1,1
1355,doc_d9be,86,13,14,1
1461,doc_d9be,86,16,16,1
1481,doc_d9be,86,17,17,1
297,doc_d9be,86,19,19,1
1482,doc_d9be,89,0,2,1
1483,doc_d9be,91,0,1,1
1,doc_d9be,91,3,3,1
1484,doc_d9be,91,9,10,1
1485,doc_d9be,91,12,13,1
147,doc_d9be,91,17,17,1
1471,doc_d9be,91,19,22,1
1472,doc_d9be,92,0,0,1
6,doc_d9be,92,21,21,1
1425,doc_d9be,92,24,24,1
428,doc_d9be,92,26,26,1
1465,doc_d9be,92,28,30,1
1425,doc_d9be,93,2,2,1
1473,doc_d9be,93,4,6,1
1403,doc_d9be,93,8,9,1
1368,doc_d9be,94,0,1,1
1355,doc_d9be,94,12,13,1
1399,doc_d9be,94,20,20,1
1486,doc_d9be,94,21,22,1
1487,doc_d9be,94,24,24,1
297,doc_d9be,94,28,28,1
83,doc_d9be,95,0,0,1
1474,doc_d9be,95,3,4,1
428,doc_d9be,95,6,6,1
1475,doc_d9be,95,8,10,1
22,doc_d9be,95,13,13,1
1403,doc_d9be,95,15,16,1
1476,doc_d9be,95,18,19,1
1425,doc_d9be,95,22,22,1
1399,doc_d9be,95,25,25,1
1488,doc_d9be,95,26,28,1
147,doc_d9be,95,37,37,1
1472,doc_d9be,96,0,0,1
6,doc_d9be,96,26,26,1
1425,doc_d9be,96,29,29,1
428,doc_d9be,96,31,31,1
1465,doc_d9be,96,33,35,1
1473,doc_d9be,97,2,4,1
83,doc_d9be,98,0,0,1
1474,doc_d9be,98,3,4,1
428,doc_d9be,98,6,6,1
1475,doc_d9be,98,8,10,1
1489,doc_d9be,98,12,13,1
1429,doc_d9be,98,24,25,1
1490,doc_d9be,98,27,29,1
1399,doc_d9be,99,0,0,1
1,doc_d9be,99,5,5,1
22,doc_d9be,99,17,17,1
428,doc_d9be,100,2,2,1
22,doc_d9be,100,4,4,1
1425,doc_d9be,100,6,6,1
1405,doc_d9be,100,8,9,1
147,doc_d9be,101,1,1,1
1472,doc_d9be,102,0,0,1
6,doc_d9be,102,24,24,1
428,doc_d9be,102,26,26,1
1470,doc_d9be,102,28,30,1
1491,doc_d9be,103,3,3,1
1492,doc_d9be,104,0,0,1
297,doc_d9be,104,2,2,1
83,doc_d9be,104,5,5,1
6,doc_d9be,104,7,7,1
22,doc_d9be,104,9,9,1
1493,doc_d9be,104,11,12,1
147,doc_d9be,105,1,1,1
1472,doc_d9be,106,0,0,1
6,doc_d9be,106,25,25,1
1425,doc_d9be,106,28,28,1
1494,doc_d9be,106,30,32,1
6,doc_d9be,107,1,1,1
1410,doc_d9be,107,3,4,1
1495,doc_d9be,108,3,3,1
1487,doc_d9be,108,6,6,1
1496,doc_d9be,108,7,7,1
1495,doc_d9be,109,3,3,1
1487,doc_d9be,109,6,6,1
1496,doc_d9be,109,7,7,1
297,doc_d9be,110,0,0,1
1469,doc_d9be,110,2,2,1
1495,doc_d9be,110,4,4,1
1497,doc_d9be,110,5,8,1
1498,doc_d9be,110,10,12,1
1499,doc_d9be,111,0,0,1
1500,doc_d9be,111,2,5,1
1430,doc_d9be,112,2,3,1
22,doc_d9be,112,5,5,1
1501,doc_d9be,112,7,8,1
6,doc_d9be,112,10,10,1
1425,doc_d9be,112,13,13,1
1502,doc_d9be,112,15,16,1
1498,doc_d9be,113,1,3,1
1501,doc_d9be,113,5,6,1
1363,doc_d9be,114,0,0,1
1503,doc_d9be,114,2,3,1
1366,doc_d9be,114,5,5,1
1504,doc_d9be,114,7,7,1
1355,doc_d9be,114,9,10,1
1461,doc_d9be,114,12,12,1
1505,doc_d9be,114,13,13,1
1506,doc_d9be,114,14,15,1
1507,doc_d9be,114,16,16,1
1508,doc_d9be,114,17,17,1
1509,doc_d9be,114,18,19,1
297,doc_d9be,114,21,21,1
1510,doc_d9be,115,0,2,1
1511,doc_d9be,115,4,6,1
1,doc_d9be,116,6,6,1
1512,doc_d9be,116,8,10,1
147,doc_d9be,116,12,12,1
1471,doc_d9be,116,14,17,1
1513,doc_d9be,117,0,0,1
1514,doc_d9be,117,2,3,1
1425,doc_d9be,117,8,8,1
1515,doc_d9be,117,11,13,1
1440,doc_d9be,117,16,17,1
6,doc_d9be,117,34,34,1
1502,doc_d9be,117,39,40,1
1382,doc_d9be,118,7,7,1
428,doc_d9be,118,9,9,1
297,doc_d9be,119,9,9,1
1516,doc_d9be,119,19,20,1
428,doc_d9be,119,31,31,1
147,doc_d9be,119,39,39,1
1517,doc_d9be,119,41,44,1
1518,doc_d9be,119,52,53,1
1513,doc_d9be,119,56,56,1
1514,doc_d9be,119,58,59,1
1515,doc_d9be,119,61,63,1
1440,doc_d9be,119,66,67,1
1519,doc_d9be,119,73,74,1
1520,doc_d9be,119,90,90,1
6,doc_d9be,119,93,93,1
1425,doc_d9be,119,96,96,1
1502,doc_d9be,119,98,99,1
1414,doc_d9be,120,7,7,1
428,doc_d9be,120,9,9,1
297,doc_d9be,121,9,9,1
1516,doc_d9be,121,19,20,1
428,doc_d9be,121,31,31,1
147,doc_d9be,121,40,40,1
1517,doc_d9be,121,42,45,1
1440,doc_d9be,121,55,56,1
1513,doc_d9be,122,0,0,1
1514,doc_d9be,122,2,3,1
1515,doc_d9be,122,5,7,1
1440,doc_d9be,122,10,11,1
1519,doc_d9be,122,17,18,1
1521,doc_d9be,122,22,23,1
1520,doc_d9be,122,38,38,1
6,doc_d9be,122,41,41,1
1425,doc_d9be,122,44,44,1
428,doc_d9be,122,46,46,1
1465,doc_d9be,122,48,50,1
1522,doc_d9be,123,13,15,1
1414,doc_d9be,123,17,17,1
428,doc_d9be,123,19,19,1
1466,doc_d9be,124,3,3,1
1399,doc_d9be,124,11,11,1
1523,doc_d9be,124,12,14,1
297,doc_d9be,124,16,16,1
1516,doc_d9be,124,24,25,1
1493,doc_d9be,124,37,38,1
1414,doc_d9be,125,1,1,1
1,doc_d9be,125,3,3,1
428,doc_d9be,125,5,5,1
1524,doc_d9be,125,7,9,1
1425,doc_d9be,125,11,11,1
147,doc_d9be,126,1,1,1
1517,doc_d9be,126,3,6,1
6,doc_d9be,126,8,8,1
1525,doc_d9be,127,9,10,1
1440,doc_d9be,127,12,13,1
1526,doc_d9be,128,8,9,1
1440,doc_d9be,128,11,12,1
1414,doc_d9be,129,1,1,1
1526,doc_d9be,129,3,5,1
1516,doc_d9be,129,8,9,1
1513,doc_d9be,130,0,0,1
1514,doc_d9be,130,2,3,1
1515,doc_d9be,130,5,7,1
1440,doc_d9be,130,10,11,1
1519,doc_d9be,130,17,18,1
1521,doc_d9be,130,22,23,1
1520,doc_d9be,131,10,10,1
6,doc_d9be,131,13,13,1
1425,doc_d9be,131,16,16,1
428,doc_d9be,131,18,18,1
1465,doc_d9be,131,20,22,1
1527,doc_d9be,132,13,15,1
1414,doc_d9be,132,17,17,1
428,doc_d9be,132,19,19,1
1466,doc_d9be,133,3,3,1
1399,doc_d9be,133,11,11,1
1528,doc_d9be,133,12,14,1
297,doc_d9be,133,16,16,1
1516,doc_d9be,133,24,25,1
1493,doc_d9be,133,37,38,1
1414,doc_d9be,134,1,1,1
1,doc_d9be,134,3,3,1
428,doc_d9be,134,5,5,1
1524,doc_d9be,134,7,9,1
1425,doc_d9be,134,11,11,1
147,doc_d9be,135,1,1,1
1517,doc_d9be,135,3,6,1
6,doc_d9be,135,8,8,1
1525,doc_d9be,136,9,10,1
1440,doc_d9be,136,12,13,1
1526,doc_d9be,137,9,10,1
1440,doc_d9be,137,12,13,1
1414,doc_d9be,138,1,1,1
428,doc_d9be,138,3,3,1
1516,doc_d9be,138,6,7,1
1513,doc_d9be,139,0,0,1
1514,doc_d9be,139,2,3,1
1515,doc_d9be,139,5,7,1
1440,doc_d9be,139,10,11,1
1519,doc_d9be,139,17,18,1
1521,doc_d9be,139,22,23,1
1529,doc_d9be,139,34,35,1
6,doc_d9be,139,37,37,1
1425,doc_d9be,139,40,40,1
1502,doc_d9be,139,42,43,1
1530,doc_d9be,140,17,19,1
1531,doc_d9be,141,3,3,1
1399,doc_d9be,141,7,7,1
297,doc_d9be,141,16,16,1
1420,doc_d9be,141,20,22,1
1464,doc_d9be,142,0,1,1
1474,doc_d9be,142,4,5,1
428,doc_d9be,142,7,7,1
1475,doc_d9be,142,9,11,1
1489,doc_d9be,142,13,14,1
1403,doc_d9be,142,16,17,1
1458,doc_d9be,143,5,6,1
1476,doc_d9be,144,1,2,1
1429,doc_d9be,144,5,6,1
1425,doc_d9be,144,8,8,1
1414,doc_d9be,144,10,10,1
1516,doc_d9be,144,12,13,1
147,doc_d9be,146,1,1,1
1517,doc_d9be,146,3,6,1
6,doc_d9be,146,8,8,1
1526,doc_d9be,147,0,2,1
1518,doc_d9be,147,5,6,1
1532,doc_d9be,147,8,9,1
1472,doc_d9be,148,0,0,1
1440,doc_d9be,148,10,11,1
6,doc_d9be,148,61,61,1
1425,doc_d9be,148,64,64,1
428,doc_d9be,148,66,66,1
1465,doc_d9be,148,68,70,1
1533,doc_d9be,149,1,3,1
1425,doc_d9be,149,5,5,1
1534,doc_d9be,149,7,8,1
1368,doc_d9be,150,0,1,1
1535,doc_d9be,150,13,13,1
1420,doc_d9be,150,15,16,1
1355,doc_d9be,150,18,19,1
1461,doc_d9be,150,21,21,1
1536,doc_d9be,150,22,22,1
297,doc_d9be,150,32,32,1
1537,doc_d9be,150,35,37,1
1425,doc_d9be,150,41,41,1
1414,doc_d9be,150,43,43,1
428,doc_d9be,150,45,45,1
1464,doc_d9be,151,0,1,1
1474,doc_d9be,151,4,5,1
428,doc_d9be,151,7,7,1
1475,doc_d9be,151,9,11,1
1403,doc_d9be,151,13,14,1
1476,doc_d9be,151,16,17,1
1516,doc_d9be,151,20,21,1
1,doc_d9be,151,32,32,1
1429,doc_d9be,151,37,38,1
147,doc_d9be,152,1,1,1
1517,doc_d9be,152,3,6,1
6,doc_d9be,152,8,8,1
1526,doc_d9be,153,0,2,1
1440,doc_d9be,153,5,6,1
1525,doc_d9be,153,10,11,1
1532,doc_d9be,153,13,14,1
1472,doc_d9be,154,0,0,1
1538,doc_d9be,154,5,6,1
1440,doc_d9be,154,10,11,1
6,doc_d9be,155,0,0,1
1425,doc_d9be,155,3,3,1
1502,doc_d9be,155,5,6,1
1368,doc_d9be,157,0,1,1
1535,doc_d9be,157,12,12,1
1539,doc_d9be,157,14,15,1
1422,doc_d9be,157,17,18,1
1540,doc_d9be,157,20,20,1
1355,doc_d9be,157,24,25,1
1487,doc_d9be,157,30,30,1
297,doc_d9be,157,32,32,1
1541,doc_d9be,157,34,36,1
1542,doc_d9be,157,39,40,1
1543,doc_d9be,157,42,43,1
1,doc_d9be,158,0,0,1
1544,doc_d9be,158,2,4,1
1545,doc_d9be,158,6,7,1
1425,doc_d9be,158,9,9,1
147,doc_d9be,159,1,1,1
1517,doc_d9be,159,3,6,1
6,doc_d9be,159,8,8,1
1513,doc_d9be,160,0,0,1
1514,doc_d9be,160,2,3,1
1515,doc_d9be,160,5,7,1
1440,doc_d9be,160,10,11,1
1519,doc_d9be,160,17,18,1
1546,doc_d9be,160,22,23,1
1541,doc_d9be,160,27,29,1
1426,doc_d9be,160,31,32,1
1535,doc_d9be,160,47,47,1
1539,doc_d9be,160,49,50,1
428,doc_d9be,161,0,0,1
1547,doc_d9be,161,4,4,1
