doc_id,chunk_id,rowid_src,status,processed_at,error_msg
doc_4387,doc_4387_chunk_0001,1,done,2026-02-03T19:47:43,
doc_4387,doc_4387_chunk_0002,2,done,2026-02-03T19:47:53,
doc_4387,doc_4387_chunk_0003,3,done,2026-02-03T19:48:02,
doc_4387,doc_4387_chunk_0004,4,done,2026-02-03T19:48:12,
doc_4387,doc_4387_chunk_0005,5,done,2026-02-03T19:48:12,
doc_4387,doc_4387_chunk_0006,6,done,2026-02-03T19:48:21,
doc_4387,doc_4387_chunk_0007,7,done,2026-02-03T19:48:25,
doc_4387,doc_4387_chunk_0008,8,done,2026-02-03T19:48:25,
doc_4387,doc_4387_chunk_0009,9,done,2026-02-03T19:48:35,
doc_4387,doc_4387_chunk_0010,10,done,2026-02-03T19:48:39,
doc_4387,doc_4387_chunk_0011,11,done,2026-02-03T19:48:42,
doc_4387,doc_4387_chunk_0012,12,done,2026-02-03T19:48:42,
doc_4387,doc_4387_chunk_0013,13,done,2026-02-03T19:48:46,
doc_4387,doc_4387_chunk_0014,14,done,2026-02-03T19:48:55,
doc_4387,doc_4387_chunk_0015,15,done,2026-02-03T19:48:55,
doc_4387,doc_4387_chunk_0016,16,done,2026-02-03T19:48:55,
doc_4387,doc_4387_chunk_0017,17,done,2026-02-03T19:48:55,
doc_4387,doc_4387_chunk_0018,18,done,2026-02-03T19:48:55,
doc_4387,doc_4387_chunk_0019,19,done,2026-02-03T19:49:05,
doc_4387,doc_4387_chunk_0020,20,done,2026-02-03T19:49:11,
doc_4387,doc_4387_chunk_0021,21,done,2026-02-03T19:49:18,
doc_4387,doc_4387_chunk_0022,22,done,2026-02-03T19:49:27,
doc_4387,doc_4387_chunk_0023,23,done,2026-02-03T19:49:27,
doc_4387,doc_4387_chunk_0024,24,done,2026-02-03T19:49:36,
doc_4387,doc_4387_chunk_0025,25,done,2026-02-03T19:49:36,
doc_4387,doc_4387_chunk_0026,26,done,2026-02-03T19:49:36,
doc_7ceb,doc_7ceb_chunk_0001,27,done,2026-02-03T19:49:45,
doc_7ceb,doc_7ceb_chunk_0002,28,done,2026-02-03T19:49:55,
doc_7ceb,doc_7ceb_chunk_0003,29,done,2026-02-03T19:50:04,
doc_7ceb,doc_7ceb_chunk_0004,30,done,2026-02-03T19:50:13,
doc_7ceb,doc_7ceb_chunk_0005,31,done,2026-02-03T19:50:23,
doc_7ceb,doc_7ceb_chunk_0006,32,done,2026-02-03T19:50:32,
doc_7ceb,doc_7ceb_chunk_0007,33,done,2026-02-03T19:50:41,
doc_7ceb,doc_7ceb_chunk_0008,34,done,2026-02-03T19:50:51,
doc_7ceb,doc_7ceb_chunk_0009,35,done,2026-02-03T19:51:00,
doc_7ceb,doc_7ceb_chunk_0010,36,done,2026-02-03T19:51:00,
doc_7ceb,doc_7ceb_chunk_0011,37,done,2026-02-03T19:51:10,
doc_7ceb,doc_7ceb_chunk_0012,38,done,2026-02-03T19:51:19,
doc_7ceb,doc_7ceb_chunk_0013,39,done,2026-02-03T19:51:29,
doc_7ceb,doc_7ceb_chunk_0014,40,done,2026-02-03T19:51:38,
doc_7ceb,doc_7ceb_chunk_0015,41,done,2026-02-03T19:51:45,
doc_7ceb,doc_7ceb_chunk_0016,42,done,2026-02-03T19:51:55,
doc_7ceb,doc_7ceb_chunk_0017,43,done,2026-02-03T19:52:05,
doc_7ceb,doc_7ceb_chunk_0018,44,done,2026-02-03T19:52:09,
doc_7ceb,doc_7ceb_chunk_0019,45,done,2026-02-03T19:52:15,
doc_7ceb,doc_7ceb_chunk_0020,46,done,2026-02-03T19:52:25,
doc_7ceb,doc_7ceb_chunk_0021,47,done,2026-02-03T19:52:25,
doc_7ceb,doc_7ceb_chunk_0022,48,done,2026-02-03T19:52:35,
doc_7ceb,doc_7ceb_chunk_0023,49,done,2026-02-03T19:52:44,
doc_7ceb,doc_7ceb_chunk_0024,50,done,2026-02-03T19:52:48,
doc_7ceb,doc_7ceb_chunk_0025,51,done,2026-02-03T19:52:52,
doc_7ceb,doc_7ceb_chunk_0026,52,done,2026-02-03T19:52:58,
doc_7ceb,doc_7ceb_chunk_0027,53,done,2026-02-03T19:53:03,
doc_7ceb,doc_7ceb_chunk_0028,54,done,2026-02-03T19:53:03,
doc_7ceb,doc_7ceb_chunk_0029,55,done,2026-02-03T19:53:03,
doc_7ceb,doc_7ceb_chunk_0030,56,done,2026-02-03T19:53:03,
doc_7ceb,doc_7ceb_chunk_0031,57,done,2026-02-03T19:53:06,
doc_7ceb,doc_7ceb_chunk_0032,58,done,2026-02-03T19:53:10,
doc_7ceb,doc_7ceb_chunk_0033,59,done,2026-02-03T19:53:14,
doc_7ceb,doc_7ceb_chunk_0034,60,done,2026-02-03T19:53:23,
doc_7ceb,doc_7ceb_chunk_0035,61,done,2026-02-03T19:53:33,
doc_7ceb,doc_7ceb_chunk_0036,62,done,2026-02-03T19:53:37,
doc_7ceb,doc_7ceb_chunk_0037,63,done,2026-02-03T19:53:37,
doc_7ceb,doc_7ceb_chunk_0038,64,done,2026-02-03T19:53:40,
doc_7ceb,doc_7ceb_chunk_0039,65,done,2026-02-03T19:53:40,
doc_7ceb,doc_7ceb_chunk_0040,66,done,2026-02-03T19:53:44,
doc_7ceb,doc_7ceb_chunk_0041,67,done,2026-02-03T19:53:44,
doc_7ceb,doc_7ceb_chunk_0042,68,done,2026-02-03T19:53:44,
doc_7ceb,doc_7ceb_chunk_0043,69,done,2026-02-03T19:53:44,
doc_7ceb,doc_7ceb_chunk_0044,70,done,2026-02-03T19:53:53,
doc_7ceb,doc_7ceb_chunk_0045,71,done,2026-02-03T19:54:03,
doc_7ceb,doc_7ceb_chunk_0046,72,done,2026-02-03T19:54:12,
doc_7ceb,doc_7ceb_chunk_0047,73,done,2026-02-03T19:54:21,
doc_7ceb,doc_7ceb_chunk_0048,74,done,2026-02-03T19:54:21,
doc_7ceb,doc_7ceb_chunk_0049,75,done,2026-02-03T19:54:21,
doc_7ceb,doc_7ceb_chunk_0050,76,done,2026-02-03T19:54:21,
doc_7ceb,doc_7ceb_chunk_0051,77,done,2026-02-03T19:54:24,
doc_7ceb,doc_7ceb_chunk_0052,78,done,2026-02-03T19:54:29,
doc_7ceb,doc_7ceb_chunk_0053,79,done,2026-02-03T19:54:32,
doc_7ceb,doc_7ceb_chunk_0054,80,done,2026-02-03T19:54:39,
doc_7ceb,doc_7ceb_chunk_0055,81,done,2026-02-03T19:54:39,
doc_7ceb,doc_7ceb_chunk_0056,82,done,2026-02-03T19:54:39,
doc_7ceb,doc_7ceb_chunk_0057,83,done,2026-02-03T19:54:42,
doc_7ceb,doc_7ceb_chunk_0058,84,done,2026-02-03T19:54:49,
doc_7ceb,doc_7ceb_chunk_0059,85,done,2026-02-03T19:54:59,
doc_7ceb,doc_7ceb_chunk_0060,86,done,2026-02-03T19:55:06,
doc_7ceb,doc_7ceb_chunk_0061,87,done,2026-02-03T19:55:12,
doc_7ceb,doc_7ceb_chunk_0062,88,done,2026-02-03T19:55:12,
doc_7ceb,doc_7ceb_chunk_0063,89,done,2026-02-03T19:55:16,
doc_7ceb,doc_7ceb_chunk_0064,90,done,2026-02-03T19:55:16,
doc_7ceb,doc_7ceb_chunk_0065,91,done,2026-02-03T19:55:19,
doc_7ceb,doc_7ceb_chunk_0066,92,done,2026-02-03T19:55:23,
doc_7ceb,doc_7ceb_chunk_0067,93,done,2026-02-03T19:55:23,
doc_7ceb,doc_7ceb_chunk_0068,94,done,2026-02-03T19:55:23,
doc_7ceb,doc_7ceb_chunk_0069,95,done,2026-02-03T19:55:28,
doc_7ceb,doc_7ceb_chunk_0070,96,done,2026-02-03T19:55:28,
doc_84a2,doc_84a2_chunk_0001,97,done,2026-02-03T19:55:28,
doc_84a2,doc_84a2_chunk_0002,98,done,2026-02-03T19:55:28,
doc_84a2,doc_84a2_chunk_0003,99,done,2026-02-03T19:55:28,
doc_84a2,doc_84a2_chunk_0004,100,done,2026-02-03T19:55:28,
doc_d9be,doc_d9be_chunk_0001,101,done,2026-02-03T19:55:37,
doc_d9be,doc_d9be_chunk_0002,102,done,2026-02-03T19:55:47,
doc_d9be,doc_d9be_chunk_0003,103,done,2026-02-03T19:55:55,
doc_d9be,doc_d9be_chunk_0004,104,done,2026-02-03T19:56:05,
doc_d9be,doc_d9be_chunk_0005,105,done,2026-02-03T19:56:14,
doc_d9be,doc_d9be_chunk_0006,106,done,2026-02-03T19:56:14,
doc_d9be,doc_d9be_chunk_0007,107,done,2026-02-03T19:56:14,
doc_d9be,doc_d9be_chunk_0008,108,done,2026-02-03T19:56:24,
doc_d9be,doc_d9be_chunk_0009,109,done,2026-02-03T19:56:24,
doc_d9be,doc_d9be_chunk_0010,110,done,2026-02-03T19:56:28,
doc_d9be,doc_d9be_chunk_0011,111,done,2026-02-03T19:56:34,
doc_d9be,doc_d9be_chunk_0012,112,done,2026-02-03T19:56:43,
doc_d9be,doc_d9be_chunk_0013,113,done,2026-02-03T19:56:43,
doc_d9be,doc_d9be_chunk_0014,114,done,2026-02-03T19:56:43,
doc_d9be,doc_d9be_chunk_0015,115,done,2026-02-03T19:56:43,
doc_d9be,doc_d9be_chunk_0016,116,done,2026-02-03T19:56:43,
