run_id,ts_utc,doc_id,chunk_id,rowid,model_id,raw_output
1,2026-02-03T19:05:44Z,doc_4387,doc_4387_chunk_0001,1,mistralai/Mistral-7B-Instruct-v0.3,"{
  ""terms"": [
    ""Slurm"",
    ""accounting"",
    ""sacct"",
    ""sstat"",
    ""sreport"",
    ""SlurmDBD"",
    ""text file"",
    ""database"",
    ""job step"",
    ""resource usage"",
    ""load imbalance"",
    ""Slurm configuration parameters"",
    ""slurm.conf"",
    ""AccountingStorageType"",
    ""JobAcctGatherType"",
    ""JobCompType"",
    ""jobacct_gather/linux"",
    ""jobacct_gather/cgroup"",
    ""jobacct_gather/none""
  ]
}"
2,2026-02-03T19:05:49Z,doc_4387,doc_4387_chunk_0002,2,mistralai/Mistral-7B-Instruct-v0.3,"{
  ""terms"": [
    ""JobCompType"",
    ""job_completions"",
    ""text file"",
    ""MySQL"",
    ""MariaDB database"",
    ""sacct"",
    ""sreport"",
    ""sacctmgr"",
    ""JobAcctGatherType"",
    ""AccountingStorageType"",
    ""JobCompLoc"",
    ""logrotate"",
    ""slurmctld"",
    ""SIGUSR2"",
    ""SlurmDBD"",
    ""Slurm Database Daemon""
  ]
}"
3,2026-02-03T19:05:58Z,doc_4387,doc_4387_chunk_0003,3,mistralai/Mistral-7B-Instruct-v0.3,"{
  ""terms"": [
    ""SlurmDBD"",
    ""Slurm Database Daemon"",
    ""SlurmDBD (Slurm Database Daemon)"",
    ""C"",
    ""multi-threaded"",
    ""secure"",
    ""fast"",
    ""SlurmDBD configuration"",
    ""Slurm plugins"",
    ""authentication"",
    ""Slurm SQL"",
    ""slurmctld"",
    ""slurmdbd"",
    ""RPMs"",
    ""MySQL plugin"",
    ""sacctmgr"",
    ""sacctmgr list cluster"",
    ""sacctmgr add cluster"",
    ""snowflake"",
    ""slurmctld failure"",
    ""slurmctld talking to slurmdbd"",
    ""slurmctld internal cache"",
    ""slurmctld shutdown"",
    ""slurmctld startup"",
    ""SlurmDBD cache"",
   "
4,2026-02-03T19:06:03Z,doc_4387,doc_4387_chunk_0004,4,mistralai/Mistral-7B-Instruct-v0.3,"{
  ""terms"": [
    ""SlurmDBD"",
    ""multiple clusters"",
    ""user naming"",
    ""user IDs"",
    ""Accounting"",
    ""user name"",
    ""user ID numbers"",
    ""SlurmUser"",
    ""administrators"",
    ""limits"",
    ""authentication"",
    ""MUNGE"",
    ""Slurm managed clusters"",
    ""local domain socket"",
    ""slurmdbd.conf"",
    ""slurm.conf"",
    ""passwd file"",
    ""authentication module""
  ]
}"
5,2026-02-03T19:06:10Z,doc_4387,doc_4387_chunk_0005,5,mistralai/Mistral-7B-Instruct-v0.3,"{
  ""terms"": [
    ""MUNGE"",
    ""passwd file"",
    ""sacctmgr"",
    ""accounting tools"",
    ""LDAP server"",
    ""Storage Backup Host"",
    ""AccountingStorageBackupHost"",
    ""slurm.conf"",
    ""DbdBackupHost"",
    ""slurmdbd.conf"",
    ""slurmdbd"",
    ""primary instance"",
    ""backup host"",
    ""same database"",
    ""same munge key(s)"",
    ""same users"",
    ""UID/GIDs"",
    ""network page"",
    ""Slurm JobComp Configuration"",
    ""SlurmDBD"",
    ""JobCompHost"",
    ""JobCompLoc"",
    ""JobCompPass""
  ]
}"
6,2026-02-03T19:06:16Z,doc_4387,doc_4387_chunk_0006,6,mistralai/Mistral-7B-Instruct-v0.3,"{
  ""terms"": [
    ""JobCompPort"",
    ""database"",
    ""JobCompType"",
    ""jobcomp/mysql"",
    ""jobcomp/filetxt"",
    ""JobCompUser"",
    ""JobCompParams"",
    ""AccountingStorageType"",
    ""accounting_storage/slurmdbd"",
    ""associations"",
    ""cluster"",
    ""user"",
    ""account"",
    ""partition"",
    ""MySQL"",
    ""MariaDB"",
    ""InnoDB"",
    ""SlurmDBD"",
    ""Upgrade Guide"",
    ""development package""
  ]
}"
7,2026-02-03T19:06:24Z,doc_4387,doc_4387_chunk_0007,7,mistralai/Mistral-7B-Instruct-v0.3,"{
  ""terms"": [
    ""Slurm"",
    ""InnoDB"",
    ""MySQL"",
    ""MariaDB"",
    ""MySQL installation"",
    ""rollback"",
    ""slurm_configure"",
    ""mysql_config"",
    ""--with-mysql_conf"",
    ""innodb_buffer_pool_size"",
    ""available memory"",
    ""SQL server"",
    ""4 GiB"",
    ""innodb_log_file_size"",
    ""innodb_log_files_in_group"",
    ""unnecessary small writes"",
    ""innodb_redo_log_capacity"",
    ""MySQL 8.0.30+"",
    ""innodb_lock_wait_timeout"",
    ""900 seconds"",
    ""AccountingStoreFlags"",
    ""job_env"",
    ""job_script"",
    ""max_script_size""
"
8,2026-02-03T19:06:30Z,doc_4387,doc_4387_chunk_0008,8,mistralai/Mistral-7B-Instruct-v0.3,"{
  ""terms"": [
    ""innodb_buffer_pool_size"",
    ""16M"",
    ""AccountingStoreFlags"",
    ""max_script_size"",
    ""mysql"",
    ""innodb_log_file_size"",
    ""innodb_lock_wait_timeout"",
    ""max_allowed_packet"",
    ""mysqld"",
    ""innodb_default_row_format"",
    ""COMPACT"",
    ""DYNAMIC"",
    ""row format"",
    ""table"",
    ""InnoDB"",
    ""InnoDB error"",
    ""upgrade"",
    ""alter"",
    ""record"",
    ""index leaf page""
  ]
}"
9,2026-02-03T19:06:36Z,doc_4387,doc_4387_chunk_0009,9,mistralai/Mistral-7B-Instruct-v0.3,"{
  ""terms"": [
    ""SlurmDBD"",
    ""slurmdbd.conf"",
    ""innodb_default_row_format"",
    ""dynamic"",
    ""SHOW TABLE STATUS"",
    ""db_name"",
    ""collation"",
    ""case-insensitive"",
    ""case-sensitive"",
    ""information_schema"",
    ""schemata"",
    ""SELECT"",
    ""default_collation_name"",
    ""AccountingStorageEnforce"",
    ""associations"",
    ""limits"",
    ""qos"",
    ""nojobs"",
    ""AccountingStorage""
  ]
}"
10,2026-02-03T19:06:40Z,doc_4387,doc_4387_chunk_0010,10,mistralai/Mistral-7B-Instruct-v0.3,"{
  ""terms"": [
    ""qos"",
    ""Quality of Service"",
    ""nojobs"",
    ""nosteps"",
    ""limits"",
    ""TRES-minutes"",
    ""safe"",
    ""associations"",
    ""wckeys"",
    ""wckey""
  ]
}"
11,2026-02-03T19:06:46Z,doc_4387,doc_4387_chunk_0011,11,mistralai/Mistral-7B-Instruct-v0.3,"{
  ""terms"": [
    ""wckeys"",
    ""associations"",
    ""TrackWCKey"",
    ""cluster"",
    ""account"",
    ""user"",
    ""partition"",
    ""AccountingStorageEnforce"",
    ""Slurm"",
    ""AccountingStorageExternalHost"",
    ""host/ip"",
    ""port"",
    ""AccountingStoragePort"",
    ""AccountingStorageHost"",
    ""AccountingStoragePass"",
    ""database"",
    ""MUNGE authentication"",
    ""AccountingStoragePass"",
    ""munge daemon"",
    ""communications"",
    ""alternate MUNGE daemon""
  ]
}"
12,2026-02-03T19:06:52Z,doc_4387,doc_4387_chunk_0012,12,mistralai/Mistral-7B-Instruct-v0.3,"{
  ""terms"": [
    ""AccountingStoragePort"",
    ""SlurmDBD"",
    ""Slurmdbd"",
    ""AccountingStorageType"",
    ""accounting_storage/slurmdbd"",
    ""ClusterName"",
    ""TrackWCKey"",
    ""wckey"",
    ""Workload Characterization Key"",
    ""slurmdbd.conf"",
    ""slurmdbd.conf(5)"",
    ""AuthInfo"",
    ""MUNGE"",
    ""named socket"",
    ""SlurmDBD Configuration"",
    ""slurmdbd.conf(5)"",
    ""configuration parameters"",
    ""AuthInfo""
  ]
}"
13,2026-02-03T19:06:57Z,doc_4387,doc_4387_chunk_0013,13,mistralai/Mistral-7B-Instruct-v0.3,"{
  ""terms"": [
    ""AuthInfo"",
    ""MUNGE"",
    ""AuthType"",
    ""munge"",
    ""SlurmDBD"",
    ""SlurmDatabaseDaemon"",
    ""slurmdbd"",
    ""slurmdbd_port"",
    ""SLURMDBD_PORT"",
    ""AccountingStoragePort"",
    ""slurm.conf"",
    ""LogFile"",
    ""syslog"",
    ""Slurm plugins"",
    ""Slurm plugin paths"",
    ""Slurm plugin directories"",
    ""default value"",
    ""configure time"",
    ""prefix""
  ]
}"
14,2026-02-03T19:07:02Z,doc_4387,doc_4387_chunk_0014,14,mistralai/Mistral-7B-Instruct-v0.3,"{
  ""terms"": [
    ""SlurmUser"",
    ""slurmdbd"",
    ""slurmctld"",
    ""slurmDatabase"",
    ""StorageHost"",
    ""StorageLoc"",
    ""StoragePass"",
    ""StoragePort"",
    ""accounting storage mechanism"",
    ""slurm_acct_db"",
    ""default value"",
    ""configure time"",
    ""UID"",
    ""root"",
    ""AdminLevel"",
    ""Admin""
  ]
}"
15,2026-02-03T19:07:07Z,doc_4387,doc_4387_chunk_0015,15,mistralai/Mistral-7B-Instruct-v0.3,"{
  ""terms"": [
    ""accounting_storage"",
    ""MySQL"",
    ""MariaDB"",
    ""StorageLoc"",
    ""StorageUser"",
    ""Slurm"",
    ""GRANT"",
    ""StorageHost"",
    ""database"",
    ""privileges"",
    ""mysql user"",
    ""Slurm database tables"",
    ""mysql command"",
    ""root"",
    ""password usage"",
    ""continuation prompt"",
    ""future databases""
  ]
}"
16,2026-02-03T19:07:10Z,doc_4387,doc_4387_chunk_0016,16,mistralai/Mistral-7B-Instruct-v0.3,"{
  ""terms"": [
    ""MySQL"",
    ""snowflake"",
    ""slurm_acct_db"",
    ""user"",
    ""password"",
    ""localhost"",
    ""system0"",
    ""grant"",
    ""all"",
    ""on"",
    ""database"",
    ""storage host""
  ]
}"
17,2026-02-03T19:07:16Z,doc_4387,doc_4387_chunk_0017,17,mistralai/Mistral-7B-Instruct-v0.3,"{
  ""terms"": [
    ""slurm_acct_db"",
    ""grant"",
    ""slurm"",
    ""system0"",
    ""some_pass"",
    ""localhost"",
    ""database storage host"",
    ""InnoDB"",
    ""SHOW ENGINES"",
    ""create database"",
    ""slurm_acct_db.*,"",
    ""slurmdbd"",
    ""/usr/sbin/slurmdbd"",
    ""/etc/init.d/slurmdbd"",
    ""slurmdbd start"",
    ""ps aux"",
    ""grep slurmdbd"",
    ""-v""
  ]
}"
18,2026-02-03T19:07:21Z,doc_4387,doc_4387_chunk_0018,18,mistralai/Mistral-7B-Instruct-v0.3,"{
  ""terms"": [
    ""SlurmDBD"",
    ""-v"",
    ""-D"",
    ""SlurmDBD Archive"",
    ""Purge"",
    ""Archive"",
    ""slurmdbd"",
    ""sacctmgr"",
    ""slurmdbd.conf"",
    ""ArchiveServer"",
    ""MySQL/MariaDB"",
    ""slurmctld"",
    ""Archive instance"",
    ""database entries"",
    ""production server""
  ]
}"
19,2026-02-03T19:07:27Z,doc_4387,doc_4387_chunk_0019,19,mistralai/Mistral-7B-Instruct-v0.3,"{
  ""terms"": [
    ""Association"",
    ""QOS"",
    ""TRES"",
    ""mysqldump"",
    ""slurm_user"",
    ""db_name"",
    ""cluster"",
    ""slurm.sql"",
    ""SlurmDBD"",
    ""sacct"",
    ""sacctmgr"",
    ""sreport"",
    ""clusters"",
    ""accounts"",
    ""user associations"",
    ""QOSs"",
    ""man pages"",
    ""time period"",
    ""report generation"",
    ""additional control""
  ]
}"
20,2026-02-03T19:07:33Z,doc_4387,doc_4387_chunk_0020,20,mistralai/Mistral-7B-Instruct-v0.3,"{
  ""terms"": [
    ""sreport"",
    ""Grafana"",
    ""Prometheus"",
    ""InfluxDB"",
    ""sacctmgr"",
    ""slurmctld"",
    ""Accounting"",
    ""Association"",
    ""cluster"",
    ""account"",
    ""user names"",
    ""partition name"",
    ""snowflake"",
    ""sacctmgr add cluster"",
    ""sacctmgr add account"",
    ""Cluster"",
    ""Description"",
    ""Organization"",
    ""hierarchical fashion"",
    ""chemistry"",
    ""physics"",
    ""science""
  ]
}"
21,2026-02-03T19:07:39Z,doc_4387,doc_4387_chunk_0021,21,mistralai/Mistral-7B-Instruct-v0.3,"{
  ""terms"": [
    ""sacctmgr"",
    ""add account"",
    ""parent"",
    ""science"",
    ""chemistry"",
    ""physics"",
    ""Description"",
    ""Organization"",
    ""slurm.conf"",
    ""AccountingStorageEnforce"",
    ""user"",
    ""brian"",
    ""DefaultAccount"",
    ""cluster"",
    ""snowflake"",
    ""Name"",
    ""Cluster"",
    ""Account"",
    ""Description"",
    ""Name"",
    ""Organization"",
    ""Parent"",
    ""User"",
    ""AccountOptions"",
    ""ClusterOptions"",
    ""AdminLevel""
  ]
}"
22,2026-02-03T19:07:45Z,doc_4387,doc_4387_chunk_0022,22,mistralai/Mistral-7B-Instruct-v0.3,"{
  ""terms"": [
    ""sacctmgr"",
    ""Account"",
    ""AdminLevel"",
    ""Operator"",
    ""SlurmDBD"",
    ""slurmctld"",
    ""PrivateData"",
    ""Reservations"",
    ""Admin"",
    ""Cluster"",
    ""DefaultAccount"",
    ""DefaultWCKey"",
    ""Name"",
    ""NewName"",
    ""Partition"",
    ""Resource Limits"",
    ""AccountingStorageEnforce"",
    ""slurm.conf"",
    ""modify"",
    ""entity"",
    ""options"",
    ""where""
  ]
}"
23,2026-02-03T19:07:51Z,doc_4387,doc_4387_chunk_0023,23,mistralai/Mistral-7B-Instruct-v0.3,"{
  ""terms"": [
    ""sacctmgr"",
    ""modify"",
    ""entity"",
    ""options"",
    ""default"",
    ""set"",
    ""where"",
    ""Slurm daemons"",
    ""remove"",
    ""entities"",
    ""user"",
    ""account"",
    ""brian"",
    ""physics"",
    ""slurm database"",
    ""deleted"",
    ""1 day"",
    ""typoographical errors"",
    ""user associations"",
    ""accounts"",
    ""slurmctld"",
    ""usage data"",
    ""task level"",
    ""parallel computing"",
    ""Slurm accounting""
  ]
}"
24,2026-02-03T19:07:58Z,doc_4387,doc_4387_chunk_0024,24,mistralai/Mistral-7B-Instruct-v0.3,"{
  ""terms"": [
    ""task"",
    ""user processes"",
    ""step"",
    ""job"",
    ""srun"",
    ""JobAcctGather"",
    ""Trackable Resources"",
    ""TRES"",
    ""cpu"",
    ""memory"",
    ""energy"",
    ""JobAcctGatherFrequency"",
    ""slurm.conf"",
    ""--acct-freq"",
    ""TresUsageInTot"",
    ""TresUsageInMax"",
    ""sstat"",
    ""TresUsageInMaxNode"",
    ""TresUsageInMaxTask"",
    ""MaxRSS"",
    ""MaxRSSNode"",
    ""MaxRSSTask"",
    ""energy consumption"",
    ""node""
  ]
}"
25,2026-02-03T19:08:02Z,doc_4387,doc_4387_chunk_0025,25,mistralai/Mistral-7B-Instruct-v0.3,"{
  ""terms"": [
    ""TresUsage*"",
    ""sacct"",
    ""sacct"",
    ""TresUsageInTot"",
    ""TresUsageInAve"",
    ""TresUsageInMax"",
    ""MaxRSS"",
    ""single task processes"",
    ""profiling"",
    ""HDF5"",
    ""InfluxDB"",
    ""accounting data"",
    ""visualize accounting data""
  ]
}"
26,2026-02-03T19:08:05Z,doc_4387,doc_4387_chunk_0026,26,mistralai/Mistral-7B-Instruct-v0.3,"{
  ""terms"": [
    ""Profiling"",
    ""HDF5"",
    ""InfluxDB"",
    ""accounting data"",
    ""visualize"",
    ""plugins""
  ]
}"
27,2026-02-03T19:08:11Z,doc_7ceb,doc_7ceb_chunk_0001,27,mistralai/Mistral-7B-Instruct-v0.3,"{
  ""terms"": [
    ""IBM Spectrum LSF"",
    ""administrator"",
    ""workload"",
    ""cluster operations"",
    ""LSF cluster overview"",
    ""LSF directories"",
    ""configuration files"",
    ""LSF daemons"",
    ""cluster properties"",
    ""LSF status"",
    ""LSF jobs"",
    ""troubleshooting"",
    ""LSF error messages"",
    ""IBM Support"",
    ""cluster characteristics"",
    ""cluster name"",
    ""cluster administrators"",
    ""hosts definition"",
    ""file systems"",
    ""directories"",
    ""files"",
    ""LSF configuration files"",
    ""job states""
  ]
}"
28,2026-02-03T19:08:17Z,doc_7ceb,doc_7ceb_chunk_0002,28,mistralai/Mistral-7B-Instruct-v0.3,"{
  ""terms"": [
    ""IBM Spectrum LSF"",
    ""job states"",
    ""PEND"",
    ""RUN"",
    ""DONE"",
    ""EXIT"",
    ""PSUSP"",
    ""USUSP"",
    ""SSUSP"",
    ""POST_DONE"",
    ""POST_ERR"",
    ""UNKWN"",
    ""mbatchd"",
    ""sbatchd"",
    ""chunk job queue"",
    ""ZOMBI"",
    ""re-runnable job"",
    ""unkreachable"",
    ""kill signal""
  ]
}"
29,2026-02-03T19:08:23Z,doc_7ceb,doc_7ceb_chunk_0003,29,mistralai/Mistral-7B-Instruct-v0.3,"{
  ""terms"": [
    ""ZOMBI state"",
    ""UNKWN status"",
    ""bkill"",
    ""requeued job"",
    ""execution host"",
    ""mbatchd daemon"",
    ""REMOVE_HUNG_JOBS_FOR"",
    ""lsb.params"",
    ""bkill -r"",
    ""sbatchd daemon"",
    ""LSF host"",
    ""individual computer"",
    ""cluster"",
    ""processor"",
    ""parallel jobs"",
    ""multiprocessor host"",
    ""process queue"",
    ""unique host names"",
    ""cluster name"",
    ""queue name"",
    ""LSF job"",
    ""unit of work""
  ]
}"
30,2026-02-03T19:08:28Z,doc_7ceb,doc_7ceb_chunk_0004,30,mistralai/Mistral-7B-Instruct-v0.3,"{
  ""terms"": [
    ""LSF"",
    ""job"",
    ""bsub"",
    ""bash"",
    ""Bourne shell script"",
    ""Windows"",
    ""batch file"",
    ""interactive batch job"",
    ""terminal"",
    ""job submission command"",
    ""scheduling policies"",
    ""fault tolerance"",
    ""job file"",
    ""queue"",
    ""UNIX"",
    ""complex problems"",
    ""simulation scenarios"",
    ""extensive calculations"",
    ""compute power""
  ]
}"
31,2026-02-03T19:08:34Z,doc_7ceb,doc_7ceb_chunk_0005,31,mistralai/Mistral-7B-Instruct-v0.3,"{
  ""terms"": [
    ""interactive job"",
    ""job"",
    ""LSF"",
    ""batch queue"",
    ""interactive task"",
    ""command"",
    ""single process"",
    ""group of cooperating processes"",
    ""local task"",
    ""application"",
    ""UNIX"",
    ""remote task"",
    ""host types"",
    ""host models"",
    ""X86_64"",
    ""Opteron240"",
    ""Opteron840"",
    ""Intel_EM64T"",
    ""host type"",
    ""operating system"",
    ""host CPU architecture""
  ]
}"
32,2026-02-03T19:08:42Z,doc_7ceb,doc_7ceb_chunk_0006,32,mistralai/Mistral-7B-Instruct-v0.3,"{
  ""terms"": [
    ""LSF"",
    ""operating system"",
    ""computer architecture"",
    ""host type"",
    ""binary-compatible"",
    ""LSF binary files"",
    ""Host model"",
    ""CPU speed scaling factor"",
    ""load and placement calculations"",
    ""CPU factor"",
    ""resources"",
    ""LSF system resources"",
    ""job requirements"",
    ""resource availability"",
    ""job scheduling"",
    ""Total CPU time"",
    ""resident memory usage"",
    ""virtual memory usage"",
    ""process group ID"",
    ""active processes"",
    ""UNIX"",
    ""Linux"",
    ""PIM"",
    ""load indices"",
    ""load thresholds"",
    ""fair share scheduling"",
    ""load indices"",
    ""cluster""
  ]
}"
33,2026-02-03T19:08:48Z,doc_7ceb,doc_7ceb_chunk_0007,33,mistralai/Mistral-7B-Instruct-v0.3,"{
  ""terms"": [
    ""Load indices"",
    ""fixed time intervals"",
    ""External Load Information Manager (ELIM)"",
    ""LIM"",
    ""dynamic"",
    ""non-shared resources"",
    ""hosts"",
    ""cluster"",
    ""static resources"",
    ""built-in resources"",
    ""maximum RAM"",
    ""user processes"",
    ""number of processors"",
    ""binary architecture"",
    ""relative CPU speed"",
    ""system configuration"",
    ""load thresholds"",
    ""loadSched"",
    ""load condition"",
    ""pending jobs"",
    ""suspended jobs"",
    ""loadStop""
  ]
}"
34,2026-02-03T19:08:53Z,doc_7ceb,doc_7ceb_chunk_0008,34,mistralai/Mistral-7B-Instruct-v0.3,"{
  ""terms"": [
    ""loadStop"",
    ""thresholds"",
    ""host"",
    ""queue"",
    ""load index"",
    ""greater than"",
    ""less than"",
    ""runtime resource usage limits"",
    ""hard limits"",
    ""soft limits"",
    ""resource allocation limits"",
    ""resource classes"",
    ""resource consumers"",
    ""resource release"",
    ""bsub"",
    ""bsub -R"",
    ""resource requirements"",
    ""candidate hosts"",
    ""host matching"",
    ""scheduling conditions""
  ]
}"
35,2026-02-03T19:09:00Z,doc_7ceb,doc_7ceb_chunk_0009,35,mistralai/Mistral-7B-Instruct-v0.3,"{
  ""terms"": [
    ""LSF"",
    ""job"",
    ""candidate hosts"",
    ""scheduling conditions"",
    ""load index values"",
    ""scheduling thresholds"",
    ""cluster characteristics"",
    ""cluster name"",
    ""cluster administrators"",
    ""lsfinstall"",
    ""install.config"",
    ""LSF_CONFDIR"",
    ""lsf.cluster.cluster_name"",
    ""Hosts"",
    ""cluster management host"",
    ""server hosts"",
    ""client-only hosts"",
    ""file systems"",
    ""directories"",
    ""files"",
    ""batch job"",
    ""user data""
  ]
}"
36,2026-02-03T19:09:06Z,doc_7ceb,doc_7ceb_chunk_0010,36,mistralai/Mistral-7B-Instruct-v0.3,"{
  ""terms"": [
    ""LSF"",
    ""copying user data"",
    ""execution host"",
    ""batch job"",
    ""UNIX"",
    ""Network File System (NFS)"",
    ""NFS file systems"",
    ""automount command"",
    ""Andrew File System (AFS)"",
    ""9.1.2 integration"",
    ""Distributed File System (DCE/DFS)"",
    ""Windows"",
    ""Windows server machine"",
    ""shared directories"",
    ""non-shared directories"",
    ""job output and error files"",
    ""shared file space"",
    ""fault tolerance""
  ]
}"
37,2026-02-03T19:09:12Z,doc_7ceb,doc_7ceb_chunk_0011,37,mistralai/Mistral-7B-Instruct-v0.3,"{
  ""terms"": [
    ""LSF"",
    ""UNIX"",
    ""Linux"",
    ""Microsoft Windows"",
    ""lsfinstall"",
    ""directory structures"",
    ""LSF_CONFDIR"",
    ""lsf.conf"",
    ""lsf.cluster.cluster_name"",
    ""lsf.shared"",
    ""LSB_CONFDIR"",
    ""cluster_name"",
    ""lsb.queues"",
    ""install.config"",
    ""configuration files"",
    ""root"",
    ""primary LSF administrator"",
    ""cluster users"",
    ""lsf.conf (most important file)""
  ]
}"
38,2026-02-03T19:09:17Z,doc_7ceb,doc_7ceb_chunk_0012,38,mistralai/Mistral-7B-Instruct-v0.3,"{
  ""terms"": [
    ""lsf.conf"",
    ""LSF_ENVDIR"",
    ""log directories"",
    ""libraries"",
    ""global configuration"",
    ""lsf.cluster.cluster_name"",
    ""host names"",
    ""models"",
    ""types"",
    ""LSF administrators"",
    ""shared resources"",
    ""lsf.shared"",
    ""keywords"",
    ""lsb.queues"",
    ""workload queues"",
    ""queue parameters"",
    ""LSF cluster configuration files"",
    ""primary LSF administrator"",
    ""cluster users""
  ]
}"
39,2026-02-03T19:09:26Z,doc_7ceb,doc_7ceb_chunk_0013,39,mistralai/Mistral-7B-Instruct-v0.3,"{
  ""terms"": [
    ""LSF"",
    ""cluster1"",
    ""ego.conf"",
    ""lsf.conf"",
    ""lsf.shared"",
    ""lsf.cluster.cluster1"",
    ""lsbatch"",
    ""lsb.users"",
    ""lsb.applicatons"",
    ""lsb.events"",
    ""lsb.acct"",
    ""LSF_LOGDIR"",
    ""lim.log.hosta"",
    ""res.log.hosta"",
    ""mbatchd.log.hosta"",
    ""mbschd.log.hosta"",
    ""sbatchd.log.hosta"",
    ""pim.log.hosta"",
    ""lsadmin"",
    ""badmin"",
    ""bsub"",
    ""lsrun"",
    ""bjobs"",
    ""bstop"",
    ""bresume"",
    ""b"
40,2026-02-03T19:09:33Z,doc_7ceb,doc_7ceb_chunk_0014,40,mistralai/Mistral-7B-Instruct-v0.3,"{
  ""terms"": [
    ""lsf.sudoers"",
    ""LSF"",
    ""LSF administrators"",
    ""lsadmin"",
    ""badmin"",
    ""lsadmin command"",
    ""badmin command"",
    ""lim daemons"",
    ""res daemons"",
    ""mbatchd daemons"",
    ""sbatchd daemons"",
    ""lsadmin command (controls lim and res daemons)"",
    ""badmin command (controls mbatchd and sbatchd daemons)"",
    ""multi-user cluster"",
    ""single-user cluster"",
    ""lsfinstall command"",
    ""lsadmin and badmin commands"",
    ""Troubleshooting LSF problems"",
    ""ownership"",
    ""permissions""
  ]
}"
41,2026-02-03T19:09:38Z,doc_7ceb,doc_7ceb_chunk_0015,41,mistralai/Mistral-7B-Instruct-v0.3,"{
  ""terms"": [
    ""lsadmin"",
    ""badmin"",
    ""Troubleshooting LSF problems"",
    ""lsf.sudoers"",
    ""Configure LSF Startup"",
    ""cshrc.lsf"",
    ""profile.lsf"",
    ""LSF_TOP"",
    ""sh"",
    ""ksh"",
    ""bash"",
    ""lsf host"",
    ""LSF daemons"",
    ""lsf cluster"",
    ""lsf environment"",
    ""LSF Cluster Management and Operations""
  ]
}"
42,2026-02-03T19:09:43Z,doc_7ceb,doc_7ceb_chunk_0016,42,mistralai/Mistral-7B-Instruct-v0.3,"{
  ""terms"": [
    ""lsadmin"",
    ""badmin"",
    ""bctrld"",
    ""start"",
    ""stop"",
    ""lim"",
    ""res"",
    ""sbd"",
    ""LSF"",
    ""daemons"",
    ""LSF server host"",
    ""primary LSF administrator"",
    ""configuration files"",
    ""reconﬁgure"",
    ""LSF cluster""
  ]
}"
43,2026-02-03T19:09:48Z,doc_7ceb,doc_7ceb_chunk_0017,43,mistralai/Mistral-7B-Instruct-v0.3,"{
  ""terms"": [
    ""root"",
    ""LSF server host"",
    ""primary LSF administrator"",
    ""lsadmin"",
    ""reconfig"",
    ""badmin"",
    ""mbdrestart"",
    ""LSF_LOGDIR"",
    ""lsb.events"",
    ""LSF administration commands"",
    ""cluster configuration"",
    ""cluster status"",
    ""LSF batch workload system configuration"",
    ""lsadmin command"",
    ""lsid command"",
    ""lsload command"",
    ""badmin command"",
    ""LSF batch system configuration""
  ]
}"
44,2026-02-03T19:09:54Z,doc_7ceb,doc_7ceb_chunk_0018,44,mistralai/Mistral-7B-Instruct-v0.3,"{
  ""terms"": [
    ""badmin"",
    ""bhosts"",
    ""bqueues"",
    ""LSF"",
    ""LSF Cluster Management"",
    ""LSF batch workload system"",
    ""lsadmin"",
    ""lsadmin ckconfig"",
    ""lsadmin command"",
    ""lsadmin ckconfig -v"",
    ""lsf.conf"",
    ""lim"",
    ""res"",
    ""advanced workload execution mode"",
    ""EGO_DISABLE_UNRESOLVABLE_HOST mode"",
    ""product entitlement version array"",
    ""EGO_AUDIT_MAX_SIZE""
  ]
}"
45,2026-02-03T19:10:01Z,doc_7ceb,doc_7ceb_chunk_0019,45,mistralai/Mistral-7B-Instruct-v0.3,"{
  ""terms"": [
    ""IBM Spectrum LSF"",
    ""Standard Edition"",
    ""EGO_AUDIT_MAX_SIZE"",
    ""100"",
    ""EGO_AUDIT_MAX_ROTATE"",
    ""20"",
    ""reCheckClass"",
    ""numhosts"",
    ""exchIntvl"",
    ""lsid"",
    ""lsload"",
    ""LSF_CONFDIR"",
    ""lsf.cluster.cluster_name"",
    ""Hosts"",
    ""cshrc.lsf"",
    ""profile.lsf"",
    ""LSF_ENVDIR"",
    ""Troubleshooting LSF problems""
  ]
}"
46,2026-02-03T19:10:09Z,doc_7ceb,doc_7ceb_chunk_0020,46,mistralai/Mistral-7B-Instruct-v0.3,"{
  ""terms"": [
    ""lsid"",
    ""cluster1"",
    ""hosta"",
    ""LSF_ENVDIR"",
    ""cshrc.lsf"",
    ""proﬁle.lsf"",
    ""Troubleshooting LSF problems"",
    ""lsload"",
    ""HOST_NAME"",
    ""status"",
    ""r15s"",
    ""r1m"",
    ""r15m"",
    ""ut"",
    ""pg"",
    ""ls"",
    ""tmp"",
    ""swp"",
    ""mem"",
    ""busy"",
    ""asterisk (*)"",
    ""minus sign (-)"",
    ""unavail"",
    ""bparams"",
    ""bhist"",
    ""badmin"",
    ""badmin ckconﬁg"",
    ""-v""
  ]
}"
47,2026-02-03T19:10:14Z,doc_7ceb,doc_7ceb_chunk_0021,47,mistralai/Mistral-7B-Instruct-v0.3,"{
  ""terms"": [
    ""bsub"",
    ""bjobs"",
    ""bhosts"",
    ""bqueues"",
    ""ckconfig"",
    ""badmin"",
    ""minit"",
    ""LIM"",
    ""cluster name"",
    ""Batch"",
    ""LSF"",
    ""9.1.3"",
    ""Troubleshooting LSF problems"",
    ""LSF Command Reference"",
    ""batch system status"",
    ""LSF daemons"",
    ""mbatchd"",
    ""starting LSF daemons""
  ]
}"
48,2026-02-03T19:10:22Z,doc_7ceb,doc_7ceb_chunk_0022,48,mistralai/Mistral-7B-Instruct-v0.3,"{
  ""terms"": [
    ""batch system daemon"",
    ""LSF problems"",
    ""bqueues command"",
    ""LSF queues"",
    ""bqueues"",
    ""PRIO"",
    ""STATUS"",
    ""MAX"",
    ""JL/U"",
    ""JL/P"",
    ""JL/H"",
    ""NJOBS"",
    ""PEND"",
    ""RUN"",
    ""SUSP"",
    ""QUEUE_NAME"",
    ""bqueues -l"",
    ""normal"",
    ""PRIO NICE"",
    ""STATUS"",
    ""MAX"",
    ""JL/U"",
    ""JL/P"",
    ""JL/H"",
    ""NJOBS"",
    ""PEND"",
    ""RUN"",
    ""SSUSP"",
    ""USUSP"",
    ""RSVP"",
    ""Interval"",
   "
49,2026-02-03T19:10:28Z,doc_7ceb,doc_7ceb_chunk_0023,49,mistralai/Mistral-7B-Instruct-v0.3,"{
  ""terms"": [
    ""bhist"",
    ""bsub"",
    ""lsrun"",
    ""bjobs"",
    ""bstop"",
    ""bresume"",
    ""bkill"",
    ""lsgrun"",
    ""LSF"",
    ""batch scheduler"",
    ""scheduling policies"",
    ""lsf.queues"",
    ""lim daemon"",
    ""execution scripts"",
    ""job commands"",
    ""executable applications"",
    ""job ID"",
    ""interactive tasks"",
    ""job submission options"",
    ""LSF commands"",
    ""application integration""
  ]
}"
50,2026-02-03T19:10:34Z,doc_7ceb,doc_7ceb_chunk_0024,50,mistralai/Mistral-7B-Instruct-v0.3,"{
  ""terms"": [
    ""LSF"",
    ""bsub"",
    ""job submission options"",
    ""default queue"",
    ""normal"",
    ""unique job ID"",
    ""queue"",
    ""short"",
    ""job command"",
    ""job output"",
    ""email"",
    ""user account"",
    ""standard output"",
    ""standard error"",
    ""files"",
    ""output.%J"",
    ""errors.%J"",
    ""jobs subdirectory"",
    ""home directory"",
    ""user1"",
    ""%J variable""
  ]
}"
51,2026-02-03T19:10:39Z,doc_7ceb,doc_7ceb_chunk_0025,51,mistralai/Mistral-7B-Instruct-v0.3,"{
  ""terms"": [
    ""%J"",
    ""job ID"",
    ""bsub"",
    ""-I"",
    ""-Ip"",
    ""-Is"",
    ""pseudo-terminal"",
    ""shell mode"",
    ""bjobs"",
    ""JOBID"",
    ""USER"",
    ""STATUS"",
    ""QUEUE"",
    ""FROM_HOST"",
    ""JOB_NAME"",
    ""SUBMIT_TIME"",
    ""email"",
    ""job completion"",
    ""PEND""
  ]
}"
52,2026-02-03T19:10:43Z,doc_7ceb,doc_7ceb_chunk_0026,52,mistralai/Mistral-7B-Instruct-v0.3,"{
  ""terms"": [
    ""bstop"",
    ""bresume"",
    ""bkill"",
    ""job ID"",
    ""USUSP"",
    ""RUN"",
    ""lsf commands"",
    ""bjobs"",
    ""Job"",
    ""user1"",
    ""normal"",
    ""hosta"",
    ""hostb"",
    ""sleep"",
    ""submit_time"",
    ""lsrun"",
    ""lsgrun""
  ]
}"
53,2026-02-03T19:10:50Z,doc_7ceb,doc_7ceb_chunk_0027,53,mistralai/Mistral-7B-Instruct-v0.3,"{
  ""terms"": [
    ""Job"",
    ""lsrun"",
    ""lsgrun"",
    ""ls"",
    ""cshrc.lsf"",
    ""hosts"",
    ""lsbatch"",
    ""lsf.conf"",
    ""lsf.shared"",
    ""profile.lsf"",
    ""lsrun -v -m"",
    ""hostname"",
    ""hosta"",
    ""hostb"",
    ""hostc"",
    ""lsgrun -v -m"",
    ""Wrapper shell scripts"",
    ""Wrapper binary executables"",
    ""Modifying existing application source code and interfaces"",
    ""bsub"",
    ""rusage"",
    ""abc_real""
  ]
}"
54,2026-02-03T19:10:55Z,doc_7ceb,doc_7ceb_chunk_0028,54,mistralai/Mistral-7B-Instruct-v0.3,"{
  ""terms"": [
    ""bsub"",
    ""-R"",
    ""resource requirement"",
    ""rusage"",
    ""Manage software licenses"",
    ""LSF API"",
    ""LSLIB"",
    ""LSBLIB"",
    ""wrapper binary"",
    ""wrapper shell script"",
    ""cshrc.lsf"",
    ""proﬁle.lsf"",
    ""users"",
    ""hosts"",
    ""queues"",
    ""lsfinstall"",
    ""lsf.cluster.cluster_name"",
    ""lsb.queues""
  ]
}"
55,2026-02-03T19:11:03Z,doc_7ceb,doc_7ceb_chunk_0029,55,mistralai/Mistral-7B-Instruct-v0.3,"{
  ""terms"": [
    ""lsb.queues"",
    ""LSF_CONFDIR"",
    ""cshrc.lsf"",
    ""proﬁle.lsf"",
    "".cshrc"",
    "".proﬁle"",
    ""LSF_TOP"",
    ""lsﬁnstall"",
    ""lsfinstall"",
    ""host"",
    ""cluster"",
    ""host types"",
    ""Linux system"",
    ""x86-64"",
    ""Kernel 2.6"",
    ""3.x"",
    ""lsf10.1.0_linux2.6-glibc2.3-x86_64.tar.Z"",
    ""IBM Passport Advantage"",
    ""LSF System Requirements"",
    ""YouTube"",
    ""IBM Education Assistant""
  ]
}"
56,2026-02-03T19:11:07Z,doc_7ceb,doc_7ceb_chunk_0030,56,mistralai/Mistral-7B-Instruct-v0.3,"{
  ""terms"": [
    ""LSF"",
    ""IBM Passport Advantage"",
    ""YouTube"",
    ""IBM Education Assistant"",
    ""cluster"",
    ""lsf.cluster.cluster_name"",
    ""install"",
    ""lsfinstall"",
    ""host type"",
    ""binary files"",
    ""installation script directory"",
    ""install.config"",
    ""options"",
    ""install.config file""
  ]
}"
57,2026-02-03T19:11:12Z,doc_7ceb,doc_7ceb_chunk_0031,57,mistralai/Mistral-7B-Instruct-v0.3,"{
  ""terms"": [
    ""install.config"",
    ""IBM Spectrum LSF"",
    ""lsfinstall"",
    ""lsf.cluster.cluster_name"",
    ""Host"",
    ""lsf_getting_started.html"",
    ""lsf_CONFDIR"",
    ""primary LSF administrator"",
    ""model"",
    ""type"",
    ""lim"",
    ""auto-detection"",
    ""default values"",
    ""experience"",
    ""information""
  ]
}"
58,2026-02-03T19:11:18Z,doc_7ceb,doc_7ceb_chunk_0032,58,mistralai/Mistral-7B-Instruct-v0.3,"{
  ""terms"": [
    ""LSF"",
    ""LSF server"",
    ""LSF client"",
    ""server"",
    ""client"",
    ""HOSTNAME"",
    ""model type"",
    ""r1m"",
    ""mem"",
    ""REXPRI"",
    ""hosta"",
    ""SUNSOL"",
    ""hostb"",
    ""LINUX"",
    ""hostc"",
    ""HPPA"",
    ""LSF_CONFDIR"",
    ""lsf.cluster.cluster_name"",
    ""lim"",
    ""reconfig"",
    ""restart LIM""
  ]
}"
59,2026-02-03T19:11:22Z,doc_7ceb,doc_7ceb_chunk_0033,59,mistralai/Mistral-7B-Instruct-v0.3,"{
  ""terms"": [
    ""LIMs"",
    ""hosta"",
    ""hostc"",
    ""hostd"",
    ""lsadmin"",
    ""reconﬁg"",
    ""restart"",
    ""unrecoverable errors"",
    ""configuration files"",
    ""mbatchd"",
    ""badmin"",
    ""reconﬁguration"",
    ""reconﬁg command""
  ]
}"
60,2026-02-03T19:11:28Z,doc_7ceb,doc_7ceb_chunk_0034,60,mistralai/Mistral-7B-Instruct-v0.3,"{
  ""terms"": [
    ""LSF"",
    ""unrecoverable errors"",
    ""hostsetup"",
    ""root"",
    ""/usr/share/lsf/cluster1/10.1.0/install"",
    ""./hostsetup"",
    ""--top"",
    ""--boot"",
    ""bctrld"",
    ""lim"",
    ""res"",
    ""sbd"",
    ""bhosts"",
    ""lshosts"",
    ""IBM Spectrum LSF"",
    ""Cluster Management and Operations"",
    ""host type"",
    ""host model""
  ]
}"
61,2026-02-03T19:11:34Z,doc_7ceb,doc_7ceb_chunk_0035,61,mistralai/Mistral-7B-Instruct-v0.3,"{
  ""terms"": [
    ""IBM Spectrum LSF"",
    ""Cluster Management and Operations"",
    ""Unknown host"",
    ""DEFAULT"",
    ""dynamic host configuration"",
    ""host type"",
    ""host model"",
    ""badmin"",
    ""hclose"",
    ""lsf.cluster.cluster_name"",
    ""management host"",
    ""badmin"",
    ""badmin hclose"",
    ""daemons"",
    ""Troubleshooting LSF problems"",
    ""configuration errors"",
    ""removing host"",
    ""closing host"",
    ""running jobs"",
    ""lsf.cluster""
  ]
}"
62,2026-02-03T19:11:39Z,doc_7ceb,doc_7ceb_chunk_0036,62,mistralai/Mistral-7B-Instruct-v0.3,"{
  ""terms"": [
    ""LSF_CONFDIR"",
    ""lsf.cluster"",
    ""cluster_name"",
    ""Host"",
    ""lsf.shared"",
    ""LSB_CONFDIR"",
    ""lsb.hosts"",
    ""lsb.queues"",
    ""lsb.resources"",
    ""lsadmin"",
    ""reconfig"",
    ""lsadmin reconfig"",
    ""checking configuration files"",
    ""No errors found"",
    ""restart LIM"",
    ""lim"",
    ""y"",
    ""n""
  ]
}"
63,2026-02-03T19:11:45Z,doc_7ceb,doc_7ceb_chunk_0037,63,mistralai/Mistral-7B-Instruct-v0.3,"{
  ""terms"": [
    ""reconﬁguration"",
    ""mbdrestart"",
    ""mbatchd"",
    ""badmin"",
    ""unrecoverable errors"",
    ""LSF daemons"",
    ""system startup"",
    ""LSF section"",
    ""host’s system startup files"",
    ""dynamic host conﬁguration"",
    ""cluster"",
    ""IBM Platform LSF Cluster Management and Operations"",
    ""removing hosts dynamically"",
    ""troubleshooting"",
    ""lsf_admin"",
    ""configuration errors""
  ]
}"
64,2026-02-03T19:11:51Z,doc_7ceb,doc_7ceb_chunk_0038,64,mistralai/Mistral-7B-Instruct-v0.3,"{
  ""terms"": [
    ""lsf_admin"",
    ""chap_troubleshooting_lsf"",
    ""html"",
    ""v3523448"",
    ""errors"",
    ""lsb.queues"",
    ""queue"",
    ""administrator"",
    ""cluster"",
    ""LSB_CONFDIR"",
    ""cluster_name"",
    ""conﬁgdir"",
    ""lsb.queues file"",
    ""new queue deﬁnition"",
    ""pending jobs"",
    ""running jobs"",
    ""badmin ckconﬁg"",
    ""badmin reconﬁg"",
    ""checking configuration files""
  ]
}"
65,2026-02-03T19:11:57Z,doc_7ceb,doc_7ceb_chunk_0039,65,mistralai/Mistral-7B-Instruct-v0.3,"{
  ""terms"": [
    ""badmin"",
    ""reconﬁg"",
    ""configuration files"",
    ""reconfiguration"",
    ""lsb.queues"",
    ""Troubleshooting LSF problems"",
    ""Command Reference"",
    ""Conﬁguration Reference"",
    ""QUEUE_NAME"",
    ""PRIORITY"",
    ""STACKLIMIT"",
    ""DESCRIPTION"",
    ""QJOB_LIMIT"",
    ""PJOB_LIMIT"",
    ""ut"",
    ""io"",
    ""USERS"",
    ""HOSTS"",
    ""NICE"",
    ""End Queue"",
    ""removing a queue""
  ]
}"
66,2026-02-03T19:12:01Z,doc_7ceb,doc_7ceb_chunk_0040,66,mistralai/Mistral-7B-Instruct-v0.3,"{
  ""terms"": [
    ""bqueues"",
    ""lsb.queues"",
    ""bswitch"",
    ""badmin"",
    ""queue"",
    ""pending jobs"",
    ""running jobs"",
    ""lost_and_found queue"",
    ""close queue"",
    ""primary administrator"",
    ""host"",
    ""cluster"",
    ""night""
  ]
}"
67,2026-02-03T19:12:08Z,doc_7ceb,doc_7ceb_chunk_0041,67,mistralai/Mistral-7B-Instruct-v0.3,"{
  ""terms"": [
    ""badmin"",
    ""qclose"",
    ""night"",
    ""Queue"",
    ""bswitch"",
    ""-q"",
    ""idle"",
    ""0"",
    ""bjobs"",
    ""-u"",
    ""all"",
    ""-q"",
    ""night"",
    ""JOBID"",
    ""USER"",
    ""STAT"",
    ""QUEUE"",
    ""FROM_HOST"",
    ""JOB_NAME"",
    ""SUBMIT_TIME"",
    ""LSB_CONFDIR"",
    ""cluster_name"",
    ""conﬁgdir"",
    ""lsb.queues"",
    ""badmin"",
    ""reconﬁg"",
    ""checking configuration files""
  ]
}"
68,2026-02-03T19:12:13Z,doc_7ceb,doc_7ceb_chunk_0042,68,mistralai/Mistral-7B-Instruct-v0.3,"{
  ""terms"": [
    ""badmin"",
    ""reconﬁg"",
    ""lsb.queues"",
    ""Configuration Reference"",
    ""Command Reference"",
    ""lsf.sudoers"",
    ""lsf.sudoers file"",
    ""LSF administrators"",
    ""LSF daemons"",
    ""LSF server host"",
    ""LSF cluster"",
    ""lsf.sudoers file (permissions)"",
    ""UNIX"",
    ""Linux"",
    ""LSF daemon startup control""
  ]
}"
69,2026-02-03T19:12:20Z,doc_7ceb,doc_7ceb_chunk_0043,69,mistralai/Mistral-7B-Instruct-v0.3,"{
  ""terms"": [
    ""LSF"",
    ""UNIX"",
    ""Linux"",
    ""lsf.sudoers"",
    ""LSF daemon"",
    ""lsf.sudoers file"",
    ""lsf_startup_users"",
    ""lsf_startup_path"",
    ""setuid bit"",
    ""root privileges"",
    ""lsf server daemons"",
    ""lim"",
    ""res"",
    ""sbatchd"",
    ""mbatchd"",
    ""mbschd"",
    ""lsf_confdir"",
    ""lsf_conf file"",
    ""hostsetup"",
    ""path"",
    ""lsf top-level installation directory"",
    ""file permission mode"",
    ""600""
  ]
}"
70,2026-02-03T19:12:28Z,doc_7ceb,doc_7ceb_chunk_0044,70,mistralai/Mistral-7B-Instruct-v0.3,"{
  ""terms"": [
    ""hostsetup"",
    ""LSF_TOP"",
    ""--top"",
    ""--setuid"",
    ""badmin"",
    ""lsadmin"",
    ""egosh"",
    ""utmpreg"",
    ""swtbl_api"",
    ""ntbl_api"",
    ""lstbl_nid"",
    ""swtbl_poe"",
    ""lsfrestart"",
    ""boot"",
    ""hostsetup command"",
    ""LSF daemons"",
    ""boot=y"",
    ""external LIM (ELIM)"",
    ""software licenses"",
    ""dynamic shared resources"",
    ""Host-based resources"",
    ""shared resources"",
    ""nodelocked software licenses"",
    ""networked floating software licenses"",
    ""shared file systems""
  ]
}"
71,2026-02-03T19:12:33Z,doc_7ceb,doc_7ceb_chunk_0045,71,mistralai/Mistral-7B-Instruct-v0.3,"{
  ""terms"": [
    ""Shared resources"",
    ""LSF hosts"",
    ""LSF"",
    ""batch"",
    ""interactive job execution"",
    ""dynamic resources"",
    ""software licenses"",
    ""Queue"",
    ""lsb.queues"",
    ""cluster"",
    ""lsf.cluster"",
    ""Resource"",
    ""lsf.shared"",
    ""ELIM"",
    ""External Load Information Manager"",
    ""shell script"",
    ""compiled binary program"",
    ""LSF_SERVERDIR"",
    ""elim"",
    ""misc/examples""
  ]
}"
72,2026-02-03T19:12:41Z,doc_7ceb,doc_7ceb_chunk_0046,72,mistralai/Mistral-7B-Instruct-v0.3,"{
  ""terms"": [
    ""ELIM"",
    ""LSF_SERVERDIR"",
    ""/usr/share/lsf/lsf/cluser1/10.1.0/sparc-sol2/etc/elim"",
    ""misc/examples"",
    ""lsf.shared"",
    ""license1"",
    ""license2"",
    ""Begin Resource"",
    ""RESOURCENAME"",
    ""TYPE"",
    ""INTERVAL"",
    ""INCREASING"",
    ""RELEASE"",
    ""End Resource"",
    ""Numeric"",
    ""Boolean"",
    ""String"",
    ""lsf.cluster"",
    ""LSF_CONFDIR"",
    ""ResourceMap"",
    ""RESOURCENAME"",
    ""LOCATION"",
    ""[all]"",
    ""ELIM management host""
  ]
}"
73,2026-02-03T19:12:47Z,doc_7ceb,doc_7ceb_chunk_0047,73,mistralai/Mistral-7B-Instruct-v0.3,"{
  ""terms"": [
    ""LOCATION"",
    ""RESOURCENAME"",
    ""all"",
    ""ELIM"",
    ""management host"",
    ""hosts"",
    ""external load indexes"",
    ""number_indexes"",
    ""index_name"",
    ""index_value"",
    ""LSF"",
    ""lim daemon"",
    ""LSF_SERVERDIR"",
    ""dynamic shared resources"",
    ""NUMLIC"",
    ""FLEXlm"",
    ""license server"",
    ""sed"",
    ""sleep"",
    ""resource names"",
    ""minus sign"",
    ""underscore""
  ]
}"
74,2026-02-03T19:12:56Z,doc_7ceb,doc_7ceb_chunk_0048,74,mistralai/Mistral-7B-Instruct-v0.3,"{
  ""terms"": [
    ""ELIM"",
    ""license1"",
    ""license2"",
    ""FLEXlm"",
    ""NUMLIC"",
    ""sed"",
    ""lsadmin"",
    ""badmin"",
    ""lsload"",
    ""HOST_NAME"",
    ""r15s"",
    ""r1m"",
    ""r15m"",
    ""ut"",
    ""pg"",
    ""io"",
    ""ls"",
    ""tmp"",
    ""swp"",
    ""mem"",
    ""bsub"",
    ""rusage"",
    ""duration"",
    ""QUEUE_NAME"",
    ""RES_REQ"",
    ""lsb.queues"",
    ""lsf.shared"",
    ""lsf.cluster.cluster_name"",
    ""External load indices"",
    ""Administering IBM® Spectrum LSF""
  ]
}"
75,2026-02-03T19:13:03Z,doc_7ceb,doc_7ceb_chunk_0049,75,mistralai/Mistral-7B-Instruct-v0.3,"{
  ""terms"": [
    ""LSF"",
    ""IBM Support"",
    ""incorrect installation"",
    ""configuration"",
    ""error log files"",
    ""log messages"",
    ""LSF_LOGDIR"",
    ""lsf.conf"",
    ""primary LSF administrator"",
    ""root"",
    ""/tmp"",
    ""lim.log.host_name"",
    ""res.log.host_name"",
    ""pim.log.host_name"",
    ""mbatchd.log.management_host"",
    ""mbschd.log.management_host"",
    ""sbatchd.log.management_host"",
    ""vemkd.log.management_host"",
    ""troubleshoot LSF problems"",
    ""general troubleshooting steps""
  ]
}"
76,2026-02-03T19:13:08Z,doc_7ceb,doc_7ceb_chunk_0050,76,mistralai/Mistral-7B-Instruct-v0.3,"{
  ""terms"": [
    ""lsadmin"",
    ""ckconfig"",
    ""bctrld"",
    ""lim"",
    ""res"",
    ""sbd"",
    ""ps"",
    ""lsf daemons"",
    ""lsf error logs"",
    ""Host"",
    ""LSF_CONFDIR"",
    ""lsf.cluster.cluster_name"",
    ""LSF_MASTER_LIST"",
    ""lsid"",
    ""LSF_ENVDIR"",
    ""lsf.conf""
  ]
}"
77,2026-02-03T19:13:14Z,doc_7ceb,doc_7ceb_chunk_0051,77,mistralai/Mistral-7B-Instruct-v0.3,"{
  ""terms"": [
    ""LSF"",
    ""LSF_ENVDIR"",
    ""lsf.conf"",
    ""/etc"",
    ""csrhc.lsf"",
    ""profile.lsf"",
    ""Setting up the LSF environment"",
    ""symbolic link"",
    ""/etc/lsf.conf"",
    ""LSF LIM daemon"",
    ""LIM dies quietly"",
    ""LIM configuration files"",
    ""lsadmin ckconﬁg -v"",
    ""lsload command"",
    ""Communication time out"",
    ""LIM initialization"",
    ""LIM communication""
  ]
}"
78,2026-02-03T19:13:18Z,doc_7ceb,doc_7ceb_chunk_0052,78,mistralai/Mistral-7B-Instruct-v0.3,"{
  ""terms"": [
    ""LIM"",
    ""configuration files"",
    ""LSF_SERVER_HOSTS"",
    ""lsf.conf"",
    ""LSF_MASTER_LIST"",
    ""Host"",
    ""lsload"",
    ""lshosts"",
    ""management host LIM"",
    ""/etc/hosts"",
    ""loopback IP address"",
    ""127.0.0.1""
  ]
}"
79,2026-02-03T19:13:26Z,doc_7ceb,doc_7ceb_chunk_0053,79,mistralai/Mistral-7B-Instruct-v0.3,"{
  ""terms"": [
    ""management host LIM"",
    ""/etc/hosts"",
    ""IPv6"",
    ""::1"",
    ""localhost"",
    ""ipv6-localhost"",
    ""ipv6-loopback"",
    ""fe00::0"",
    ""ipv6-localnet"",
    ""ff00::0"",
    ""ipv6-mcastprefix"",
    ""ff02::1"",
    ""ipv6-allnodes"",
    ""ff02::2"",
    ""ipv6-allrouters"",
    ""ff02::3"",
    ""ipv6-allhosts"",
    ""User permission denied"",
    ""RES error log"",
    ""LSF_AUTH"",
    ""lsf.conf"",
    ""inetd daemon"",
    ""setuid bit"",
    ""chmod 4755"",
    ""NFS-mounted file system"",
"
80,2026-02-03T19:13:33Z,doc_7ceb,doc_7ceb_chunk_0054,80,mistralai/Mistral-7B-Instruct-v0.3,"{
  ""terms"": [
    ""Inconsistent host names"",
    ""/etc/hosts"",
    ""/etc/hosts.equiv"",
    ""LSF_USE_HOSTEQUIV"",
    ""lsf.conf"",
    ""client host"",
    ""Windows hosts"",
    ""lspasswd"",
    ""passwords"",
    ""3 characters"",
    ""31 characters"",
    ""LSF_MASTER_LIST"",
    ""lsf.conf"",
    ""shared file system environment"",
    ""non-uniform file name space"",
    ""chdir(...)"",
    ""remote host"",
    ""symbolic links"",
    ""automount"",
    ""NIS""
  ]
}"
81,2026-02-03T19:13:39Z,doc_7ceb,doc_7ceb_chunk_0055,81,mistralai/Mistral-7B-Instruct-v0.3,"{
  ""terms"": [
    ""NIS"",
    ""IBM Support"",
    ""sbatchd"",
    ""mbatchd"",
    ""configuration files"",
    ""conﬁguration"",
    ""LSF batch daemons"",
    ""sbatchd daemon"",
    ""mbatchd daemon"",
    ""error logs"",
    ""badmin ckconﬁg command"",
    ""LSF administrator mailbox"",
    ""sbatchd starts"",
    ""mbatchd does not"",
    ""management host LIM"",
    ""LIM"",
    ""lim dies quietly"",
    ""lim communication times out"",
    ""Management host LIM is down"",
    ""lsid command"",
    ""LIM problems""
  ]
}"
82,2026-02-03T19:13:46Z,doc_7ceb,doc_7ceb_chunk_0056,82,mistralai/Mistral-7B-Instruct-v0.3,"{
  ""terms"": [
    ""LIM"",
    ""LIM dies quietly"",
    ""LIM communication times out"",
    ""Management host LIM is down"",
    ""services"",
    ""registered properly"",
    ""orphaned job processes"",
    ""LSF"",
    ""process groups"",
    ""application"",
    ""fork"",
    ""child"",
    ""parent"",
    ""process ID (PPID)"",
    ""PIM"",
    ""job RES"",
    ""root process group"",
    ""new process group"",
    ""prevention"",
    ""daemonizes"",
    ""mbatchd daemon"",
    ""lsb.hosts""
  ]
}"
83,2026-02-03T19:13:52Z,doc_7ceb,doc_7ceb_chunk_0057,83,mistralai/Mistral-7B-Instruct-v0.3,"{
  ""terms"": [
    ""mbatchd"",
    ""sbatchd"",
    ""lsb.hosts"",
    ""Host"",
    ""HostGroup"",
    ""HostPartition"",
    ""lsb.hosts file"",
    ""HostSection"",
    ""HOSTS definition"",
    ""queue"",
    ""lsb.queues file"",
    ""lsadmin"",
    ""badmin"",
    ""reconfig"",
    ""UNKNOWN host"",
    ""model"",
    ""type"",
    ""LIM"",
    ""lshosts"",
    ""HOST_NAME"",
    ""cpuf"",
    ""ncpus"",
    ""maxmem"",
    ""maxswp""
  ]
}"
84,2026-02-03T19:13:59Z,doc_7ceb,doc_7ceb_chunk_0058,84,mistralai/Mistral-7B-Instruct-v0.3,"{
  ""terms"": [
    ""lshosts"",
    ""HOST_NAME"",
    ""type"",
    ""model"",
    ""cpuf"",
    ""ncpus"",
    ""maxmem"",
    ""maxswp"",
    ""server"",
    ""RESOURCES"",
    ""hostA"",
    ""UNKNOWN"",
    ""Ultra2"",
    ""bctrld"",
    ""start"",
    ""lim"",
    ""LIM"",
    ""lsf"",
    ""cluster"",
    ""egosh"",
    ""ego"",
    ""ego start"",
    ""lsf.sudoers"",
    ""rsh"",
    ""DEFAULT"",
    ""lsf.shared"",
    ""lim"",
    ""binary incompatibility"",
    ""job migration""
  ]
}"
85,2026-02-03T19:14:07Z,doc_7ceb,doc_7ceb_chunk_0059,85,mistralai/Mistral-7B-Instruct-v0.3,"{
  ""terms"": [
    ""lim"",
    ""lshosts"",
    ""HOST_NAME"",
    ""type"",
    ""model"",
    ""cpuf"",
    ""ncpus"",
    ""maxmem"",
    ""maxswp"",
    ""server"",
    ""RESOURCES"",
    ""lsf.shared"",
    ""CPU factors"",
    ""efﬁcient"",
    ""binary incompatibility"",
    ""lshosts command"",
    ""Host Type"",
    ""Host Architecture"",
    ""Total NUMA Nodes"",
    ""Total Processors"",
    ""Total Cores"",
    ""Total Threads"",
    ""Matched Type"",
    ""Matched Architecture"",
    ""Matched Model"",
    ""CPU Factor""
  ]
}"
86,2026-02-03T19:14:14Z,doc_7ceb,doc_7ceb_chunk_0060,86,mistralai/Mistral-7B-Instruct-v0.3,"{
  ""terms"": [
    ""lim"",
    ""lim -t"",
    ""Host Type"",
    ""NTX64"",
    ""Host Architecture"",
    ""EM64T_1596"",
    ""Total NUMA Nodes"",
    ""Total Processors"",
    ""Total Cores"",
    ""Total Threads"",
    ""Matched Type"",
    ""Matched Architecture"",
    ""Matched Model"",
    ""Intel_EM64T"",
    ""CPU Factor"",
    ""lsf.shared"",
    ""HostType"",
    ""TYPENAME"",
    ""CRAYJ"",
    ""HostModel"",
    ""MODELNAME"",
    ""CPUFACTOR"",
    ""ARCHITECTURE"",
    ""lsadmin"",
    ""reconﬁg""
  ]
}"
87,2026-02-03T19:14:22Z,doc_7ceb,doc_7ceb_chunk_0061,87,mistralai/Mistral-7B-Instruct-v0.3,"{
  ""terms"": [
    ""lim"",
    ""host"",
    ""User permission denied"",
    ""NTP"",
    ""Network Time Protocol"",
    ""b* commands"",
    ""eauth"",
    ""token"",
    ""timestamp"",
    ""LSF daemons"",
    ""lsadmin ckconfig"",
    ""badmin ckconfig"",
    ""general errors"",
    ""can't open file"",
    ""error"",
    ""file permissions"",
    ""missing files"",
    ""lsf.conf file"",
    ""LSF daemons"",
    ""path names"",
    ""configuration files"",
    ""symbolic link"",
    ""file(line)"",
    ""malloc failed"",
    ""memory allocation"",
    ""available memory"",
    ""swap space"",
    ""auth_user"",
    ""getservbyname"",
    ""ident/tcp"",
    ""services database"",
    ""LS"
88,2026-02-03T19:14:28Z,doc_7ceb,doc_7ceb_chunk_0062,88,mistralai/Mistral-7B-Instruct-v0.3,"{
  ""terms"": [
    ""LSF_AUTH"",
    ""ident"",
    ""lsf.conf"",
    ""inetd.conf"",
    ""identd"",
    ""auth_user"",
    ""port_number"",
    ""setuid"",
    ""LSF_USE_HOSTEQUIV"",
    ""/etc/host.equiv"",
    "".rhosts"",
    ""init_AcceptSock"",
    ""res"",
    ""res/tcp"",
    ""lim"",
    ""lim/udp"",
    ""LSF Guide"",
    ""get_ports""
  ]
}"
89,2026-02-03T19:14:33Z,doc_7ceb,doc_7ceb_chunk_0063,89,mistralai/Mistral-7B-Instruct-v0.3,"{
  ""terms"": [
    ""LSF"",
    ""LSF Guide"",
    ""serv"",
    ""daemon"",
    ""RES"",
    ""lsadmin"",
    ""badmin"",
    ""Begin"",
    ""section name"",
    ""End"",
    ""section"",
    ""keyword"",
    ""section name"",
    ""Premature EOF"",
    ""values"",
    ""keys"",
    ""HostModel"",
    ""lsf.shared"",
    ""Resource"",
    ""HostType""
  ]
}"
90,2026-02-03T19:14:37Z,doc_7ceb,doc_7ceb_chunk_0064,90,mistralai/Mistral-7B-Instruct-v0.3,"{
  ""terms"": [
    ""HostModel"",
    ""Resource"",
    ""HostType"",
    ""lsf.shared"",
    ""file"",
    ""name"",
    ""index"",
    ""cluster"",
    ""cpuFactor"",
    ""maximum"",
    ""length"",
    ""character"",
    ""reserved"",
    ""previously defined"",
    ""illegal character""
  ]
}"
91,2026-02-03T19:14:43Z,doc_7ceb,doc_7ceb_chunk_0065,91,mistralai/Mistral-7B-Instruct-v0.3,"{
  ""terms"": [
    ""resource"",
    ""name"",
    ""illegal character"",
    ""LIM"",
    ""host"",
    ""port"",
    ""myhostname"",
    ""Gethostbyaddr_"",
    ""request"",
    ""unknown host"",
    ""daemon"",
    ""configuration files"",
    ""daemons"",
    ""reconfigure"",
    ""lsadmin"",
    ""lsf.shared"",
    ""load index"",
    ""ELIM"",
    ""lsf.cluster"",
    ""bctrld"",
    ""lim"",
    ""lim daemon"",
    ""saveIndx""
  ]
}"
92,2026-02-03T19:14:50Z,doc_7ceb,doc_7ceb_chunk_0066,92,mistralai/Mistral-7B-Instruct-v0.3,"{
  ""terms"": [
    ""lsf.shared"",
    ""LIM"",
    ""ELIM"",
    ""saveIndx"",
    ""name"",
    ""cc"",
    ""num"",
    ""RES"",
    ""REX"",
    ""lsf.conf"",
    ""uid"",
    ""doacceptconn"",
    ""username"",
    ""host"",
    ""port"",
    ""authRequest"",
    ""clname"",
    ""clhost"",
    ""lname"",
    ""resControl"",
    ""respath"",
    ""X_OK"",
    ""mbatchd"",
    ""sbatchd"",
    ""jobId"",
    ""renewJob"",
    ""re-runnable job"",
    ""from"",
    ""to""
  ]
}"
93,2026-02-03T19:14:57Z,doc_7ceb,doc_7ceb_chunk_0067,93,mistralai/Mistral-7B-Instruct-v0.3,"{
  ""terms"": [
    ""mbatchd"",
    ""sbatchd"",
    ""jobId"",
    ""renewJob"",
    ""from"",
    ""to"",
    ""error"",
    ""logJobInfo_"",
    ""logdir"",
    ""info"",
    ""jobfile"",
    ""data"",
    ""pos"",
    ""rmLogJobInfo"",
    ""queue"",
    ""lost_and_found"",
    ""replay_startjob"",
    ""host"",
    ""host_name"",
    ""host_addr"",
    ""do_restartReq"",
    ""LSF"",
    ""LIM"",
    ""LSF command messages"",
    ""LSF_LIM_API_NTRIES"",
    ""lsf.conf""
  ]
}"
94,2026-02-03T19:15:06Z,doc_7ceb,doc_7ceb_chunk_0068,94,mistralai/Mistral-7B-Instruct-v0.3,"{
  ""terms"": [
    ""LSF_LIM_API_NTRIES"",
    ""LSF"",
    ""EGO"",
    ""LSF_LIM_API_NTRIES parameter"",
    ""LSB_API_VERBOSE"",
    ""lsf.conf"",
    ""mbatchd daemon"",
    ""connect() system call"",
    ""LSB_MBD_PORT"",
    ""LSB_QUERY_PORT"",
    ""LSF is down"",
    ""LSF batch commands"",
    ""batch command client messages"",
    ""point of failure"",
    ""possible reason"",
    ""Error message output"",
    ""Establishing a connection with the mbatchd daemon"",
    ""mbatchd daemon is too busy"",
    ""mbatchd daemon is down"",
    ""no process is listening"",
    ""cannot communicate with the mbatchd daemon"",
    ""bj"
95,2026-02-03T19:15:12Z,doc_7ceb,doc_7ceb_chunk_0069,95,mistralai/Mistral-7B-Instruct-v0.3,"{
  ""terms"": [
    ""bjobs"",
    ""LSF"",
    ""connect"",
    ""socket"",
    ""system call"",
    ""client side"",
    ""mbatchd daemon"",
    ""send/receive handshake message"",
    ""mbatchd busy"",
    ""client times out"",
    ""request"",
    ""read()/write()"",
    ""internal library error"",
    ""EGO command messages"",
    ""egosh command"",
    ""LSF_ENABLE_EGO"",
    ""lsf.conf"",
    ""ego.conf"",
    ""vemkd daemon""
  ]
}"
96,2026-02-03T19:15:15Z,doc_7ceb,doc_7ceb_chunk_0070,96,mistralai/Mistral-7B-Instruct-v0.3,"{
  ""terms"": [
    ""EGO"",
    ""command messages"",
    ""egosh"",
    ""lsf.conf"",
    ""LSF_ENABLE_EGO"",
    ""N"",
    ""ego.conf"",
    ""vemkd daemon"",
    ""vemkd""
  ]
}"
97,2026-02-03T19:15:20Z,doc_84a2,doc_84a2_chunk_0001,97,mistralai/Mistral-7B-Instruct-v0.3,"{
  ""terms"": [
    ""LSF"",
    ""fix pack level"",
    ""LSF_ENVDIR_old"",
    ""LSF_ENVDIR_new"",
    ""ego.cluster"",
    ""ego.shared"",
    ""lsf.conf"",
    ""passwd.lsfuser"",
    ""LSB_CONFDIR_old"",
    ""LSB_CONFDIR_new"",
    ""configdir"",
    ""batch configuration files"",
    ""cluster_name"",
    ""directory structure changes""
  ]
}"
98,2026-02-03T19:15:25Z,doc_84a2,doc_84a2_chunk_0002,98,mistralai/Mistral-7B-Instruct-v0.3,"{
  ""terms"": [
    ""LSB_CONFDIR"",
    ""cluster_name"",
    ""configdir"",
    ""LSB_SHAREDIR"",
    ""EGO"",
    ""EGO consumer tree"",
    ""EGO resource group"",
    ""EGO users"",
    ""EGO XML configuration files"",
    ""EGO_CONFDIR"",
    ""EGO password file"",
    ""EGO_WORKDIR"",
    ""lsfstartup"",
    ""queues"",
    ""activate"",
    ""original cluster""
  ]
}"
99,2026-02-03T19:15:29Z,doc_84a2,doc_84a2_chunk_0003,99,mistralai/Mistral-7B-Instruct-v0.3,"{
  ""terms"": [
    ""badmin"",
    ""qact"",
    ""all"",
    ""LSF"",
    ""IBM Spectrum LSF"",
    ""Run"",
    ""monitor"",
    ""control"",
    ""jobs"",
    ""submitted"",
    ""LSF.Run"",
    ""Working with jobs"",
    ""Monitoring jobs""
  ]
}"
100,2026-02-03T19:15:37Z,doc_84a2,doc_84a2_chunk_0004,100,mistralai/Mistral-7B-Instruct-v0.3,"{
  ""terms"": [
    ""IBM Spectrum LSF"",
    ""jobs"",
    ""working"",
    ""monitoring""
  ]
}

Additional terms that could be extracted from the provided text:

- ""Submitting jobs"" (from ""Working with jobs"")
- ""bsub"" (from ""Submitting jobs"")
- ""bjobs"" (from ""Monitoring jobs"")
- ""lsload"" (from ""Monitoring jobs"")
- ""lsb.queues"" (from ""Queue policies are configured in lsb.queues"")
- ""lsf.cluster"" (from ""cluster settings in lsf.cluster"")
- ""Job"" (implied concept from ""jobs"")
- ""Submission"" (implied concept from ""Submitting jobs"")
- ""Monitoring"" (implied concept from ""Monitoring jobs"")

However, these terms were not explicitly mentioned in the provided text, so they were not"
101,2026-02-03T19:15:42Z,doc_d9be,doc_d9be_chunk_0001,101,mistralai/Mistral-7B-Instruct-v0.3,"{
  ""terms"": [
    ""Slurm"",
    ""CPU Management"",
    ""User"",
    ""Administrator"",
    ""Step 1"",
    ""Selection of Nodes"",
    ""slurmctld"",
    ""select plugin"",
    ""SelectType"",
    ""select/linear"",
    ""select/cons_tres"",
    ""SelectTypeParameters"",
    ""slurm.conf"",
    ""NodeName"",
    ""PartitionName"",
    ""partition""
  ]
}"
102,2026-02-03T19:15:50Z,doc_d9be,doc_d9be_chunk_0002,102,mistralai/Mistral-7B-Instruct-v0.3,"{
  ""terms"": [
    ""Partition"",
    ""Nodes"",
    ""OverSubscribe"",
    ""MaxNodes"",
    ""SlurmdParameters"",
    ""config_overrides"",
    ""SelectType"",
    ""SelectTypeParameters"",
    ""CR_CPU"",
    ""CR_CPU_Memory"",
    ""CR_Core"",
    ""CR_Core_Memory"",
    ""CR_Socket"",
    ""CR_Socket_Memory"",
    ""srun"",
    ""salloc"",
    ""sbatch"",
    ""-B"",
    ""--extra-node-info"",
    ""-C"",
    ""--constraint"",
    ""--contiguous"",
    ""--cores-per-socket"",
    ""-c"",
    ""--cpus-per-task"",
    ""--exclusive"",
    ""--nodefile"",
    ""--hint"",
    ""--mincpus"",
    ""-N"",
    ""--nodes"",
    ""-n"
103,2026-02-03T19:15:56Z,doc_d9be,doc_d9be_chunk_0003,103,mistralai/Mistral-7B-Instruct-v0.3,"{
  ""terms"": [
    ""SelectType"",
    ""cons_tres"",
    ""block allocation"",
    ""cyclic allocation"",
    ""slurmctld"",
    ""select plugin"",
    ""slurm.conf"",
    ""NodeName"",
    ""node"",
    ""boards"",
    ""sockets"",
    ""cores"",
    ""threads"",
    ""processors"",
    ""logical CPUs"",
    ""PartitionName"",
    ""partition"",
    ""Nodes"",
    ""OverSubscribe"",
    ""MaxNodes"",
    ""SlurmdParameters"",
    ""config_overrides""
  ]
}"
104,2026-02-03T19:16:04Z,doc_d9be,doc_d9be_chunk_0004,104,mistralai/Mistral-7B-Instruct-v0.3,"{
  ""terms"": [
    ""SlurmdParameters"",
    ""config_overrides"",
    ""SelectType"",
    ""CR_CPU"",
    ""CR_CPU_Memory"",
    ""CR_Core"",
    ""CR_Core_Memory"",
    ""CR_Socket"",
    ""CR_Socket_Memory"",
    ""-B"",
    ""--extra-node-info"",
    ""-C"",
    ""--constraint"",
    ""--contiguous"",
    ""--cores-per-socket"",
    ""-c"",
    ""--cpus-per-task"",
    ""--distribution"",
    ""--exclusive"",
    ""--nodefile"",
    ""--hint"",
    ""--mincpus"",
    ""-N"",
    ""--nodes"",
    ""-n"",
    ""--ntasks"",
    ""--ntasks-per-core"",
    ""Step 2"",
    ""Step 3"",
    ""slurmctld"",
"
105,2026-02-03T19:16:12Z,doc_d9be,doc_d9be_chunk_0005,105,mistralai/Mistral-7B-Instruct-v0.3,"{
  ""terms"": [
    ""srun"",
    ""salloc"",
    ""sbatch"",
    ""Step 3"",
    ""Command line option"",
    ""--distribution"",
    ""-mblock"",
    ""cyclic"",
    ""arbitrary"",
    ""plane"",
    ""--ntasks-per-core"",
    ""--ntasks-per-socket"",
    ""--ntasks-per-node"",
    ""-r"",
    ""--relative"",
    ""Step 4"",
    ""TaskPlugins"",
    ""cgroup.conf"",
    ""ConstrainCores"",
    ""--cpu-bind"",
    ""--ntasks-per-core"",
    ""--distribution"",
    ""task affinity"",
    ""task/CPU binding"",
    ""cpu allocation"",
    ""cpu allocation (Step 2)"",
    ""task affinity/binding (Step 4)""
  ]
}"
106,2026-02-03T19:16:19Z,doc_d9be,doc_d9be_chunk_0006,106,mistralai/Mistral-7B-Instruct-v0.3,"{
  ""terms"": [
    ""scontrol"",
    ""job"",
    ""option"",
    ""--details"",
    ""nodes"",
    ""CPU ids"",
    ""Slurm"",
    ""abstract CPU ids"",
    ""Linux/hardware CPU ids"",
    ""/proc/cpuinfo"",
    ""pid"",
    ""cat"",
    ""grep"",
    ""Cpus_allowed_list"",
    ""task"",
    ""cpu-bind"",
    ""verbose"",
    ""slurm.conf"",
    ""node definitions"",
    ""logical CPUs"",
    ""physical CPUs"",
    ""abstract CPU numbers"",
    ""machine CPU numbers""
  ]
}"
107,2026-02-03T19:16:23Z,doc_d9be,doc_d9be_chunk_0007,107,mistralai/Mistral-7B-Instruct-v0.3,"{
  ""terms"": [
    ""Slurm Accounting"",
    ""CPU management"",
    ""CPU usage"",
    ""sacctmgr"",
    ""srun"",
    ""ThreadsPerCore"",
    ""Procs"",
    ""State"",
    ""PartitionName"",
    ""Nodes"",
    ""OverSubscribe"",
    ""Default"",
    ""State"",
    ""cons_tres plugin"",
    ""SelectType"",
    ""select/linear"",
    ""cores"",
    ""tasks""
  ]
}"
108,2026-02-03T19:16:29Z,doc_d9be,doc_d9be_chunk_0008,108,mistralai/Mistral-7B-Instruct-v0.3,"{
  ""terms"": [
    ""SelectType"",
    ""consumable resources"",
    ""cores"",
    ""CPUs"",
    ""tasks"",
    ""overcommitment"",
    ""node"",
    ""default partition"",
    ""srun"",
    ""--nodes"",
    ""--ntasks"",
    ""--cpus-per-task"",
    ""allocation"",
    ""fragmentation"",
    ""minimization"",
    ""SelectTypeParameters"",
    ""CR_Core"",
    ""CR_CORE_DEFAULT_DIST_BLOCK"",
    ""slurm.conf"",
    ""block""
  ]
}"
109,2026-02-03T19:16:36Z,doc_d9be,doc_d9be_chunk_0009,109,mistralai/Mistral-7B-Instruct-v0.3,"{
  ""terms"": [
    ""CR_CORE_DEFAULT_DIST_BLOCK"",
    ""SelectType"",
    ""SelectTypeParameters"",
    ""slurm.conf"",
    ""slurmdbd"",
    ""node"",
    ""socket"",
    ""CPUs"",
    ""tasks"",
    ""distribution"",
    ""cyclic"",
    ""consumable resources"",
    ""SelectType=select/cons_tres"",
    ""SelectTypeParameters=CR_Core"",
    ""srun"",
    ""--nodes"",
    ""--ntasks-per-node"",
    ""--distribution"",
    ""--ntasks"",
    ""--cpus-per-task"",
    ""plane distribution"",
    ""plane=2"",
    ""partition""
  ]
}"
110,2026-02-03T19:16:44Z,doc_d9be,doc_d9be_chunk_0010,110,mistralai/Mistral-7B-Instruct-v0.3,"Example 7:
{
  ""terms"": [
    ""srun"",
    ""--nodes"",
    ""--ntasks"",
    ""--overcommit"",
    ""CPUs"",
    ""tasks"",
    ""job"",
    ""allocated CPUs"",
    ""distribution"",
    ""Node"",
    ""nodenamen0n1n2""
  ]
}

Example 8:
{
  ""terms"": [
    ""srun"",
    ""--nodes"",
    ""--nodelist"",
    ""--ntasks"",
    ""--oversubscribe"",
    ""CPUs"",
    ""tasks"",
    ""job"",
    ""allocated CPUs"",
    ""distribution"",
    ""Node"",
    ""nodenamen0"",
    ""partition definition"",
    ""OverSubscribe""
  ]
}"
111,2026-02-03T19:16:51Z,doc_d9be,doc_d9be_chunk_0011,111,mistralai/Mistral-7B-Instruct-v0.3,"{
  ""terms"": [
    ""OverSubscribe"",
    ""partition"",
    ""srun"",
    ""--oversubscribe"",
    ""CPU"",
    ""8 tasks"",
    ""node"",
    ""n3"",
    ""SelectType"",
    ""SelectTypeParameters"",
    ""CR_CPU"",
    ""--hint"",
    ""nomultithread"",
    ""socket"",
    ""Core"",
    ""CPU id"",
    ""allocated CPUs"",
    ""default partition"",
    ""default allocation method"",
    ""cyclic"",
    ""task affinity"",
    ""core binding"",
    ""srun --nodes"",
    ""cpu-bind"",
    ""socket binding"",
    ""socket id"",
    ""task distribution"",
    ""binding of tasks to CPUs""
  ]
}"
112,2026-02-03T19:16:57Z,doc_d9be,doc_d9be_chunk_0012,112,mistralai/Mistral-7B-Instruct-v0.3,"{
  ""terms"": [
    ""Nodenamen"",
    ""Socket id"",
    ""Allocated CPUs"",
    ""Allocated CPU ids"",
    ""Binding of Tasks to CPUs"",
    ""CPU id"",
    ""Task ids"",
    ""slurm"",
    ""srun"",
    ""--nodes"",
    ""--ntasks"",
    ""--cpus-per-task"",
    ""--cpu-bind"",
    ""--distribution"",
    ""block"",
    ""block:block"",
    ""block:cyclic"",
    ""allocation"",
    ""distribution"",
    ""binding"",
    ""socket binding""
  ]
}"
113,2026-02-03T19:17:05Z,doc_d9be,doc_d9be_chunk_0013,113,mistralai/Mistral-7B-Instruct-v0.3,"{
  ""terms"": [
    ""srun"",
    ""--nodes"",
    ""--ntasks"",
    ""--cpus-per-task"",
    ""--cpu-bind"",
    ""--distribution"",
    ""block"",
    ""cyclic"",
    ""socket"",
    ""task affinity"",
    ""allocation"",
    ""distribution"",
    ""binding"",
    ""CR_CORE_DEFAULT_DIST_BLOCK"",
    ""partition"",
    ""default partition"",
    ""CR_CORE_DEFAULT_DIST_BLOCK"",
    ""CR_CORE_BIND_TYPE"",
    ""CR_CORE_BIND_CORES""
  ]
}

{
  ""terms"": [
    ""srun"",
    ""--nodes"",
    ""--ntasks"",
    ""--ntasks-per-node"",
    ""--distribution"",
    ""cyclic:block"",
    ""CPU"",
    ""task"
114,2026-02-03T19:17:13Z,doc_d9be,doc_d9be_chunk_0014,114,mistralai/Mistral-7B-Instruct-v0.3,"{
  ""terms"": [
    ""Slurm"",
    ""CPUs"",
    ""node"",
    ""socket"",
    ""--distribution"",
    ""cyclic:block"",
    ""task"",
    ""allocation"",
    ""distribution"",
    ""binding"",
    ""slurm.conf"",
    ""SelectType"",
    ""SelectTypeParameters"",
    ""TaskPlugin"",
    ""consumable resources"",
    ""performance"",
    ""default partition"",
    ""CR_Core"",
    ""CR_CORE_DEFAULT_DIST_BLOCK"",
    ""srun"",
    ""--ntasks"",
    ""--cpus-per-task"",
    ""--ntasks-per-node"",
    ""--cpu-bind"",
    ""SelectType"",
    ""allocated CPUs"",
    ""TaskPlugin"",
    ""socket id"",
    ""Nodenames""
  ]
}

{
  ""terms"
115,2026-02-03T19:17:21Z,doc_d9be,doc_d9be_chunk_0015,115,mistralai/Mistral-7B-Instruct-v0.3,"{
  ""terms"": [
    ""SelectType"",
    ""cons_tres"",
    ""CR_Core"",
    ""TaskPlugin"",
    ""cgroup"",
    ""cgroup.conf"",
    ""ConstrainCores"",
    ""srun"",
    ""--nodes"",
    ""--ntasks"",
    ""default partition"",
    ""slurm.conf"",
    ""SelectTypeParameters"",
    ""task/cgroup plugin"",
    ""block method"",
    ""socket"",
    ""Socket id"",
    ""Number of Allocated CPUs"",
    ""Allocated CPU ids"",
    ""Binding of Tasks to CPUs"",
    ""Task id"",
    ""TaskPlugin"",
    ""task/affinity"",
    ""task/cgroup plugin"",
    ""task distribution options""
  ]
}"
116,2026-02-03T19:17:23Z,doc_d9be,doc_d9be_chunk_0016,116,mistralai/Mistral-7B-Instruct-v0.3,"{
  ""terms"": [
    ""task"",
    ""affinity"",
    ""Last"",
    ""modified"",
    ""04"",
    ""January"",
    ""2024"",
    ""task/affinity""
  ]
}"
